stop_id,latitude,longitude
123000689,37.5189440000,127.0847780000
104000315,37.5286945000,127.0664722000
103000517,37.5387500000,127.0180556000
122000752,37.5268056000,127.0163611000
118000622,37.5290000000,126.9346389000
113000513,37.5545000000,126.8946111000
115000952,37.5751389000,126.8441111000
103000519,37.5377576735,127.0411829013
100000001,37.5698055407,126.9877522923
100000002,37.5794329320,126.9965206101
100000003,37.5825800121,126.9982508372
100000004,37.5685792736,126.9876130976
100000005,37.5862430000,127.0017440000
101000305,37.5661370000,126.9668930000
100000380,37.5691350000,126.9703800000
100000379,37.5695119837,126.9707589959
100000384,37.5701416811,126.9763534416
100000385,37.5702396638,126.9778802991
100000386,37.5701482455,126.9810660928
100000387,37.5702710116,126.9816283242
100000388,37.5701723774,126.9849902588
100000389,37.5702378859,126.9865353674
100000390,37.5702088889,126.9893256464
100000391,37.5703605443,126.9899877751
100000392,37.5705069968,126.9947218896
100000393,37.5706350020,126.9953957390
100000394,37.5707860047,126.9990604685
100000395,37.5709301670,126.9996038113
100000396,37.5710111729,127.0044627880
100000397,37.5711272339,127.0057137364
100000398,37.5724475360,127.0138159480
100000365,37.5721524474,127.0124191046
100000366,37.5738321574,127.0186102731
100000367,37.5742464626,127.0195527812
100000006,37.5875502159,126.9693634554
100000007,37.5832955233,126.9702626865
100000008,37.5871907861,126.9697701102
100000009,37.5851600316,126.9708802468
100000010,37.5878105790,126.9726741314
100000011,37.5921866176,126.9671261805
100000012,37.5923353152,126.9671906625
100000013,37.5884219586,126.9722631304
100000014,37.5850633028,126.9714039185
100000015,37.5803257033,126.9710500404
100000016,37.5805132118,126.9713851083
100000017,37.5830910430,126.9706209712
100000018,37.5751355316,126.9679907155
100000019,37.5761614873,126.9714158133
100000020,37.5770401440,126.9721994292
100000021,37.5776713863,126.9722828893
100000022,37.5755767894,126.9787471496
100000023,37.5723209262,126.9774162769
100000415,37.5789303855,126.9739817664
100000025,37.5700448348,126.9764072400
100000028,37.5700230000,126.9712480000
100000029,37.5703368912,126.9728386477
100000030,37.5703650000,126.9758370000
100000031,37.5736489318,126.9769975778
100000032,37.5757446636,126.9714842989
100000033,37.5748553458,126.9681889610
100000034,37.5695035518,126.9768637419
100000035,37.5757693863,126.9819722460
100000036,37.5760695565,126.9839957858
100000037,37.6046629766,126.9608880061
100000038,37.6025022799,126.9612198463
100000039,37.6004770909,126.9582921267
100000040,37.5994133537,126.9585702250
100000041,37.5981330665,126.9617068235
100000042,37.5955935123,126.9636434993
100000043,37.5927670827,126.9642221989
100000044,37.5927861733,126.9651419211
100000045,37.5955575712,126.9639775924
100000046,37.5981476478,126.9622153080
100000047,37.5996163318,126.9592405649
100000048,37.6006470965,126.9591557980
100000049,37.6022680671,126.9614328894
100000051,37.6048461618,126.9611926889
100000053,37.6115844138,126.9563059978
100000054,37.6100355035,126.9564575503
100000055,37.6086098941,126.9562103294
100000056,37.6083054034,126.9564166508
100000057,37.6069644475,126.9585297928
100000058,37.6070088003,126.9591017479
100000059,37.6114800000,126.9564820000
100000060,37.6043709709,126.9635350292
100000061,37.6053223656,126.9660432906
100000062,37.6066073749,126.9695663093
100000063,37.6088723554,126.9729237379
100000064,37.6103897208,126.9763156152
100000065,37.6102480000,126.9766520000
100000066,37.6081900000,126.9727970000
100000067,37.6065170000,126.9700000000
100000068,37.6057787606,126.9676276108
100000069,37.6045038178,126.9648102665
100000376,37.5681459270,126.9686004828
100000072,37.5733950000,126.9593220000
100000073,37.5680590000,126.9647050000
100000368,37.5671081521,126.9675878497
100000075,37.5713430165,126.9614303112
100000076,37.5775405746,126.9885394479
100000077,37.5692639006,126.9800947893
100000078,37.5686843890,126.9849267193
100000079,37.5684453156,126.9908172161
100000080,37.5689254028,126.9965617399
100000081,37.5694512793,126.9997973605
100000102,37.5745325055,126.9973383362
100000103,37.5772726542,126.9889538872
100000104,37.5757989790,126.9841344381
100000105,37.5725223095,126.9831555803
100000106,37.5724858087,126.9828258888
100000107,37.5746105669,126.9827201116
100000108,37.5745000000,127.0022300000
100000109,37.5728790133,127.0021442279
100000414,37.5774327721,126.9912349770
100000116,37.5705596025,127.0021826522
100000117,37.5698351103,127.0028494203
100000118,37.5717262368,127.0084126252
100000119,37.5740223509,127.0062788120
100000121,37.5744602778,127.0063433807
100000122,37.5759104142,127.0008065808
100000123,37.5780430000,127.0024370000
100000124,37.5811194873,127.0022769364
100000125,37.5809559696,127.0018481852
100000126,37.5777889737,127.0019782952
100000127,37.5761193550,127.0006951494
100000128,37.5788279947,126.9968717143
100000129,37.5759372914,127.0032708172
100000130,37.5855803307,127.0006878052
100000131,37.5834170764,126.9993412723
100000132,37.5840306853,127.0014608831
100000133,37.5845329425,127.0015561579
100000135,37.5740926792,127.0155555279
100000139,37.5716849566,127.0156014431
100000140,37.5719221488,127.0159450485
101000307,37.5684809008,126.9878778705
100000142,37.5784130000,127.0151780000
100000143,37.5786281555,127.0154557816
100000144,37.5741800523,127.0158023517
100000147,37.5756947252,127.0228414296
100000364,37.5736431148,127.0175234975
100000150,37.6096820000,126.9566220000
100000151,37.5694963125,126.9977437946
100000153,37.5725807445,126.9974787875
100000154,37.5699003386,126.9721318077
100000155,37.5686887917,126.9937793705
100000156,37.5699303868,127.0080377075
100000157,37.5700419608,127.0130967122
100000158,37.5708949889,127.0181256262
100000159,37.5757617378,126.9981123217
100000165,37.5742721533,127.0204373408
100000169,37.5728003380,126.9831609226
100000174,37.5733655664,126.9770167126
100000179,37.5762570000,127.0029550000
100000180,37.6014170000,126.9551430000
100000181,37.6127234824,126.9559729686
100000419,37.5767095050,126.9743023448
100000188,37.5994435122,126.9597921957
100000189,37.5995718125,126.9581941404
100000190,37.5724174899,127.0065911394
100000191,37.5742548131,127.0231950517
100000192,37.5683454305,126.9869890809
100000193,37.5721307298,127.0227870051
100000355,37.6111800895,126.9787981475
100000370,37.5763329308,126.9855365486
100000369,37.5764140065,126.9848871214
100000371,37.5772280879,126.9890031166
100000413,37.5713191723,126.9874286375
100900047,37.6056812180,126.9668167021
100900178,37.5882276807,126.9816468946
100900041,37.5820813834,126.9644678921
100900040,37.5909483783,126.9928636796
100900197,37.5877854691,126.9967901477
100900044,37.5663370645,126.9663939394
100900039,37.5804037213,127.0087215681
100900037,37.5814109836,126.9893670844
100900036,37.6048011982,126.9648837454
100900035,37.5866398268,126.9816582681
100900034,37.5809967425,126.9666034780
100900032,37.5903095275,126.9932227051
100900031,37.5890715947,126.9972902593
100900029,37.6049806084,126.9652007897
100900188,37.5673466781,126.9654449300
100900202,37.5893663808,126.9895693660
100900026,37.5829872180,126.9890634276
100900025,37.6042522792,126.9614907597
100900024,37.5842638281,126.9819071619
100900020,37.5804417494,126.9684956941
100900021,37.5897914226,126.9936043615
100900017,37.5897456349,126.9988619666
100900016,37.6070621164,126.9622629001
100900015,37.5687871134,126.9640686009
100900013,37.5812647965,127.0127581151
100900045,37.5875948053,126.9859476734
100900011,37.5830805530,126.9878088426
100900009,37.5717928476,126.9976709493
100900007,37.5818136620,126.9812510491
100900005,37.5794046150,126.9696088803
100900046,37.5885110529,126.9952543092
100900003,37.5872532276,126.9998516643
100900072,37.6079803769,126.9624312007
100900071,37.5700818569,126.9627388724
100900070,37.5821062067,127.0145562810
100900069,37.5862106518,126.9852900569
100900068,37.5830921770,126.9869652990
100900067,37.6079283311,126.9577443332
100900066,37.5706890289,126.9946203403
100900174,37.5792551846,126.9795533717
100900065,37.5793687689,126.9711466491
100900064,37.5877370613,126.9965180510
100900063,37.5860376565,127.0006137149
100900062,37.6089539753,126.9637921715
100900061,37.5707022242,126.9621148375
100900060,37.5817743934,127.0161855253
100900059,37.5841056738,126.9850311776
100900058,37.5827909789,126.9849940760
100900182,37.6082046142,126.9567768927
100900057,37.5710875771,126.9920931881
100900056,37.5769501570,126.9793377561
100900054,37.6112770717,126.9641104660
100900186,37.5728784775,126.9597453483
100900053,37.5800189539,127.0170071400
100900052,37.5815997311,126.9849422317
100900217,37.5743837122,126.9911314256
100900051,37.5760892484,126.9906200153
100900050,37.6120100581,126.9654637010
100900049,37.5738699714,126.9606775165
100900206,37.5803534405,127.0156926979
100900048,37.5799729420,126.9849543284
100900097,37.6062686142,126.9579797248
100900096,37.5762373738,126.9975114970
100900095,37.6134825236,126.9657790521
100900094,37.5746692802,126.9618040443
100900093,37.5798735304,127.0149447983
100900092,37.5789480833,126.9851271782
100900091,37.6051519935,126.9574922002
100900090,37.5765095598,127.0020914666
100900089,37.6143102577,126.9676873462
100900088,37.5763372261,126.9619411637
100900086,37.5773871956,126.9858152185
100900184,37.6046102563,126.9569839726
100900085,37.5781188768,126.9995029662
100900083,37.6129345305,126.9685386165
100900082,37.5752728058,126.9628880463
100900207,37.5769032044,127.0153885503
100900081,37.5752189424,126.9866692660
100900080,37.6040255786,126.9573354115
100900079,37.6116055569,126.9690205751
100900187,37.5739763092,126.9634445669
100900078,37.5737563689,126.9874148722
100900077,37.6034020863,126.9575011241
100900076,37.5805553988,126.9974309648
100900075,37.5834729904,127.0017632862
100900074,37.6124059606,126.9699479367
100900073,37.5736670147,126.9641239308
100900205,37.5726943506,127.0142453819
100900121,37.5706970000,126.9874600000
100900120,37.6020037175,126.9578303612
100900198,37.5833533096,126.9992849459
100000416,37.5829712951,126.9737680820
100000417,37.5831276121,126.9796554436
100000418,37.5794135204,126.9795911351
100900119,37.6134217965,126.9706087294
100000421,37.5858955968,126.9969805237
100900218,37.5849563466,126.9966204422
100900219,37.5873281035,126.9939426439
100900220,37.5878630000,126.9923700000
100900221,37.5874203934,126.9936746328
100900118,37.5746935562,126.9645321424
100900117,37.5720494465,127.0117218002
100900116,37.5703976388,126.9850892600
100900115,37.6019890570,126.9571553655
100900177,37.5770722054,126.9724733176
100900199,37.5832668015,126.9988530070
100900114,37.6139004282,126.9718458037
100900113,37.5755600915,126.9653175119
100900192,37.5712161296,127.0049580380
100900112,37.6009238115,126.9567154180
100900179,37.5765879752,126.9796650539
100900111,37.5794930902,126.9710277184
100900110,37.5848860000,126.9966460000
100900109,37.6146097003,126.9742524976
100900108,37.5768126115,126.9653293849
100900107,37.5714192458,127.0020898456
100900106,37.5719470235,126.9832969670
100900105,37.5802605382,126.9800805410
100900104,37.5794684375,126.9697392663
100900103,37.6163963984,126.9757438761
100000360,37.5765581609,126.9974492169
100000329,37.5703374879,126.9755694982
100000330,37.5703700000,126.9801290000
100000333,37.5700824558,126.9864618183
100000334,37.5706348964,126.9932082199
100000335,37.5701024255,126.9909932186
100000336,37.5704692645,126.9962507486
100000338,37.5708647997,127.0032911936
100900102,37.5764842271,126.9671251598
100000343,37.5761780936,126.9715056448
100000344,37.5758191735,126.9716819740
100000345,37.5766137515,126.9852296020
100000346,37.5763185096,126.9855059829
100000347,37.5775204226,126.9889000774
100000348,37.5832827975,126.9992357955
100900101,37.5738011149,126.9877503526
100900180,37.6012424257,126.9557163281
100900100,37.5816451700,126.9813258198
100900099,37.5803350289,126.9687504797
100900191,37.5707724724,127.0000389920
100900098,37.6173560499,126.9771030504
100900145,37.5767787564,126.9676986337
100900143,37.5759841652,127.0025801998
100900144,37.5752716136,126.9869813803
100900142,37.6000210109,126.9569583018
100900141,37.5846846831,126.9822105151
100900140,37.5810265604,126.9668944502
100900139,37.6163049980,126.9783685436
100900138,37.5762206893,126.9689039095
100900137,37.5749766498,127.0054048740
100900189,37.5771728174,126.9861183272
100900135,37.5858776706,126.9818478910
100900134,37.6159439291,126.9798729651
100900133,37.5740986200,126.9658895166
100900131,37.5787910850,126.9853617134
100900129,37.5874185176,126.9817444742
100900128,37.5753200672,127.0022812884
100900127,37.6146490046,126.9794938432
100900126,37.5726178078,126.9616893251
100900125,37.5792417814,126.9866353642
100900215,37.5721819807,126.9613278115
100900181,37.5929353403,126.9637682263
100900124,37.6128643152,126.9816861503
100900123,37.5714943551,126.9623374590
100900122,37.5760372123,127.0157200961
100900168,37.5799426497,126.9851293823
100900167,37.5792554401,126.9879589184
100900166,37.5947643228,126.9637824182
100900165,37.6131060324,126.9792421489
100900164,37.5712260916,126.9646918774
100900163,37.5774150014,127.0155607478
100900162,37.5812807738,126.9851687446
100900161,37.5976847268,126.9629663842
100900160,37.6153822583,126.9784205906
100900159,37.5701413179,126.9656960774
100900157,37.5827432497,126.9852205387
100900156,37.5993880238,126.9600291533
100900200,37.5859196111,127.0010032298
100900155,37.6132637884,126.9781122953
100900154,37.5693816820,126.9666998924
100900210,37.5803228198,127.0155692785
100900153,37.5838633080,126.9852486243
100900152,37.5998544708,126.9574023475
100900151,37.5873892922,126.9999909413
100900149,37.5685315243,126.9683376852
100900148,37.5797846496,127.0171508787
100900147,37.5862656518,126.9855618026
100900201,37.5896275957,126.9993137839
100900173,37.5818978359,127.0162353711
100900172,37.5875308468,126.9861073451
100900171,37.5890742944,126.9971407875
100900203,37.5891522774,126.9897340010
100900170,37.6009049260,126.9568173576
100900169,37.5878406881,126.9965690016
100900002,37.6018640911,126.9579482257
100900004,37.5887246101,126.9952305162
100900006,37.6033399708,126.9576665157
100900008,37.5897680031,126.9937685575
100900010,37.6040715802,126.9574633677
100900012,37.5902545716,126.9934084203
100900014,37.6052835831,126.9575782035
100900018,37.6061334517,126.9579809335
100900019,37.6066987064,126.9587564660
100900022,37.6049541749,126.9608727063
100900027,37.5835080381,127.0015538872
100900028,37.5786973612,127.0019926794
100900030,37.5774082997,126.9978009620
100900033,37.5736413355,127.0022087811
100900204,37.5884638684,126.9900035953
100900038,37.5775727323,126.9978632209
100900043,37.5769483437,127.0020084833
100900042,37.5790872846,126.9981631637
100900211,37.5716400000,126.9831900000
100900213,37.5736021088,126.9831364101
100000399,37.5706369793,127.0092820998
100000407,37.5818961200,127.0021204164
100000408,37.5791596347,126.9964163097
100000409,37.5775301708,126.9901776043
100000410,37.5758950223,126.9837977873
100000411,37.5793391810,126.9795487018
100000412,37.5731388499,126.9769120216
100000401,37.5791187605,126.9713315727
100000402,37.5731558567,126.9770139456
101000313,37.5693799579,126.9828944171
100000403,37.5701155367,126.9888006413
100000404,37.5703736241,126.9934997231
100000405,37.5707521431,126.9996789008
100000406,37.5734766013,127.0180439092
105000553,37.5733400255,127.0231780999
100000400,37.5826848140,126.9737600308
100000422,37.5699020000,126.9719560000
101000001,37.5649848069,126.9875299251
101000002,37.5643504711,126.9878515151
101000003,37.5551460158,126.9722570849
101000004,37.5554029828,126.9725924801
101000005,37.5553889890,126.9727238221
101000006,37.5554794133,126.9728547738
101000007,37.5554141603,126.9729402621
101000008,37.5586388574,126.9737783904
101000303,37.5661382638,126.9806320857
101000009,37.5517870640,126.9626582054
101000010,37.5544459527,126.9662339013
101000011,37.5558478973,126.9689026242
101000012,37.5562376440,126.9691514463
101000013,37.5558550000,126.9692930000
101000014,37.5583836266,126.9691354395
101000015,37.5598390000,126.9648790000
101000016,37.5602111497,126.9678680149
101000017,37.5606234736,126.9681135141
101000018,37.5630494858,126.9691267228
101000300,37.5622736605,127.0066750078
101000020,37.5649062803,126.9677868059
101000021,37.5598696316,126.9731140800
101000022,37.5584010617,126.9733579400
101000023,37.5587713091,126.9737375955
101000025,37.5534055956,126.9759937564
101000026,37.5587633765,126.9743627450
101000027,37.5584195299,126.9740436876
101000028,37.5580006528,126.9736279452
101000029,37.5588723988,126.9759976615
101000030,37.5585581643,126.9756720863
101000031,37.5611910810,126.9800597585
101000032,37.5612730000,126.9785550000
101000033,37.5621971670,126.9764436700
101000034,37.5620517519,126.9759075283
101000035,37.5627642050,126.9761487140
101000036,37.5631901447,126.9746522037
101000037,37.5637220000,126.9753140000
101000038,37.5635248407,126.9749539314
101000333,37.5681069154,126.9828444051
101000039,37.5683632936,126.9773647051
101000337,37.5649741630,126.9874193795
101000040,37.5678390393,126.9828658628
101000041,37.5645069796,126.9822069938
101000042,37.5628907847,126.9815478394
101000043,37.5628850000,126.9820080000
101000334,37.5644247651,126.9823981134
101000045,37.5611273440,126.9814315438
101000046,37.5582675237,126.9777650546
101000047,37.5584920257,126.9784645011
101000048,37.5583104538,126.9827404025
101000049,37.5595260891,126.9826359346
101000050,37.5606578490,126.9849157703
101000051,37.5609325805,126.9843582953
101000052,37.5612508237,126.9917771969
101000053,37.5609019668,126.9924098253
101000054,37.5612375854,126.9947285429
101000055,37.5620371603,126.9964921507
101000056,37.5633461766,126.9931119513
101000057,37.5658757422,126.9853902774
101000058,37.5661382638,126.9811712097
101000059,37.5662462260,126.9865233528
101000060,37.5660727123,126.9886708260
101000061,37.5663729806,126.9902600103
101000062,37.5661389597,126.9914237666
101000063,37.5666841559,126.9959336364
101000064,37.5664010399,126.9968473297
101000065,37.5647173150,126.9981484996
101000066,37.5668182855,126.9992585240
101000067,37.5666200422,127.0011150411
101000068,37.5679608485,127.0024044565
101000069,37.5658243542,127.0025945654
101000070,37.5661698346,127.0062316194
101000071,37.5650528273,127.0072096931
101000072,37.5651725525,127.0077222561
101000073,37.5664631128,127.0058434821
101000074,37.5673541422,127.0083555318
101000075,37.5674835037,127.0091685169
101000077,37.5651675256,127.0135231437
101000078,37.5650178857,127.0147408667
101000079,37.5683481924,127.0157558376
101000080,37.5686950625,127.0161294881
101000081,37.5657282804,127.0187426545
101000082,37.5654920748,127.0194795301
101000083,37.5655941894,127.0221821569
101000084,37.5652410933,127.0223979004
101000085,37.5627954621,127.0150959791
101000086,37.5623100443,127.0151908517
101000087,37.5589483023,127.0132161263
101000088,37.5592573980,127.0130316796
101000089,37.5557929112,127.0110429415
101000090,37.5557496102,127.0113796895
101000091,37.5533990000,127.0120120000
101000092,37.5529237300,127.0118693353
101000093,37.5538646495,127.0099566945
101000094,37.5528509718,127.0092978444
101000095,37.5502676468,127.0077186988
101000096,37.5502271180,127.0073984027
101000294,37.5562525330,127.0097556480
101000097,37.5583362176,127.0080610837
101000098,37.5580017329,127.0078281581
101000099,37.5606213240,127.0059098100
101000100,37.5606663921,127.0056290943
101000101,37.5634011312,127.0039011095
101000102,37.5635284386,127.0033757600
101000103,37.5623804057,126.9999660413
101000104,37.5627804223,126.9997252277
101000105,37.5514818230,127.0010947080
101000106,37.5515339575,127.0007525635
101000107,37.5599600605,127.0146561080
101000108,37.5599303778,127.0142191810
101000109,37.5600244709,127.0181258220
101000110,37.5598126778,127.0182736903
101000111,37.5557370000,126.9800930000
101000113,37.5541281890,126.9738404394
101000114,37.5609394169,126.9785803860
101000115,37.5552651842,126.9839798009
101000117,37.5583620000,127.0054450000
101000295,37.5562560000,127.0093220000
101000119,37.5685707852,126.9833922386
101000120,37.5678404706,126.9885301722
101000121,37.5684843738,126.9971755363
101000122,37.5692149555,127.0008265972
101000123,37.5694411915,127.0043806283
101000124,37.5695135434,127.0138508174
101000125,37.5707259153,127.0189971981
101000128,37.5611965482,126.9755852010
101000335,37.5609880000,126.9853360000
101000130,37.5654113309,127.0091092289
101000131,37.5478041512,127.0060242348
101000132,37.5476504940,127.0061899379
101000135,37.5682134567,126.9929650755
101000136,37.5694851752,127.0090361408
101000137,37.5616905720,126.9933889105
101000141,37.5676492567,126.9825656304
101000338,37.5690110000,126.9782070000
101000147,37.5649809794,127.0248560363
101000148,37.5647227393,126.9824744450
101000149,37.5506986166,126.9988218165
101000150,37.5585545048,127.0187298806
101000151,37.5578078339,127.0192881780
101000152,37.5668556166,127.0234023516
101000153,37.5644813411,127.0239172657
101000154,37.5616452068,127.0240513307
101000155,37.5622544456,127.0243472269
101000156,37.5645028357,127.0242404150
101000163,37.5678058693,127.0019301271
101000164,37.5716601701,127.0220339686
101000165,37.5645499236,127.0086110484
101000166,37.5644016142,127.0096778870
101000168,37.5708197498,127.0232958633
101000254,37.5614081120,126.9792899798
101000258,37.5679222068,127.0144829458
101000261,37.5677007490,127.0119962039
101000262,37.5668848609,126.9679802656
101000263,37.5553416320,126.9732317300
101000264,37.5608462911,126.9769187336
101000266,37.5563677408,126.9765671680
101000265,37.5566267411,126.9767113404
101000290,37.5662122834,126.9768355729
101000292,37.5650839621,126.9878661120
101000293,37.5601745008,127.0025921056
101000328,37.5574051765,126.9921666231
101000331,37.5597400000,126.9892890000
101900010,37.5533046573,127.0117056370
101900009,37.5687339805,126.9768830660
101900011,37.5660310000,126.9770100000
101900012,37.5588500000,126.9712780000
101900007,37.5615164368,126.9762361050
101900006,37.5673960903,126.9773390750
101900005,37.5654231103,127.0215878668
101900004,37.5597925744,126.9711136524
101900003,37.5609334062,126.9679526472
101900001,37.5535217011,127.0169189818
101900023,37.5495860191,127.0124097890
101900022,37.5496119425,127.0122783521
101900021,37.5516549062,127.0127511620
101900020,37.5519027425,127.0121655599
101900019,37.5517332168,127.0108500123
101900018,37.5528410964,127.0119577646
101000173,37.5614284556,126.9793973110
101000277,37.5658047183,126.9803053067
101000298,37.5645178283,126.9796461336
101000301,37.5653520000,126.9788850000
101000275,37.5684013914,126.9769074500
101000276,37.5633387369,126.9743182567
101000273,37.5597717116,127.0026102024
101000226,37.5687990002,126.9769067873
101000227,37.5662540000,126.9769210000
101000229,37.5651089852,126.9676372948
101000230,37.5578195556,126.9728595843
101000234,37.5610860085,126.9864492986
101000244,37.5617180187,126.9955605031
101000245,37.5609673780,126.9787309255
101000246,37.5643534324,126.9823877131
101000247,37.5628476779,126.9692683016
101000257,37.5665506121,127.0034786985
101000256,37.5662333554,127.0053974501
101000255,37.5645913489,127.0089472544
101000271,37.5537889625,127.0098978294
101000270,37.5554665731,126.9759752961
101000269,37.5580158041,126.9720456834
101000268,37.5606109591,126.9720684843
101000279,37.5648360000,126.9780660000
101000286,37.5682993160,126.9773647244
101000288,37.5613760047,126.9762665716
101000287,37.5610667807,126.9755365701
101000289,37.5653851887,127.0092450660
101000297,37.5647333277,127.0075552593
101000296,37.5678529085,127.0092138390
101000299,37.5649993215,127.0026364414
101000316,37.5689435666,126.9768853297
101000317,37.5661060000,126.9769250000
101000318,37.5609231539,126.9753967375
101000319,37.5607583289,126.9856194882
101000320,37.5609950561,126.9924383581
101000321,37.5604635042,127.0026253879
101000322,37.5583034007,127.0054272005
101000324,37.5668754028,127.0085549376
102000322,37.5539280000,126.9725350000
101000308,37.5677625606,127.0091304267
101000309,37.5668568761,126.9994422877
101000310,37.5665349097,126.9923255915
101000311,37.5661309607,126.9810013050
101000312,37.5641526235,126.9823015539
101000314,37.5657553187,127.0194166277
101000315,37.5581940477,126.9831348601
102000001,37.5240499441,126.9631209528
102000002,37.5243060629,126.9631848403
102000003,37.5272930000,126.9662070000
102000004,37.5279204890,126.9666192358
102000005,37.5314970129,126.9702350163
102000006,37.5320503694,126.9705640624
102000007,37.5351801399,126.9736858311
102000008,37.5359845015,126.9741608708
102000009,37.5432956330,126.9725377982
102000010,37.5437560216,126.9722320769
102000011,37.5509755993,126.9722373211
102000012,37.5495337218,126.9717081909
102000018,37.5420069220,126.9719271804
102000019,37.5418230000,126.9720690000
102000026,37.5288895698,126.9673497525
102000317,37.5321566887,126.9630603924
102000318,37.5318079061,126.9642145682
102000029,37.5249689864,126.9635707140
102000030,37.5524743044,126.9693404702
102000031,37.5516704971,126.9692219610
102000032,37.5489916168,126.9701219815
102000033,37.5486790270,126.9698626298
102000034,37.5453812474,126.9707772395
102000035,37.5454861572,126.9704188578
102000036,37.5408130000,126.9710320000
102000037,37.5405702704,126.9706761392
102000038,37.5337792589,126.9660271002
102000039,37.5335134935,126.9657072039
102000040,37.5332725045,126.9619640523
102000041,37.5330574076,126.9621689745
102000042,37.5327790559,126.9583252146
102000043,37.5330561177,126.9583363743
102000044,37.5319853728,126.9561109820
102000045,37.5405032098,126.9691858135
102000046,37.5399994643,126.9690615428
102000047,37.5386139009,126.9669290534
102000048,37.5374620591,126.9654677888
102000049,37.5363187485,126.9636632444
102000050,37.5362374410,126.9629911361
102000051,37.5349338369,126.9610704217
102000052,37.5340407624,126.9581798302
102000053,37.5337957151,126.9583248022
102000054,37.5441159432,126.9886645749
102000055,37.5398743674,126.9874799728
102000056,37.5398054732,126.9871086322
102000057,37.5378177390,126.9866090870
102000058,37.5373177108,126.9868496115
102000059,37.5303030000,126.9911630000
102000060,37.5294095764,126.9911698907
102000061,37.5254587536,126.9921715396
102000062,37.5245025908,126.9924287738
102000063,37.5200464191,126.9899502397
102000064,37.5457950000,127.0022020000
102000065,37.5444370000,127.0020400000
102000066,37.5416918639,127.0033851827
102000067,37.5411791533,127.0031508133
102000068,37.5364422432,127.0057302453
102000069,37.5356114027,127.0062993526
102000070,37.5357934643,127.0054993584
102000071,37.5354906847,127.0057290409
102000072,37.5328478217,127.0083126426
102000073,37.5522820000,126.9808350000
102000074,37.5520442521,126.9811340112
102000075,37.5486900000,126.9843200000
102000076,37.5483952630,126.9841668777
102000077,37.5463968458,126.9858399758
102000078,37.5462454364,126.9857643613
102000079,37.5427038827,126.9927901963
102000080,37.5425047481,126.9929169610
102000081,37.5417535527,126.9961358368
102000082,37.5408661030,126.9974258076
102000083,37.5406368923,126.9584647114
102000084,37.5402999129,126.9585520334
102000085,37.5392719714,126.9618971064
102000086,37.5388284845,126.9626978558
102000087,37.5384268178,126.9649997667
102000088,37.5382950000,126.9646480000
102000089,37.5376607152,126.9669923459
102000090,37.5347586674,126.9768577525
102000091,37.5346511680,126.9753831458
102000092,37.5351069553,126.9851183494
102000093,37.5347582183,126.9853046955
102000094,37.5343830489,126.9904706555
102000095,37.5341127106,126.9900096398
102000096,37.5345520000,126.9930430000
102000097,37.5343539681,126.9934293088
102000098,37.5347900000,126.9963870000
102000099,37.5345820000,126.9968120000
102000100,37.5370458894,127.0004667254
102000101,37.5367073033,127.0006042579
102000102,37.5408050000,127.0016950000
102000103,37.5409291837,127.0020254103
102000104,37.5536168846,126.9738943742
102000105,37.5525408404,126.9765772255
102000106,37.5506891863,126.9770644706
102000107,37.5497467332,126.9775446282
102000108,37.5466597949,126.9781855672
102000109,37.5472050000,126.9782250000
102000110,37.5466989277,126.9809588102
102000111,37.5457400000,126.9775630000
102000112,37.5457720000,126.9765720000
102000113,37.5455050000,126.9757320000
102000114,37.5451241168,126.9732353840
102000115,37.5454090000,126.9739620000
102000116,37.5379429734,127.0122607528
102000117,37.5377041394,127.0126714787
102000118,37.5339127002,127.0084445845
102000119,37.5337549896,127.0087002913
102000120,37.5215595386,126.9660096214
102000121,37.5215734809,126.9675282802
102000122,37.5212831472,126.9684808450
102000123,37.5206562990,126.9718842721
102000124,37.5201804898,126.9727097830
102000125,37.5198497731,126.9745085046
102000126,37.5190775256,126.9762479627
102000127,37.5189178471,126.9775234206
102000128,37.5183827987,126.9784408808
102000129,37.5185336834,126.9787120007
102000130,37.5177043320,126.9811234284
102000131,37.5179369530,126.9851053606
102000132,37.5177490000,126.9852030000
102000133,37.5516700140,126.9628215994
102000134,37.5542153265,126.9664230215
102000135,37.5444790000,126.9707990000
102000136,37.5422202391,126.9709244565
102000137,37.5448468654,126.9672216718
102000138,37.5448412411,126.9664464653
102000139,37.5449594985,126.9641094647
102000140,37.5451307674,126.9643096929
102000141,37.5460839723,126.9632996424
102000142,37.5467910299,126.9625778991
102000143,37.5458806239,126.9591928852
102000144,37.5437890449,126.9576684412
102000145,37.5422095196,126.9617671315
102000146,37.5416239572,126.9622336676
102000147,37.5412992546,126.9620007403
102000148,37.5387860159,126.9610378658
102000149,37.5397768030,126.9574338661
102000150,37.5396254142,126.9572103137
102000151,37.5380144603,126.9600336494
102000152,37.5379738635,126.9598809227
102000153,37.5363479221,126.9609679808
102000154,37.5367260000,126.9609210000
102000155,37.5345701678,126.9622225151
102000156,37.5346611171,126.9619447091
102000157,37.5328348806,126.9636681810
102000158,37.5325900000,126.9638820000
102000159,37.5300338589,126.9676784797
102000161,37.5288666127,126.9658224646
102000162,37.5275756153,126.9647596200
102000163,37.5272309280,126.9645787730
102000164,37.5283330000,126.9656170000
102000165,37.5255972846,126.9660149714
102000166,37.5253057707,126.9671194025
102000167,37.5237318415,126.9692440232
102000168,37.5236213922,126.9701544240
102000169,37.5226689183,126.9739086458
102000170,37.5223634662,126.9740268751
102000171,37.5208980106,126.9786512102
102000172,37.5208754875,126.9799562027
102000173,37.5204270000,126.9899000000
102000174,37.5211711184,126.9908893645
102000175,37.5251140639,126.9913627138
102000176,37.5226362582,126.9907181939
102000178,37.5198510000,126.9929860000
102000179,37.5203840049,126.9948813029
102000180,37.5208183604,126.9966906770
102000181,37.5212625565,126.9970390394
102000182,37.5247380028,127.0020297105
102000183,37.5256237907,127.0015149467
102000184,37.5264591178,127.0005046107
102000185,37.5283420000,126.9990260000
102000186,37.5281820140,126.9988968460
102000187,37.5301959868,126.9967926172
102000188,37.5305293513,126.9965748167
102000189,37.5334000000,126.9942130000
102000190,37.5338224192,126.9942269972
102000191,37.5312239311,127.0067957060
102000192,37.5306687947,127.0077698580
102000193,37.5300799765,126.9529474778
102000194,37.5301710306,126.9546065451
102000195,37.5297474160,126.9543510910
102000196,37.5277364382,126.9550639882
102000197,37.5277028919,126.9548605606
102000198,37.5261753068,126.9563230524
102000199,37.5260292706,126.9561658719
102000200,37.5238640509,126.9594953680
102000201,37.5234462055,126.9597809746
102000202,37.5322600069,126.9500126665
102000203,37.5346144292,126.9482434807
102000204,37.5340150000,126.9493230000
102000205,37.5330177683,126.9505415559
102000206,37.5331088986,126.9508277689
102000207,37.5321286462,126.9535225314
102000208,37.5323687724,126.9545135613
102000209,37.5327421420,126.9559182022
102000210,37.5344941039,126.9513961673
102000211,37.5345003443,126.9511923413
102000212,37.5353203855,126.9536425118
102000213,37.5354081306,126.9533822284
102000214,37.5357083247,126.9549575650
102000215,37.5358300537,126.9549471079
102000216,37.5366220000,126.9577700000
102000217,37.5367544611,126.9575932164
102000218,37.5370716239,126.9595337638
102000219,37.5371492138,126.9591968331
102000225,37.5326305473,127.0067505734
102000226,37.5510144684,126.9911947846
102000227,37.5338879189,126.9506907463
102000228,37.5337466904,126.9503849242
102000229,37.5226137862,126.9909910111
102000230,37.5278439771,127.0055474264
102000231,37.5200345091,126.9894855098
102000232,37.5388699959,126.9710604180
102000233,37.5463858567,126.9716591639
102000234,37.5362040000,126.9745480000
102000236,37.5445305498,126.9705229419
102000237,37.5321383559,126.9556102561
102000238,37.5383644982,126.9707994501
102000240,37.5326945110,127.0069961164
102000241,37.5448844577,126.9696434774
102000243,37.5208412941,126.9906099662
102000245,37.5213307725,126.9608161519
102000246,37.5212359951,126.9613434997
102000247,37.5175161768,126.9586051825
102000248,37.5173638437,126.9590376650
102000249,37.5446730000,126.9907330000
102000250,37.5448496669,126.9909320571
102000266,37.5446070869,126.9638368968
102000286,37.5530779085,126.9688467509
102000297,37.5384869330,126.9672402984
102000316,37.5523436670,126.9818461928
102900010,37.5406603781,126.9969932623
102900065,37.5389827262,126.9866957386
102900009,37.5332487951,127.0048157354
102900066,37.5405966150,126.9869183825
102900083,37.5330901125,127.0066566991
102900079,37.5401952774,126.9936040739
102900008,37.5420771725,126.9874352880
102900070,37.5470688427,126.9608920893
102900007,37.5398031767,126.9916260429
102900006,37.5432315144,126.9877949646
102900097,37.5390685906,126.9562320809
102900080,37.5394506828,126.9895541036
102900005,37.5446713415,126.9866471968
102900003,37.5455190385,126.9584869002
102900002,37.5389225472,126.9885515774
102900001,37.5457299500,126.9851474983
102900085,37.5261473387,127.0000973012
102900035,37.5440368054,126.9576286965
102900096,37.5390222559,126.9562965631
102900034,37.5447457188,126.9833867831
102900033,37.5260040620,126.9963176555
102900032,37.5431401733,126.9585663043
102900064,37.5350110363,126.9858713342
102900031,37.5445481753,126.9819982464
102900075,37.5285960000,126.9925890000
102900098,37.5396879497,126.9576859474
102900063,37.5467007949,126.9813662289
102900076,37.5305730000,126.9914770000
102900030,37.5461364014,126.9795092308
102900077,37.5318320000,126.9922420000
102900029,37.5396710223,126.9614323385
102900078,37.5311570000,126.9953870000
102900027,37.5410233025,126.9698057350
102900026,37.5434757805,126.9722967638
102900025,37.5307520000,126.9968110000
102900072,37.5385683269,126.9594786383
102900024,37.5389672660,126.9673538450
102900023,37.5313730000,126.9967300000
102900022,37.5373482951,126.9596343248
102900073,37.5381473907,126.9591190202
102900020,37.5369383946,126.9697251251
102900019,37.5371431249,126.9695900372
102900015,37.5299166547,126.9674544999
102900012,37.5313762860,126.9703153999
102900011,37.5440381300,126.9725114972
102900058,37.5345065492,126.9732731006
102900068,37.5463241118,126.9720930552
102900057,37.5331620000,126.9956350000
102900056,37.5502867059,126.9741955461
102900055,37.5343390000,126.9957000000
102900054,37.5351395786,126.9871837649
102900053,37.5500664789,126.9768043541
102900051,37.5483644838,126.9777057507
102900084,37.5349500000,126.9984180000
102900081,37.5386999666,126.9884520307
102900050,37.5459083263,126.9789524928
102900049,37.5392776612,126.9894307824
102900048,37.5465016517,126.9813594882
102900047,37.5397139842,126.9918569023
102900046,37.5444832826,126.9819077271
102900082,37.5400889559,126.9937523252
102900045,37.5446231699,126.9833879420
102900044,37.5457029481,126.9853964787
102900043,37.5445505919,126.9866223212
102900042,37.5432423134,126.9876591627
102900041,37.5423880484,126.9874137344
102900040,37.5410985304,126.9869601654
102900039,37.5389881171,126.9865576820
102900089,37.5490958683,126.9720388292
102900091,37.5349462412,126.9487207623
102900038,37.5515678017,126.9630412782
102900037,37.5503749309,126.9636168092
102900036,37.5485834792,126.9633754859
102000263,37.5201392530,126.9726729953
102000262,37.5191000398,126.9761942244
102000272,37.5398259716,126.9973678608
102900062,37.5484699816,126.9635056923
102900061,37.5503812730,126.9637288520
102900060,37.5517759871,126.9631453007
102900090,37.5348672272,126.9485683053
102000273,37.5177490000,126.9851880000
102000257,37.5179220911,126.9853034727
102000256,37.5189057287,126.9773129069
102000255,37.5206779095,126.9718175157
102000274,37.5214936730,126.9659919434
102000275,37.5215283595,126.9675735406
102000276,37.5177187363,126.9810408412
102000277,37.5185081173,126.9787480410
102000278,37.5312068138,127.0067323413
102900092,37.5381983039,126.9553881353
102900086,37.5341020000,127.0006030000
102900088,37.5358706647,126.9695530125
102900087,37.5344621995,126.9672212005
102000282,37.5352568660,127.0112746840
102000281,37.5362408844,127.0114310392
102000283,37.5305849943,127.0077438254
102000285,37.5337569266,127.0085732270
102000284,37.5339631530,127.0085656637
102900095,37.5406999627,126.9950932550
102900094,37.5405702075,126.9951600296
102000310,37.5384014653,126.9734851953
102000311,37.5275980000,126.9647940000
102000312,37.5208476177,126.9785496415
101000323,37.5511419911,126.9909861872
102000314,37.5408918783,126.9972013482
103000001,37.5654496127,127.0543961703
103000002,37.5620353607,127.0604823356
103000003,37.5611899215,127.0660926512
103000004,37.5643358035,127.0290748599
103000005,37.5646936321,127.0286812869
103000006,37.5652129966,127.0248051787
103000007,37.5666300440,127.0236794054
103000509,37.5648723959,127.0269697789
103000008,37.5688584755,127.0303755149
103000009,37.5679598186,127.0300384029
103000010,37.5676164369,127.0246446774
103000011,37.5624496100,127.0332625935
103000012,37.5629822568,127.0329028650
103000014,37.5631265853,127.0359164214
103000015,37.5649300000,127.0302230000
103000016,37.5658601065,127.0299768448
103000515,37.5541428107,127.0205310813
103000017,37.5673234964,127.0445737600
103000018,37.5655987334,127.0422829487
103000019,37.5649375925,127.0415861333
103000020,37.5709505267,127.0380207293
103000021,37.5702590064,127.0375113528
103000022,37.5670208209,127.0369539875
103000023,37.5666487791,127.0364845717
103000024,37.5630713327,127.0418590320
103000025,37.5621577226,127.0415811922
103000026,37.5609241011,127.0414131621
103000027,37.5603881249,127.0411546041
103000028,37.5585823987,127.0409668475
103000029,37.5585254607,127.0406535419
103000030,37.5563883665,127.0431286432
103000031,37.5569939038,127.0431384444
103000032,37.5578540014,127.0342332122
103000033,37.5578953118,127.0338672615
103000034,37.5599473134,127.0361920228
103000035,37.5603365628,127.0362669183
103000036,37.5607235444,127.0346872504
103000037,37.5582671772,127.0384039964
103000038,37.5587230766,127.0379492742
103000039,37.5533989566,127.0335007802
103000040,37.5537612141,127.0334386918
103000041,37.5552918803,127.0344580408
103000042,37.5497324573,127.0305745164
103000043,37.5502220000,127.0309000000
103000044,37.5564740008,127.0200356974
103000046,37.5556051708,127.0201175860
103000047,37.5556768698,127.0199214015
103000048,37.5534780746,127.0219550538
103000049,37.5531077251,127.0229328751
103000050,37.5511643996,127.0256791281
103000051,37.5514582119,127.0254234439
103000052,37.5488791385,127.0260631400
103000053,37.5494639682,127.0259773298
103000054,37.5480852238,127.0218686315
103000055,37.5482887551,127.0224877550
103000056,37.5477283731,127.0162669926
103000057,37.5485477051,127.0154795051
103000058,37.5469673139,127.0198923146
103000059,37.5462572048,127.0182356475
103000060,37.5478877101,127.0270575925
103000061,37.5483498668,127.0275127211
103000062,37.5436204852,127.0148475565
103000063,37.5438034317,127.0146552078
103000064,37.5448556208,127.0168373163
103000065,37.5459155767,127.0148446166
103000066,37.5457820000,127.0146980000
103000506,37.5471160945,127.0130389488
103000507,37.5470204344,127.0130159995
103000069,37.5493610000,127.0124360000
103000070,37.5409040726,127.0113027450
103000071,37.5408770683,127.0109994635
103000072,37.5382204647,127.0495477418
103000073,37.5383306996,127.0495105089
103000074,37.5393704675,127.0461393549
103000075,37.5393055260,127.0460740289
103000076,37.5409772406,127.0442026260
103000077,37.5414070000,127.0439900000
103000078,37.5429580000,127.0446920000
103000079,37.5430629438,127.0444980594
103000080,37.5460719745,127.0448960891
103000081,37.5464979897,127.0445340491
103000082,37.5399724321,127.0503149591
103000083,37.5400388326,127.0507595940
103000084,37.5410800235,127.0463723692
103000085,37.5413797453,127.0460161257
103000086,37.5495163646,127.0444566298
103000087,37.5505075164,127.0439627696
103000088,37.5514371326,127.0460506002
103000089,37.5517477370,127.0466618972
103000090,37.5369424226,127.0607392694
103000091,37.5397602612,127.0624288917
103000092,37.5373416869,127.0601320850
103000093,37.5375320000,127.0599970000
103000094,37.5381650347,127.0570118184
103000095,37.5382865442,127.0572982039
103000096,37.5385866142,127.0553996133
103000097,37.5388507297,127.0552587843
103000098,37.5390939396,127.0534264696
103000099,37.5395110000,127.0528450000
103000100,37.5378677160,127.0523417008
103000101,37.5380509168,127.0522588868
103000102,37.5371920000,127.0552700000
103000103,37.5375520694,127.0549267531
103000104,37.5366174370,127.0574889191
103000105,37.5367590890,127.0574923078
103000106,37.5363560000,127.0599820000
103000107,37.5364382069,127.0600656500
103000108,37.5472776746,127.0666629344
103000109,37.5428218897,127.0641612973
103000110,37.5412636389,127.0632745484
103000111,37.5496243675,127.0553883888
103000112,37.5493511273,127.0568366874
103000113,37.5479946812,127.0621853946
103000114,37.5482391280,127.0643373420
103000115,37.5518254810,127.0692473283
103000116,37.5552050000,127.0711500000
103000117,37.5575371596,127.0724414557
103000118,37.5702110770,127.0475025717
103000119,37.5657033305,127.0539458148
103000120,37.5620495039,127.0569134234
103000121,37.5446180410,127.0366011980
103000122,37.5456718598,127.0363946274
103000125,37.5611984155,127.0486060331
103000126,37.5613061760,127.0486881757
103000127,37.5608144197,127.0456489178
103000128,37.5609315252,127.0457112392
103000129,37.5611617078,127.0445908781
103000130,37.5612555615,127.0445101518
103000131,37.5602143513,127.0420211147
103000132,37.5602445802,127.0419242341
103000133,37.5601892041,127.0499269056
103000134,37.5476928251,127.0455095172
103000135,37.5475750000,127.0468460000
103000136,37.5464803389,127.0492754339
103000137,37.5468001934,127.0492756444
103000138,37.5454196769,127.0538293527
103000139,37.5458880000,127.0502280000
103000140,37.5457698480,127.0500259308
103000141,37.5437724292,127.0494809367
103000142,37.5433912967,127.0492129340
103000143,37.5407684319,127.0482363415
103000144,37.5409193770,127.0481685479
103000145,37.5595100000,127.0503000000
103000150,37.5670932118,127.0277827978
103900215,37.5447880000,127.0545820000
103000152,37.5509002648,127.0510060889
103000153,37.5512302013,127.0506905447
103900213,37.5425620000,127.0623520000
103900214,37.5427980761,127.0623621248
103000156,37.5608115960,127.0471032979
103000157,37.5608841270,127.0473012813
103000159,37.5707494530,127.0255654313
103000162,37.5434527836,127.0375618762
103000163,37.5422230617,127.0426958799
103000164,37.5419781098,127.0429743580
103000165,37.5693121111,127.0480538231
103000166,37.5695541839,127.0479373245
103000167,37.5504251323,127.0542376417
103000168,37.5420008413,127.0113916813
103000169,37.5663469729,127.0430338383
103000170,37.5561408382,127.0340192689
103000171,37.5671676226,127.0281958580
103000172,37.5580974527,127.0239338279
103000173,37.5591427175,127.0239062231
103000174,37.5556022880,127.0256885739
103000175,37.5565738309,127.0249260274
103000176,37.5570008960,127.0290982639
103000177,37.5570793730,127.0287643907
103000178,37.5583911544,127.0330162995
103000179,37.5420646255,127.0119049580
103000183,37.5357930000,127.0556820000
103000185,37.5365921538,127.0585185177
103000186,37.5608470000,127.0236300000
103000187,37.5611519007,127.0241021040
103000188,37.5365070000,127.0584880000
103000189,37.5481164210,127.0661376875
103000191,37.5700517505,127.0236037286
105000455,37.5670632137,127.0446425019
103000293,37.5611283256,127.0368888269
103000292,37.5613644410,127.0371333520
103000297,37.5556432919,127.0496759962
103000295,37.5678169566,127.0244126998
103000296,37.5592243864,127.0506193380
103000505,37.5537810000,127.0430240000
103000516,37.5563590432,127.0510191700
103900152,37.5521871167,127.0686200823
103900149,37.5431595377,127.0110790155
103900142,37.5462141244,127.0199839497
103900022,37.5545931778,127.0204908209
103900150,37.5413820000,127.0168450000
104900130,37.5508854915,127.0687627665
103900143,37.5469390691,127.0216589278
103900025,37.5551290207,127.0221955300
103900116,37.5618426928,127.0378535089
103900024,37.5452777540,127.0246947943
103900295,37.5490025833,127.0677474298
103900026,37.5559714265,127.0175370430
103900120,37.5555378179,127.0237361041
103900065,37.5574916088,127.0339123541
103900145,37.5467445912,127.0253856278
104900131,37.5458169320,127.0655811779
103900067,37.5429197459,127.0121008716
103900027,37.5480526537,127.0225635106
103900028,37.5484174167,127.0198766785
103900068,37.5567335018,127.0186201668
103900029,37.5555394907,127.0253044367
103900117,37.5556173736,127.0338926682
103900300,37.5570403271,127.0485750382
103900296,37.5465773977,127.0630583777
103900069,37.5400543105,127.0115923113
103900070,37.5480015945,127.0252690969
103900031,37.5567220851,127.0195736658
103900032,37.5560183016,127.0269971479
103900071,37.5548946810,127.0326936750
103900301,37.5569341632,127.0492908049
103900297,37.5435110445,127.0600882973
103900146,37.5478661190,127.0269036684
103900133,37.5543806178,127.0196369290
103900302,37.5562339090,127.0486367607
103900034,37.5544534388,127.0317164122
103900035,37.5526575016,127.0252791565
103900298,37.5442691048,127.0576390687
103900037,37.5408804856,127.0128519457
103900126,37.5498025299,127.0307682168
103900038,37.5577375973,127.0306537631
103900072,37.5526279318,127.0316422490
103900040,37.5541870617,127.0247307916
103900299,37.5458938897,127.0511563146
103900041,37.5406352630,127.0139484516
103900074,37.5499507280,127.0325677907
103900134,37.5491853986,127.0167386956
103900075,37.5519612784,127.0193175559
103900019,37.5582100032,127.0331282771
103900039,37.5528272690,127.0312234362
103900076,37.5553150263,127.0248124231
103900078,37.5510678445,127.0334306978
103900043,37.5507538149,127.0192957404
103900303,37.5570151108,127.0496303854
103900042,37.5528739435,127.0302831930
105000454,37.5577029753,127.0245743869
103900079,37.5407532621,127.0143207799
103900045,37.5520425408,127.0344339086
103900080,37.5480069051,127.0211726304
103900082,37.5496769604,127.0195750088
103900122,37.5530799025,127.0298541873
103900304,37.5570853955,127.0485297971
103900084,37.5408867518,127.0132276487
103900144,37.5459834381,127.0191632324
103900020,37.5485929570,127.0194898441
103900085,37.5641355512,127.0364064374
103900047,37.5529061904,127.0288090654
103900305,37.5600051066,127.0419651568
103900048,37.5433629833,127.0596206188
103900049,37.5413329917,127.0113322323
103900086,37.5548674402,127.0345427336
103900051,37.5546956760,127.0267906941
103900151,37.5429116083,127.0123679427
103900088,37.5577185854,127.0342554186
103900089,37.5662652006,127.0351185322
103900050,37.5555496417,127.0255715552
103900090,37.5436189277,127.0127539602
103900112,37.5664946370,127.0331862828
103900123,37.5570496595,127.0286715654
103900052,37.5682624370,127.0303705362
103900124,37.5551916200,127.0246041221
103900113,37.5627939863,127.0332903821
103900091,37.5486244682,127.0196539560
103900092,37.5703034715,127.0334777845
103900125,37.5542636796,127.0245723767
103900093,37.5483411874,127.0655472648
103900094,37.5496507955,127.0197741925
103900095,37.5718289131,127.0368611826
103900131,37.5526576279,127.0246821893
103900053,37.5608470716,127.0236902472
103900096,37.5495156648,127.0665317949
103900054,37.5507583020,127.0194077879
103900056,37.5530983943,127.0235529542
103900111,37.5590448945,127.0236410045
103900057,37.5503046673,127.0671617628
103900097,37.5521279557,127.0194715240
103900098,37.5667675811,127.0365326655
103900058,37.5575119549,127.0245188619
103900099,37.5511350971,127.0678257351
103900115,37.5633540490,127.0360410344
103900100,37.5561260191,127.0247742087
103900101,37.5543355851,127.0197856168
103900017,37.5530067236,127.0248775221
103900018,37.5584226161,127.0332891007
103900104,37.5545919447,127.0266661363
103900059,37.5567429983,127.0182314515
103900105,37.5578295691,127.0304206318
103900060,37.5526423775,127.0287943760
103900106,37.5560687475,127.0175178242
103900107,37.5529629395,127.0297135329
103900147,37.5468113280,127.0251253545
103900108,37.5561715023,127.0269326870
103900109,37.5526731081,127.0302182436
103900110,37.5452561903,127.0243937555
103900127,37.5538782820,127.0344662233
103900061,37.5527922994,127.0310093901
103900062,37.5435444033,127.0228036345
103000278,37.5581244034,127.0338768271
103000279,37.5580995199,127.0342446422
103000280,37.5553018991,127.0340901941
103000281,37.5550801133,127.0344918986
103900016,37.5522011423,127.0344034229
103900015,37.5523884273,127.0316939654
103900163,37.5526884328,127.0194943061
103900128,37.5508020956,127.0331680056
103900014,37.5543861249,127.0318012040
103900013,37.5501059259,127.0324416568
103900012,37.5546877083,127.0328358347
103900011,37.5497675599,127.0300981967
103900119,37.5555729913,127.0340186862
103900148,37.5483750866,127.0275591319
103900010,37.5481765011,127.0250613034
103900009,37.5482744945,127.0216479967
103900154,37.5610465475,127.0365162885
103900135,37.5493384196,127.0166850915
103900008,37.5437207610,127.0126657069
103900007,37.5505884957,127.0160757870
103900006,37.5498894700,127.0166306849
103900005,37.5435316415,127.0115883230
103900004,37.5435055002,127.0116845111
103900137,37.5499149882,127.0167969818
103900138,37.5510558771,127.0159606783
103900139,37.5485492158,127.0169908982
103900140,37.5486130124,127.0166207533
103900003,37.5484240169,127.0164272951
103900002,37.5482942315,127.0166253219
103900141,37.5482189796,127.0196278194
103900001,37.5507879397,127.0162396281
103900155,37.5548866966,127.0254385471
103900156,37.5544010055,127.0262518161
103900157,37.5530630754,127.0267897943
103900158,37.5521525445,127.0272673860
103900159,37.5514902482,127.0273468960
103900160,37.5521961609,127.0256432644
103900161,37.5482659508,127.0211246097
103900162,37.5562390620,127.0340034675
105000472,37.5610970000,127.0369790000
105000471,37.5412473905,127.0113005335
105000470,37.5409744546,127.0109934781
105000469,37.5436087758,127.0148090773
105000468,37.5437908214,127.0146144650
105000467,37.5464745730,127.0189290928
105000466,37.5465899573,127.0186518510
105000465,37.5479784428,127.0241852708
105000464,37.5481765136,127.0250024528
105000463,37.5478769143,127.0269817622
105000462,37.5483615758,127.0275353603
105000461,37.5497628991,127.0307014263
105000460,37.5501304936,127.0309019007
105000459,37.5534440055,127.0335211731
105000458,37.5539990568,127.0336017817
103900167,37.5443727865,127.0157270249
103900169,37.5436061689,127.0140191688
103900190,37.5426971627,127.0122219232
103900191,37.5427782048,127.0127560803
103900192,37.5432376614,127.0136716778
103900193,37.5438267793,127.0152934780
103900189,37.5652097737,127.0414402566
103900188,37.5652526914,127.0389001215
103900187,37.5635492836,127.0383642631
103900185,37.5547282857,127.0208123009
103900184,37.5540867685,127.0204578591
103900182,37.5529799549,127.0233929107
103900181,37.5519671275,127.0260018110
103900180,37.5510587110,127.0268504902
103900179,37.5516875417,127.0274313269
103900178,37.5526114413,127.0274448395
103900177,37.5543216827,127.0263706309
103900176,37.5550078999,127.0255887508
103900175,37.5519110306,127.0350584990
103900174,37.5537403049,127.0370729773
103900173,37.5548347521,127.0353825460
103900172,37.5630829100,127.0386950898
103900171,37.5650542998,127.0384486598
103900170,37.5654940210,127.0402755817
103900196,37.5556558853,127.0236161649
103900195,37.5551777057,127.0220574589
103900198,37.5667721811,127.0306171809
103900197,37.5669824288,127.0292796320
103900202,37.5673296859,127.0271676387
103900201,37.5677084261,127.0259157424
103900200,37.5691230600,127.0260063322
103900199,37.5700015585,127.0267072320
103900211,37.5701654913,127.0430256561
103900208,37.5693291776,127.0447485590
103900203,37.5679751585,127.0454636903
103900204,37.5681827453,127.0456033009
103900207,37.5693427411,127.0448455263
103900209,37.5452371461,127.0160090170
103900210,37.5695685824,127.0285144783
103900212,37.5498619578,127.0309380064
103900216,37.5558963995,127.0249544273
103900217,37.5418540000,127.0170020000
103900219,37.5450150995,127.0237432904
103900251,37.5423160000,127.0491310000
103900253,37.5401210000,127.0522840000
103900254,37.5414110000,127.0539900000
103900255,37.5400760000,127.0547390000
103900256,37.5396470000,127.0553200000
103900257,37.5438420000,127.0570610000
103900258,37.5414610000,127.0538480000
103900259,37.5405280000,127.0525700000
103900261,37.5405230000,127.0496220000
103900233,37.5435598293,127.0566906693
103900262,37.5425030000,127.0492100000
103900235,37.5399060735,127.0551786364
103900236,37.5402281570,127.0547711849
103900263,37.5438690000,127.0451460000
103900264,37.5452700000,127.0445150000
103900265,37.5435270000,127.0425500000
103900242,37.5436374894,127.0375591400
103900218,37.5418118508,127.0176124993
103900243,37.5442958508,127.0355169956
103900246,37.5661140833,127.0426522462
103900247,37.5656474129,127.0423947542
103900266,37.5408892401,127.0154195650
103900267,37.5534825943,127.0218758358
103900268,37.5595770000,127.0256410000
103900269,37.5599930000,127.0263820000
103900270,37.5618733218,127.0250695330
103900272,37.5518786122,127.0352978775
103900273,37.5547901705,127.0357171978
103900274,37.5534932401,127.0375237372
103900275,37.5561652703,127.0394073408
103900276,37.5557215716,127.0392797867
103900277,37.5541970798,127.0388889816
103900278,37.5577197650,127.0389354428
103900279,37.5577676066,127.0391339263
103900280,37.5533443910,127.0382720735
103000514,37.5545097441,127.0392367112
103900281,37.5607923799,127.0379129532
103900282,37.5578072325,127.0397222715
103900294,37.5580008839,127.0399091167
103000511,37.5420905951,127.0425736850
103000512,37.5451580248,127.0546184401
103000513,37.5568651503,127.0432470892
103900285,37.5594598710,127.0438016174
103900291,37.5594516108,127.0435712108
103900286,37.5598124622,127.0445985625
103900290,37.5599701163,127.0446524170
103900287,37.5589963484,127.0446277378
103900289,37.5590603809,127.0449123153
103900288,37.5568034886,127.0465028779
103900284,37.5593313351,127.0421309686
103900283,37.5577761117,127.0421228179
104000001,37.5587409868,127.0756461481
104000002,37.5587937258,127.0749002776
104000003,37.5560989145,127.0824731320
104000004,37.5562698192,127.0815564410
104000005,37.5544965543,127.0865505090
104000006,37.5512084718,127.0901491873
104000007,37.5527548961,127.0892141692
104000299,37.5549260000,127.0852290000
104000296,37.5489834052,127.0931845435
104000295,37.5489579260,127.0926144514
104000298,37.5457409721,127.1026490566
104000297,37.5451588569,127.1037600333
104000008,37.5615328570,127.0752029849
104000009,37.5623861756,127.0752287457
104000010,37.5589508735,127.0773349708
104000011,37.5590866190,127.0776318627
104000012,37.5605224214,127.0783835194
104000013,37.5608783017,127.0784036990
104000014,37.5624536807,127.0794725244
104000015,37.5624813464,127.0792818001
104000016,37.5649806937,127.0808443646
104000018,37.5622907455,127.0818720972
104000019,37.5598837254,127.0808552636
104000020,37.5598402672,127.0811551751
104000021,37.5631682406,127.0829363287
104000022,37.5638882429,127.0833601348
104000023,37.5621180000,127.0870520000
104000024,37.5599194877,127.0869845748
101000252,37.5583163621,127.0876755037
104000026,37.5615773116,127.0838852989
104000027,37.5697460480,127.0797293274
104000028,37.5700272219,127.0794405363
104000029,37.5664012264,127.0778996992
104000030,37.5657955541,127.0771769652
104000031,37.5652307141,127.0808531239
104000032,37.5663404337,127.0816150335
104000033,37.5666597846,127.0816481504
104000034,37.5685360222,127.0827951289
104000035,37.5684915275,127.0826418853
104000036,37.5707949236,127.0832843745
104000037,37.5710831259,127.0834488311
104000038,37.5679159934,127.0860566161
104000039,37.5679334531,127.0855902354
104000040,37.5660464177,127.0845454928
104000041,37.5639660286,127.0867086210
104000042,37.5678680041,127.0863735321
104000043,37.5641992207,127.0869681157
104000044,37.5626950451,127.0873093515
104000045,37.5583189468,127.0879297616
104000046,37.5541967204,127.0886689538
104000047,37.5520458638,127.0770314953
104000048,37.5551766839,127.0786346746
104000049,37.5452495750,127.0839776530
104000050,37.5456120000,127.0792010000
104000051,37.5449986565,127.0843023754
104000052,37.5415336614,127.0836883111
104000053,37.5430873683,127.0846474366
104000054,37.5422101065,127.0842426589
104000055,37.5389648482,127.0834073669
104000056,37.5377026867,127.0879772581
104000057,37.5447158904,127.0890122213
104000058,37.5492515718,127.0897846677
104000059,37.5486416815,127.0895858800
104000060,37.5456510932,127.0857469566
104000061,37.5458173579,127.0863480831
104000062,37.5449638155,127.0890507143
104000063,37.5395524961,127.0940086584
104000064,37.5396437650,127.0941742917
104000065,37.5379980000,127.0904090000
104000183,37.5361136997,127.0937169006
104000279,37.5368645137,127.0937549878
104000070,37.5378533679,127.0965424639
104000071,37.5433926994,127.0932099949
104000072,37.5433887171,127.0936875546
104000073,37.5419091140,127.0977640864
104000074,37.5420725400,127.0989722091
104000075,37.5435355041,127.1029628675
104000076,37.5442424761,127.1033202823
104000314,37.5469840000,127.0753780000
104000271,37.5478957550,127.1067149694
104000080,37.5504960052,127.1090263699
104000081,37.5506134270,127.1087232242
104000082,37.5387627825,127.0831891894
104000083,37.5369337778,127.0824320547
104000084,37.5367503042,127.0821044683
104000085,37.5379478514,127.0784673729
104000086,37.5374228649,127.0792651176
104000087,37.5387452063,127.0750483076
104000090,37.5327500000,127.0773190000
104000092,37.5315727250,127.0814130660
104000094,37.5321922367,127.0846079653
104000095,37.5329553244,127.0848057104
104000096,37.5304403173,127.0749155368
104000097,37.5327003382,127.0768712862
104000098,37.5315308364,127.0807386521
104000291,37.5350521104,127.0843377290
104000100,37.5319732231,127.0846733447
104000101,37.5321201527,127.0858514017
104000311,37.5279490000,127.0851700000
104000312,37.5277430000,127.0822130000
104000313,37.5284290000,127.0783330000
104000106,37.5375186301,127.0882893582
104000107,37.5355719112,127.0668747120
104000108,37.5349118182,127.0692877009
104000109,37.5352337090,127.0689474032
104000110,37.5360909985,127.0689075815
104000111,37.5385652456,127.0701692006
104000112,37.5384461141,127.0748753929
104000116,37.5307680000,127.0749220000
104000117,37.5337952382,127.0734112939
104000118,37.5339469580,127.0734066984
104000119,37.5345790942,127.0711714016
104000120,37.5343158600,127.0713601174
104000121,37.5364190000,127.0689670000
104000122,37.5357293289,127.0672016099
104000123,37.5395029881,127.0626912618
104000124,37.5408268775,127.0672788711
104000125,37.5390810000,127.0701580000
104000126,37.5368058708,127.0629447386
104000127,37.5367146879,127.0611888361
104000128,37.5366067526,127.0628993085
104000129,37.5338028399,127.0679166913
104000130,37.5336320000,127.0674970000
104000131,37.5431585111,127.0647765888
104000132,37.5472318425,127.0670885688
104000133,37.5477151717,127.0715209148
104000134,37.5466216409,127.0736284938
104000135,37.5437160861,127.0722179767
104000136,37.5407840000,127.0708780000
104000137,37.5408957525,127.0681672642
104000138,37.5468045831,127.0751469149
104000139,37.5408198597,127.0712485060
104000290,37.5452722228,127.0795953130
104000141,37.5459043941,127.0735881785
104000142,37.5517044591,127.0695975111
104000143,37.5547537734,127.0712985506
104000144,37.5574109670,127.0727879339
104000145,37.5577085489,127.0767090775
104000146,37.5571562758,127.0765591034
104000147,37.5561609072,127.0760329007
104000148,37.5549755455,127.0752869423
104000149,37.5546466232,127.0753228303
104000150,37.5535248785,127.0733966913
104000151,37.5538666538,127.0743618087
104000152,37.5518512093,127.0713225073
104000153,37.5513566499,127.0710877554
104000154,37.5486923124,127.0707547540
104000155,37.5485801736,127.0704835547
104000293,37.5483288986,127.0686841693
104000157,37.5480051511,127.0715410787
104000158,37.5497520000,127.0754400000
104000159,37.5528739948,127.0769927342
104000160,37.5563220000,127.0788200000
104000308,37.5545812260,127.0867859773
104000309,37.5565422552,127.0817236710
104000165,37.5508666828,127.0905075507
104000310,37.5481104097,127.0687743625
104000167,37.5547989560,127.0882622041
104000168,37.5335505333,127.0747505569
104000169,37.5636739408,127.0779538856
104000170,37.5421084758,127.0714727877
104000269,37.5459514944,127.1053745185
104000280,37.5360541462,127.0937383582
104000069,37.5369050205,127.0938031252
104000275,37.5627654195,127.0824010859
104000274,37.5643730650,127.0833026919
104000273,37.5662294972,127.0843249567
104000272,37.5685782991,127.0855997978
104000302,37.5390684116,127.0925470575
104000303,37.5390484885,127.0921000962
104000307,37.5469081131,127.1078574657
104000306,37.5474023285,127.1063092687
104900124,37.5591306198,127.0939630731
104900085,37.5663789768,127.0779156425
104900059,37.5621944650,127.0960429247
104900058,37.5502486719,127.1104622298
104900123,37.5590029448,127.0901359394
104900122,37.5588490108,127.0899354071
104900089,37.5601590013,127.0947974601
104900057,37.5484546316,127.1094523282
104900121,37.5591925416,127.0942812172
104900128,37.5668768426,127.0781637961
104900056,37.5614417271,127.0871709238
104900055,37.5589159963,127.0930312463
104900054,37.5467217380,127.1075869834
104000294,37.5609606399,127.0956309346
104900053,37.5584330000,127.0882230000
104900052,37.5586845522,127.0917043706
104900109,37.5463512912,127.1053289460
104900051,37.5576339581,127.0892468924
104900049,37.5588770015,127.0886688403
104900048,37.5569014807,127.0902850791
104900050,37.5419477863,127.1014183009
104900047,37.5563079173,127.0911230749
104900046,37.5404651876,127.0996486938
104900045,37.5624460371,127.0814330674
104900044,37.5548826175,127.0931371525
104900042,37.5368221134,127.0766299665
104900041,37.5611637445,127.0840577691
104900040,37.5542285469,127.0941176381
104900039,37.5578748138,127.0800822765
104900038,37.5363934727,127.0948590232
104900037,37.5346905273,127.0759963869
104900036,37.5532100607,127.0932969209
104900035,37.5518187362,127.0921939479
104900100,37.5382387949,127.0892373497
104900112,37.5319860054,127.0792387772
104900034,37.5507215451,127.0913081489
104900033,37.5595305795,127.0870747483
104900102,37.5415506336,127.0900164716
104900031,37.5428255093,127.0645258550
104900030,37.5494847466,127.0900588338
104900029,37.5587364311,127.0886686737
104900032,37.5402902234,127.0897229975
104900028,37.5439827587,127.0652401586
104900114,37.5313000096,127.0822557273
104900027,37.5477299911,127.0880988204
104900026,37.5585169771,127.0916679445
104900025,37.5440489261,127.0906000271
104900024,37.5452943403,127.0659848276
104900023,37.5587592285,127.0930027538
104900022,37.5462579580,127.0664104572
104900116,37.5329501167,127.0870098898
104900021,37.5601577922,127.0949721336
104900106,37.5336144423,127.0891356598
104900020,37.5467903263,127.1024015366
104900099,37.5352926857,127.0921362577
104900019,37.5366543055,127.0848370570
104900018,37.5475393553,127.1052273651
104900097,37.5359880000,127.0938330000
104900110,37.5478863435,127.1065941453
104900103,37.5345920961,127.0920490446
104900017,37.5500035243,127.1075883052
104900107,37.5337153779,127.0891188071
104900016,37.5330699358,127.0870462374
104900015,37.5480798615,127.1065163612
104900014,37.5368949698,127.0845898343
104900013,37.5476304504,127.1051324275
104900115,37.5315196593,127.0825682599
104900012,37.5469479421,127.1024888949
104900091,37.5423468770,127.0843546327
104900011,37.5454433478,127.0979656910
104000316,37.5654064298,127.0864985879
104000236,37.5356142027,127.0676371086
104000237,37.5356349246,127.0668479521
104900113,37.5322779304,127.0790299525
104900010,37.5423895999,127.0967938276
104900127,37.5422528360,127.0949238539
104900009,37.5475847263,127.0883510260
104900007,37.5346353803,127.0762758207
104900006,37.5441301287,127.0904643237
104900005,37.5367651642,127.0769071428
104000248,37.5714624060,127.0813749581
104000251,37.5638021287,127.0782624509
104000255,37.5391969456,127.0701166071
104000256,37.5383360513,127.0700807237
104000257,37.5433804463,127.0720930253
104000258,37.5422803253,127.0719007166
104000259,37.5498616561,127.0755658718
104000260,37.5498550499,127.0760310216
104000261,37.5563636008,127.0788605078
104000262,37.5552131250,127.0786410853
104900004,37.5517744916,127.0923104685
104900098,37.5415633601,127.0898705050
104900003,37.5531415024,127.0933919081
104900002,37.5403191787,127.0895646050
104900001,37.5575879581,127.0881058981
104900080,37.5540834447,127.0941502787
104900079,37.5382758492,127.0890925500
104900078,37.5551737566,127.0930355787
104900077,37.5370205329,127.0961011535
104900076,37.5563302584,127.0913641894
104900075,37.5378379672,127.0970323661
104900082,37.5627570449,127.0812432362
104900074,37.5570437893,127.0903690097
104900073,37.5407790748,127.1003518538
104900072,37.5577311656,127.0893930217
104900108,37.5423430827,127.1017492793
104900071,37.5324649901,127.0754295140
104900070,37.5586702034,127.0880630283
104900068,37.5609548433,127.0875676658
104900067,37.5632448358,127.0871413296
104900066,37.5466936524,127.1077533058
104900065,37.5654194455,127.0867703018
104900064,37.5482745397,127.1093151239
104900063,37.5500133218,127.1096719072
104000281,37.5542416044,127.1102655251
104900061,37.5506719315,127.0914351492
104900125,37.5666840000,127.0863000000
104900133,37.5380104633,127.0916151163
104000300,37.5311823597,127.0668303967
104000301,37.5411150129,127.0675636466
104900126,37.5421672546,127.0949108596
104900119,37.5452405574,127.0980186154
104900118,37.5432605587,127.0961815897
104900132,37.5618532936,127.0822104997
104900129,37.5363411077,127.0947896041
105000001,37.5651870868,127.0550604632
105000002,37.5619653169,127.0612838214
105000003,37.5611510646,127.0672869559
105000004,37.5717530000,127.0442920000
105000005,37.5717559096,127.0447281029
105000006,37.5740954485,127.0383272220
105000007,37.5739292519,127.0309536211
105000008,37.5744279110,127.0257176822
105000009,37.5916996082,127.0677039967
105000010,37.5914246178,127.0668383757
105000011,37.5896912790,127.0606858682
105000012,37.5899924540,127.0619514091
105000013,37.5887070000,127.0568880000
105000014,37.5864439121,127.0520111918
105000015,37.5804025104,127.0454307288
105000016,37.5802508767,127.0460771387
105000017,37.5734588708,127.0399889148
105000447,37.5802240706,127.0457513342
105000446,37.5803029185,127.0457230797
105000402,37.5807152606,127.0453667154
105000478,37.5827800000,127.0483950000
105000480,37.5787911202,127.0406051232
105000482,37.5781433423,127.0377802394
105000481,37.5782168464,127.0353228624
105000484,37.5775320632,127.0299882252
105000483,37.5771526546,127.0282789088
105000486,37.5761500409,127.0250446359
105000485,37.5758267980,127.0238433051
105000018,37.5764535930,127.0255836506
105000019,37.5762453617,127.0259470050
105000020,37.5775187657,127.0291141720
105000021,37.5772564569,127.0294820292
105000022,37.5782970238,127.0366096265
105000023,37.5780535417,127.0368349109
105000552,37.5766303332,127.0233166791
103000518,37.5717990000,127.0441090000
105000028,37.5818902252,127.0476780218
105000029,37.5843923886,127.0502442553
105000030,37.5846074691,127.0508977332
105000031,37.5868487759,127.0522795666
105000033,37.5876644832,127.0552071034
105000034,37.5897656487,127.0606123322
105000566,37.6004425321,127.0619199953
105000037,37.5911443600,127.0664306844
105000038,37.5912026288,127.0566389299
105000039,37.5908060401,127.0565879609
105000040,37.5929228111,127.0577445104
105000041,37.5933472946,127.0583346646
105000042,37.5956282146,127.0596059335
105000043,37.5954812555,127.0597677578
105000044,37.5983480000,127.0613380000
105000045,37.5999730000,127.0620910000
105000046,37.6038880000,127.0619630000
105000047,37.6034852714,127.0621763625
105000048,37.5981910949,127.0676192785
105000049,37.5986649133,127.0678869789
105000050,37.5945485558,127.0682139128
105000051,37.5951035399,127.0683627707
105000052,37.5877987669,127.0677525508
105000053,37.5884200000,127.0685770000
105000560,37.5756772295,127.0673308860
105000567,37.5755930000,127.0675800000
105000054,37.5855552625,127.0673893111
105000055,37.5856794521,127.0676702359
105000056,37.5826030732,127.0682824634
105000057,37.5821574897,127.0685434142
105000058,37.5797461738,127.0685412036
105000059,37.5772370675,127.0677950600
105000060,37.5773293235,127.0681419969
105000061,37.5741908611,127.0668512705
105000062,37.5735106563,127.0669165487
105000063,37.5710397628,127.0654890390
105000064,37.5696220827,127.0641135329
105000065,37.5688816150,127.0639045358
105000066,37.5667402906,127.0622143149
105000067,37.5666030000,127.0618100000
105000068,37.5634035936,127.0585564607
105000069,37.5613115442,127.0671376840
105000070,37.5621102645,127.0615307058
105000071,37.5636091880,127.0572974308
105000072,37.5672562517,127.0525194449
105000073,37.5708430857,127.0470913509
105000074,37.5734350116,127.0397135905
105000075,37.5739770000,127.0372680000
105000076,37.5737704369,127.0317924634
105000077,37.5747597580,127.0245652731
105000078,37.5755374598,127.0383451914
105000079,37.5765807726,127.0384168651
105000080,37.5753096484,127.0379882341
105000081,37.5819989191,127.0387559286
105000082,37.5819251477,127.0383947016
105000083,37.5799644113,127.0382838690
105000084,37.5855310000,127.0386390000
105000085,37.5855971074,127.0383377075
105000086,37.5876030000,127.0378880000
105000087,37.5894337656,127.0366856036
105000088,37.5887478517,127.0366498479
105000089,37.5881363102,127.0346801536
105000090,37.5857223011,127.0323863454
105000091,37.5824613624,127.0298970499
105000092,37.5797777214,127.0255621436
105000093,37.5816186068,127.0295992386
105000094,37.5791115868,127.0303341829
105000095,37.5790350000,127.0301610000
105000096,37.5758964701,127.0304302445
105000097,37.5761901571,127.0306952909
105000098,37.5725993738,127.0304424882
105000099,37.5727164409,127.0307312249
105000100,37.5849040401,127.0526948922
105000101,37.5846184473,127.0525769324
105000102,37.5830057298,127.0540556741
105000103,37.5826804893,127.0539399480
105000104,37.5791853497,127.0568650184
105000105,37.5788170000,127.0567600000
105000106,37.5763670000,127.0575750000
105000107,37.5765201613,127.0578903291
105000108,37.5737092806,127.0576479903
105000109,37.5741112935,127.0573890413
105000110,37.5705961302,127.0573999289
105000111,37.5705241856,127.0571055329
105000112,37.5684538560,127.0572012663
105000113,37.5686265703,127.0569308801
105000114,37.5655060079,127.0552010664
105000115,37.5665418919,127.0559919809
105000116,37.5723670085,127.0510037445
105000117,37.5720993946,127.0511402741
105000118,37.5750129513,127.0537544246
105000119,37.5741762971,127.0532771747
105000120,37.5762802499,127.0555920845
105000121,37.5762111791,127.0559030771
105000122,37.5778147722,127.0590375541
105000123,37.5775633596,127.0592405520
105000124,37.5786953183,127.0672948159
105000125,37.5784402407,127.0674157317
105000126,37.5788403828,127.0704039846
105000127,37.5786959839,127.0704638197
105000128,37.5796533965,127.0739714006
105000129,37.5796191566,127.0746902496
105000130,37.5780830000,127.0438030000
105000131,37.5779453010,127.0437857920
105000132,37.5755552627,127.0484716502
105000133,37.5760847235,127.0471184271
105000134,37.5745617530,127.0502439795
105000135,37.5738813030,127.0510268210
105000136,37.5727689807,127.0548282074
105000137,37.5729800000,127.0555580000
105000138,37.5727320519,127.0567075826
105000139,37.5727536970,127.0585128409
105000140,37.5729536188,127.0587580146
105000141,37.5726702291,127.0614069359
105000142,37.5729573511,127.0611222564
105000143,37.5726630000,127.0637680000
105000144,37.5726420000,127.0652120000
105000145,37.5728897611,127.0653558711
105000146,37.5724872082,127.0682024772
105000147,37.5727734631,127.0678744595
105000148,37.5725845345,127.0703387260
105000149,37.5723759111,127.0734972565
105000150,37.5720533595,127.0742100898
105000151,37.5773238141,127.0719536475
105000152,37.5783141497,127.0723879948
105000153,37.5749921070,127.0717763134
105000154,37.5751529569,127.0721655351
105000155,37.5732069079,127.0716598633
105000156,37.5731012702,127.0720050585
105000157,37.5713996448,127.0713568649
105000158,37.5712380000,127.0708430000
105000159,37.5696050000,127.0701830000
105000160,37.5689208635,127.0694007013
105000161,37.5682414609,127.0692809071
105000162,37.5663930000,127.0677270000
105000163,37.5655986580,127.0676384821
105000164,37.5634648165,127.0661434798
105000165,37.5622965411,127.0649278366
105000166,37.5624370636,127.0654362294
105000167,37.6026165732,127.0679015637
105000168,37.6010179381,127.0706773790
105000169,37.6008590191,127.0709847069
105000170,37.5907361464,127.0680485017
105000171,37.5905048929,127.0680858743
105000172,37.5768335410,127.0763833794
105000173,37.5746815810,127.0766223278
105000174,37.5728468216,127.0768144692
105000175,37.5697591707,127.0733886250
105000176,37.5663862675,127.0739413010
105000177,37.5635828092,127.0723739757
105000178,37.5713083980,127.0743786204
105000179,37.5692893642,127.0756173134
105000180,37.5679458841,127.0724996415
105000181,37.5682221230,127.0727017522
105000182,37.5657454010,127.0709395499
105000183,37.5899003691,127.0588619251
105000184,37.5912717108,127.0530131529
105000185,37.5915831099,127.0527127306
105000186,37.5913878427,127.0501400812
105000187,37.5916089493,127.0492768654
105000188,37.5917690000,127.0457470000
105000189,37.5915445702,127.0469641413
105000190,37.5914093283,127.0411809472
105000191,37.5911039928,127.0400583710
105000192,37.5898533719,127.0423801980
105000193,37.5904615395,127.0425673859
105000194,37.5860009275,127.0431751633
105000195,37.5860143370,127.0434661760
105000196,37.5841404107,127.0437843040
105000197,37.5835585724,127.0442607393
105000198,37.5818120287,127.0448733855
105000199,37.5814859166,127.0446557984
105000200,37.5831179316,127.0412131745
105000201,37.5829869315,127.0422207161
105000551,37.5829768901,127.0378676044
105000203,37.5866381789,127.0373610455
105000204,37.5863859720,127.0352199679
105000205,37.5866248976,127.0346709609
105000207,37.5960095910,127.0609470779
105000208,37.5960661454,127.0613604745
105000569,37.5944050000,127.0651720000
105000211,37.5867421008,127.0474140067
105000212,37.5777508201,127.0609446460
105000213,37.5827562798,127.0305141879
105000214,37.5828568120,127.0335710290
105000215,37.5988779848,127.0688553749
105000216,37.5988317049,127.0691211054
105000218,37.5781198560,127.0614944010
105000222,37.5837445296,127.0729706550
105000223,37.5841657316,127.0692518943
105000559,37.5708159089,127.0302942423
105000226,37.5668317101,127.0720204711
105000227,37.5649581890,127.0702527994
105000228,37.5819579768,127.0472557344
105000229,37.5728340000,127.0401500000
105000231,37.5945213658,127.0653057725
105000233,37.5891109228,127.0544608913
105000234,37.5888823490,127.0546770593
105000235,37.5803416249,127.0682039807
105000237,37.5716446389,127.0810660939
105000243,37.5866888977,127.0452316453
105000248,37.5645946726,127.0577756725
105000262,37.5865144976,127.0476686082
105000550,37.5723084893,127.0702110373
105000269,37.5859460919,127.0497131121
105000270,37.6013501097,127.0683889136
105000271,37.6014674544,127.0685176937
105000287,37.5902833371,127.0623612795
105000288,37.5871806733,127.0676591393
105000289,37.5786434462,127.0408714095
105000290,37.5877063782,127.0696854187
105000477,37.5909282333,127.0645643148
105000549,37.5844695451,127.0697135361
105000479,37.5740450496,127.0325997915
105000568,37.5714380000,127.0337570000
105000488,37.5789521614,127.0418950942
105900043,37.5667684599,127.0531915243
105900028,37.5845492166,127.0720741928
105900027,37.5901230159,127.0578476787
105900026,37.5684978574,127.0506963586
105900025,37.5824731826,127.0739978057
105900057,37.5938678210,127.0577430725
105900051,37.5915657534,127.0527811217
103000508,37.5718072290,127.0450335285
105900061,37.5884810000,127.0535040000
105900024,37.5943592428,127.0564272910
105900050,37.5941270000,127.0523110000
105900041,37.5727352624,127.0450796439
105000561,37.5988650000,127.0578720000
105900023,37.5956150844,127.0570001318
105900022,37.5742471004,127.0455832239
105000562,37.6000170000,127.0584950000
105900021,37.5966712234,127.0568673052
105000563,37.5997900000,127.0601190000
105900020,37.5761835356,127.0456081798
105000564,37.5999970000,127.0596740000
105900019,37.5983128684,127.0571505475
105900018,37.5764222386,127.0480957022
105900017,37.5824548381,127.0685629353
105900038,37.5789318307,127.0501307614
105900016,37.5999118194,127.0573675632
105900039,37.5805090878,127.0514146373
105900036,37.5818431221,127.0525059131
105900015,37.5838521215,127.0534663672
105900056,37.5953348737,127.0628249067
105900053,37.5898517712,127.0587395905
105900012,37.5983039484,127.0569625455
105900029,37.5760124698,127.0236090065
105900060,37.5988826722,127.0577550224
105900011,37.5967406655,127.0567461830
105900009,37.5956556765,127.0569106983
105900007,37.5946512359,127.0563425780
105900006,37.5928603119,127.0573015187
105900005,37.5792594647,127.0736700296
105900004,37.5831151587,127.0531816401
105900037,37.5819811249,127.0521991693
105900040,37.5805903074,127.0511350317
105900031,37.5786581335,127.0495757982
105900032,37.5762782623,127.0476065132
105900033,37.5763718959,127.0455245142
105900034,37.5740642361,127.0454348029
105900035,37.5729896290,127.0467315569
105900042,37.5711404728,127.0492345839
105900003,37.5701586306,127.0505437481
105900044,37.5689958143,127.0514870981
105900045,37.5674738820,127.0534863549
105900046,37.5661899369,127.0552015711
105900047,37.5651430993,127.0566146653
105900002,37.5904833874,127.0365261369
105900001,37.5926993775,127.0526584890
105900054,37.5902762019,127.0622219909
105000316,37.5780291247,127.0723517263
105000318,37.5732093887,127.0720255408
105000319,37.5737862935,127.0716864575
105000321,37.5613847656,127.0667268548
105000407,37.5804770000,127.0462680000
105000408,37.5828562643,127.0538030705
105000409,37.5772526361,127.0571016136
105000410,37.5705481504,127.0477839986
105000420,37.5778473212,127.0719971746
105000426,37.5742755859,127.0234166489
105000438,37.5805680200,127.0386578148
105000555,37.5772293536,127.0381091490
105000429,37.5705802667,127.0704788124
105000430,37.5703410911,127.0707390026
105000489,37.5712072227,127.0652298839
105000557,37.5868028035,127.0417530049
105000556,37.5866113105,127.0418434744
105000440,37.5863103228,127.0492581619
106000001,37.5978283589,127.0911385806
106000002,37.5976031898,127.0904651716
106000003,37.5959590869,127.0837435605
106000004,37.5957231398,127.0833008263
106000005,37.5939710999,127.0760520480
106000006,37.5936152929,127.0749381812
106000434,37.5988449322,127.0953897414
106000435,37.5985580019,127.0948710737
106000433,37.5995720624,127.0986406612
106000432,37.5993651842,127.0982214008
106000431,37.6005297976,127.1040333871
106000430,37.6003640418,127.1033574704
106000428,37.6004643043,127.1089021873
106000429,37.6004780000,127.1077560000
106000007,37.6147026458,127.0764039758
106000008,37.6152702687,127.0765885798
106000009,37.6125566965,127.0771199228
106000010,37.6138350067,127.0770859657
106000011,37.6069574374,127.0782566814
106000012,37.6062295611,127.0787485573
106000013,37.6026485718,127.0791563016
106000014,37.6028441470,127.0794497843
106000015,37.5989360038,127.0798038601
106000016,37.5990762154,127.0801694529
106000017,37.5918910703,127.0799782951
106000018,37.5920379201,127.0802876655
106000019,37.5893825204,127.0798589770
106000020,37.5902030000,127.0802210000
106000021,37.5871549201,127.0797304665
106000022,37.5874792439,127.0801196457
106000023,37.5848844850,127.0796318097
106000024,37.5855216728,127.0800230935
106000025,37.5802709857,127.0794405095
106000026,37.5806329732,127.0798122666
106000027,37.5735215001,127.0799088318
106000028,37.5747495207,127.0801546872
106000029,37.5724984572,127.0803571864
106000030,37.5939241378,127.0755226426
106000476,37.5939499392,127.0767665567
106000034,37.5954173697,127.0824936944
106000035,37.5994734943,127.0971021652
106000036,37.5966238431,127.0872459258
106000037,37.5994813960,127.0973547272
106000038,37.5973635689,127.0886276147
106000039,37.5986432684,127.0940702529
106000040,37.5986916426,127.0955395871
106000041,37.5991060000,127.0961360000
106000485,37.6096870825,127.1048434288
106000043,37.5996261667,127.0985869435
106000484,37.6099687342,127.1047390625
106000046,37.6006015315,127.1037916856
106000047,37.6003520000,127.1041290000
106000486,37.6084800438,127.1019452732
106000049,37.6006884215,127.1073787404
106000050,37.5921080000,127.0728170000
106000051,37.5914485486,127.0731675854
106000052,37.5893200000,127.0743180000
106000053,37.5895100706,127.0742727085
106000054,37.5904314044,127.0776647513
106000055,37.5907703673,127.0782592650
106000056,37.5913119461,127.0808960477
106000057,37.5916499462,127.0810883377
106000058,37.5920280000,127.0838850000
106000059,37.5922400000,127.0837130000
106000060,37.5928794643,127.0878523328
106000061,37.5929402273,127.0872031229
106000062,37.5933652483,127.0899024613
106000063,37.5936531571,127.0905684056
106000064,37.5938800000,127.0925320000
106000065,37.5943706333,127.0936742231
106000066,37.5944270000,127.0950500000
106000067,37.5947723198,127.0955543919
106000068,37.5950250000,127.0978370000
106000069,37.5951120639,127.0973048687
106000070,37.5953980000,127.0995400000
106000071,37.5955711191,127.0992893063
106000072,37.5942959108,127.0862158322
106000073,37.5941972708,127.0859396558
106000074,37.5913436688,127.0869725161
106000075,37.5913024354,127.0866780454
106000076,37.5891321995,127.0872405771
106000077,37.5891662321,127.0875225751
106000078,37.5869146062,127.0882415953
106000079,37.5865148002,127.0880980871
106000080,37.5842573049,127.0884543619
106000081,37.5848547979,127.0883599559
106000082,37.5820548439,127.0887178358
106000083,37.5827338377,127.0884574290
106000084,37.5798599612,127.0880662837
106000085,37.5812242521,127.0884337896
106000086,37.5796470274,127.0876506935
106000087,37.5786342777,127.0863248288
106000088,37.5783000000,127.0859320000
106000089,37.5757745627,127.0858494168
106000090,37.5759970000,127.0857400000
106000091,37.5729170000,127.0842050000
106000092,37.5731508875,127.0841787922
106000093,37.5976831695,127.1001745527
106000094,37.5969440708,127.1004181775
106000095,37.5939199282,127.0994371442
106000096,37.5942530000,127.0992920000
106000097,37.5920174515,127.0984014013
106000098,37.5912170000,127.0976270000
106000099,37.5895100000,127.0967000000
106000100,37.5891941093,127.0968691549
106000101,37.5864850000,127.0953800000
106000102,37.5867120000,127.0951670000
106000103,37.5839979712,127.0940498031
106000104,37.5847547944,127.0941651172
106000105,37.5812311904,127.0934632177
106000106,37.5822693524,127.0933286447
106000107,37.5800702505,127.0928893022
106000487,37.6138410826,127.0781223172
106000108,37.5792467583,127.0917165625
106000109,37.5778374829,127.0907072898
106000110,37.5777612239,127.0902826707
106000111,37.5756922268,127.0887419869
106000112,37.5759266564,127.0885475333
106000113,37.5733815658,127.0866708555
106000114,37.5735061163,127.0863981576
106000115,37.5710236763,127.0863069870
106000116,37.5712581697,127.0860197064
106000117,37.6155190845,127.0790554743
106000118,37.6158923116,127.0790668957
106000119,37.6118632153,127.0779517460
106000120,37.6125895905,127.0777995873
106000121,37.5885778990,127.0737056648
106000122,37.5884540581,127.0734454772
106000123,37.5873343176,127.0740441033
106000124,37.5867580000,127.0742380000
106000125,37.5856077735,127.0758895994
106000126,37.5859071889,127.0761004529
106000127,37.5861109566,127.0779518031
106000128,37.5864865532,127.0788070081
106000129,37.5868161070,127.0811113990
106000130,37.5870278887,127.0810408656
106000131,37.5879130000,127.0860430000
106000132,37.5880528782,127.0856702328
106000133,37.5884955539,127.0886340822
106000134,37.5886788778,127.0885501828
106000135,37.5891826734,127.0919716473
106000136,37.5894466728,127.0919968842
106000137,37.5901970000,127.0961800000
106000138,37.5904648960,127.0963952514
106000139,37.5868243425,127.0837401254
106000140,37.5867052516,127.0839472075
106000141,37.5841544497,127.0836907108
106000142,37.5849025850,127.0833643143
106000143,37.5819331246,127.0838863683
106000144,37.5818306838,127.0834865686
106000145,37.5784555953,127.0811929141
106000146,37.5785405427,127.0810260054
106000147,37.5813735031,127.0819885520
106000148,37.5811308730,127.0817183593
106000149,37.5811079401,127.0848478468
106000150,37.5809977174,127.0846429611
106000151,37.5809076897,127.0876316521
106000152,37.5806624166,127.0872973908
106000153,37.5806427993,127.0894314037
106000154,37.5804401745,127.0893009686
106000155,37.5806359279,127.0925022558
106000156,37.6016352466,127.0767626166
106000157,37.6014130353,127.0770110188
106000158,37.6017066002,127.0787352964
106000159,37.6014504691,127.0789975477
106000160,37.6016944246,127.0806830436
106000161,37.6015220000,127.0809450000
106000162,37.6017894225,127.0827319360
106000163,37.6016833408,127.0830923091
106000164,37.6023518938,127.0849965510
106000165,37.6022944281,127.0853154073
106000166,37.6033500000,127.0880910000
106000167,37.6031155767,127.0880531041
106000168,37.6041023768,127.0898625255
106000169,37.6039493788,127.0900020003
106000170,37.6053101712,127.0917485534
106000171,37.6047917401,127.0914211649
106000172,37.6066439712,127.0941822536
106000173,37.6062056111,127.0936349035
106000174,37.6077715316,127.0971854414
106000175,37.6077071928,127.0976236907
106000176,37.6039568351,127.0954657423
106000177,37.6034500817,127.0958886791
106000178,37.6056205222,127.0952115317
106000179,37.6060573668,127.0953791322
106000180,37.6076432141,127.0952480857
106000181,37.6097526098,127.0960572283
106000182,37.6091470123,127.0955629892
106000183,37.6105694794,127.0959906996
106000184,37.6131148914,127.0961797384
106000185,37.6126261420,127.0966220017
106000186,37.6152532096,127.0938875252
106000187,37.6155235948,127.0937064155
106000188,37.6137609119,127.0917243901
106000189,37.6138773039,127.0915285695
106000190,37.6138970824,127.0904185112
106000191,37.6162098628,127.0917761025
106000192,37.6139812216,127.0900829285
106000193,37.6165664023,127.0900173419
106000194,37.6166348689,127.0897718167
106000195,37.6156097571,127.0870833854
106000196,37.6157123025,127.0871347189
106000197,37.6165927675,127.0860809693
106000198,37.6165271272,127.0862462880
106000199,37.6196403121,127.0858732595
106000200,37.6198518169,127.0861849977
106000201,37.6167043095,127.0931755465
106000202,37.6164587350,127.0929080569
106000203,37.6198766250,127.1055543519
106000204,37.6182441062,127.1033558569
106000205,37.6143619055,127.1016592961
106000206,37.6145594387,127.1014318828
106000207,37.6105405898,127.1013328750
106000208,37.6105382531,127.1010152560
106000209,37.6061555986,127.1007499588
106000210,37.6058381610,127.1010485410
106000211,37.6009474144,127.1006376085
106000212,37.6010819221,127.1003489912
106000213,37.5964661524,127.0931425288
106000214,37.5962266864,127.0928591130
106000215,37.5921676455,127.0935437056
106000216,37.5924652462,127.0932383267
106000217,37.5904581513,127.0937068936
106000218,37.5903997916,127.0934407109
106000219,37.5886709536,127.0941326831
106000220,37.5871759203,127.0942915914
106000221,37.6003605105,127.0738729937
106000222,37.5983343549,127.0720150896
106000223,37.5956150000,127.0721250000
106000224,37.5955321436,127.0723480536
106000225,37.5938170461,127.0724587364
106000226,37.5938844814,127.0726966130
106000228,37.5904056002,127.0853817614
106000229,37.6012829905,127.1083597586
106000231,37.6020220028,127.1080532670
106000232,37.6023627391,127.1080906424
106000233,37.6038260938,127.1071130742
106000234,37.6040965947,127.1071826257
106000235,37.6055398887,127.1061947194
106000236,37.6056398133,127.1063013270
106000237,37.6095278447,127.1065901668
106000238,37.6096361832,127.1065048426
106000239,37.6117522212,127.1052682161
106000240,37.6115852113,127.1052575090
106000241,37.6136452290,127.1020230606
106000249,37.5903178004,127.0850893069
106000250,37.6148745872,127.0952202984
106000251,37.6151092487,127.0846193165
106000252,37.6156010333,127.0855859412
106000253,37.6145590063,127.0823392781
106000254,37.6144133573,127.0812404699
106000255,37.6147974229,127.0788949924
106000256,37.6144119098,127.0800625370
106000257,37.6146822138,127.0952174211
106000258,37.6057286331,127.1058004930
106000259,37.6054730000,127.1056000000
106000260,37.6046853285,127.1035239722
106000261,37.6043920000,127.1032550000
106000262,37.6032313021,127.1021141659
106000263,37.6031193851,127.1023246716
106000264,37.6012923580,127.1019920860
106000265,37.6011800000,127.1021500000
106000266,37.6005378384,127.1001455367
106000267,37.6003751191,127.0999213485
106000268,37.5999201792,127.0974107927
106000269,37.5997615516,127.0974547542
106000270,37.6164103875,127.0917055579
106000271,37.6182750652,127.0830767893
106000272,37.6181760443,127.0829520840
106000273,37.6180350000,127.0792820000
106000274,37.6180005020,127.0794582367
106000275,37.6154401612,127.0783873294
106000276,37.6156197109,127.0779686293
106000277,37.6157665771,127.0767890720
106000278,37.6155845183,127.0768500540
106000279,37.6149321561,127.0732418050
106000280,37.6134823027,127.0740058681
106000281,37.6148475372,127.0752719666
106000282,37.6150298370,127.0755071723
106000283,37.6135896030,127.0753176790
106000284,37.6136191751,127.0755737065
106000285,37.6114639864,127.0758008697
106000286,37.6114909487,127.0759056609
106000287,37.6098946925,127.0760354677
106000288,37.6099095261,127.0761956874
106000289,37.6081884895,127.0764232694
106000290,37.6079263237,127.0766496237
106000291,37.6067354594,127.0767077415
106000292,37.6067399055,127.0767983469
106000293,37.6049696369,127.0769920333
106000294,37.6049962662,127.0771419617
106000295,37.6035367408,127.0772499173
106000296,37.6034689076,127.0774178373
106000297,37.6012530842,127.0777107671
106000298,37.6019009680,127.0777474502
106000299,37.5994786312,127.0780328218
106000300,37.5983356921,127.0771464085
106000301,37.5966765194,127.0757518958
106000303,37.6072435159,127.0992085559
106000304,37.6069849930,127.0992197585
106000305,37.6051950212,127.0977024595
106000306,37.6053772766,127.0979376894
106000307,37.6028372991,127.0969519586
106000308,37.6024633795,127.0970063858
106000309,37.6023453076,127.0959547422
106000310,37.6004378473,127.0876490313
106000311,37.6006651301,127.0873672963
106000312,37.6015382080,127.0874691143
106000313,37.6022345053,127.0871749520
106000477,37.5798140570,127.0826783287
106000318,37.5986297908,127.0929810127
106000319,37.6135323920,127.1027961370
106000320,37.6050220000,127.1088430000
106000321,37.6063443498,127.1074180142
106000322,37.5971721716,127.0719816228
106000324,37.6019303688,127.1113412232
106000325,37.6089365533,127.0778546804
106000326,37.6093643524,127.0781824676
106000327,37.6003626826,127.0736950143
106000328,37.6184375920,127.0853769562
106000329,37.6182946250,127.0872443872
106000330,37.6180387443,127.0873412490
106000439,37.6137726593,127.0974333582
106000438,37.6136650000,127.0983970000
106000436,37.6131628134,127.0994457719
106000437,37.6130754494,127.1002631605
106000440,37.5864491668,127.0948851433
106000441,37.6142437258,127.0997700090
106000442,37.6126730935,127.1018665500
106000443,37.5713121285,127.0841213979
106000454,37.6124792229,127.1033381633
106000450,37.6138466599,127.1056704161
106000482,37.6015482363,127.1152135677
106000483,37.6018460877,127.1153104035
106000481,37.6144612910,127.1132712119
106000451,37.6137803146,127.1054798008
106000456,37.6196890354,127.1048418581
106000462,37.6126060000,127.1097380000
106000463,37.6124940000,127.1098380000
106000459,37.6154037584,127.1128015572
106000458,37.6159863803,127.1127524972
106000461,37.6165642773,127.1109420061
106000460,37.6172677017,127.1098030048
106000457,37.6174362942,127.1083861254
106000464,37.6177710478,127.1056205034
106900027,37.6176886487,127.1053545797
106000466,37.6156282044,127.1054535122
106000465,37.6152979971,127.1058994532
106000468,37.6103866911,127.0952912241
106000469,37.6129735956,127.1046668259
106000472,37.6188635865,127.1074162008
106000471,37.6190845701,127.1071503349
106000475,37.5831084305,127.0796405872
106000474,37.5830485102,127.0799298741
106000473,37.6136471439,127.0749989291
106900021,37.5876130613,127.1019875708
106900019,37.6000603766,127.0825318290
106900022,37.5882702086,127.1000297097
106900018,37.5997944430,127.0813967466
106900017,37.5996788543,127.0804464349
106900016,37.5886290229,127.0991229153
106900015,37.5995534192,127.0793873937
106900024,37.5891664311,127.0976560283
106900014,37.5997722467,127.0782426453
106900029,37.5883050259,127.0960782719
106900013,37.5877930543,127.0944316480
106900028,37.5878139510,127.0961200991
106900012,37.5883133210,127.0869542692
106900010,37.5896743021,127.0760239509
106900009,37.5884214469,127.0765526169
106900030,37.5876550553,127.0850097120
106900008,37.5873563919,127.0765028357
106900007,37.5995049778,127.0803975494
106900006,37.5996555334,127.0816027142
106900004,37.5999332450,127.0826438086
106900020,37.5883879960,127.0883233680
106900003,37.5878158428,127.0941044299
106900025,37.5890945823,127.0973219460
106900002,37.5884903229,127.0990423344
106900026,37.5881890000,127.0999930000
106900023,37.5875477419,127.1019846511
106900001,37.5993830841,127.0794313809
106000467,37.6132090000,127.1036280000
106000480,37.6133220000,127.1044680000
106000470,37.5807358238,127.0870023398
106000427,37.5986473807,127.0925152302
107000001,37.6069061871,127.0282093240
107000002,37.6061107314,127.0274688050
107000003,37.6037080396,127.0242800346
107000004,37.6031113030,127.0234418237
107000005,37.5988112954,127.0217090638
107000006,37.5979210002,127.0218209221
107000007,37.5937432794,127.0181313708
107000008,37.5932509586,127.0176837862
107000009,37.5899227463,127.0093609216
107000010,37.5893259230,127.0082314311
107000011,37.6098576825,127.0320881862
107000012,37.6118505947,127.0358199660
107000013,37.6137075663,127.0382739231
107000014,37.6178525754,127.0431131466
107000015,37.6203171059,127.0453451219
107000016,37.6235604931,127.0486034702
107000017,37.6106795513,126.9940273315
107000018,37.6110894940,126.9940766263
107000020,37.6108079623,126.9946485975
107000021,37.6086704828,126.9990826430
107000022,37.6086300000,127.0000600000
107000023,37.6073860000,127.0029080000
107000024,37.6078880000,127.0023780000
107000025,37.6058540000,127.0076240000
107000026,37.6061380000,127.0076570000
107000027,37.6045930000,127.0112580000
107000028,37.6049808949,127.0111989608
107000029,37.6033583637,127.0146827395
107000030,37.6036980190,127.0151143204
107000031,37.6022155634,127.0193251172
107000032,37.6025691568,127.0195998271
107000033,37.6018744304,127.0245753189
107000034,37.6020413112,127.0237698953
107000035,37.6036715396,127.0264232103
107000036,37.6045116804,127.0265678982
107000037,37.6036070000,127.0311720000
107000038,37.6024463961,127.0343782041
107000039,37.6030292596,127.0347002149
107000040,37.6020467210,127.0376139648
107000041,37.6025890639,127.0391628595
107000042,37.6016287270,127.0414527013
107000043,37.6030699938,127.0423481401
107000044,37.6030027838,127.0428338902
107000045,37.6055882580,127.0472775982
107000046,37.6054890000,127.0464470000
107000047,37.6068950000,127.0497870000
107000048,37.6069663554,127.0492360318
107000049,37.6083430000,127.0525290000
107000050,37.6084472513,127.0521051555
107000051,37.6112910000,127.0582130000
107000052,37.6105861206,127.0562084808
107000053,37.6120430000,127.0589690000
107000054,37.6133930000,127.0619170000
107000055,37.6134412485,127.0614333997
107000056,37.6143314819,127.0657965807
107000057,37.6151040000,127.0671120000
107000058,37.6058827177,127.0311378827
107000059,37.6059227612,127.0315287406
107000060,37.6014326326,127.0330443723
107000061,37.6011063729,127.0336839773
107000062,37.5994152643,127.0341075456
107000063,37.5983737481,127.0349566767
107000064,37.5948052663,127.0356811781
107000065,37.5943969245,127.0361701980
107000066,37.5885636851,127.0348108154
107000067,37.5851359404,127.0316104668
107000068,37.5824863475,127.0290649350
107000069,37.5797066498,127.0250277117
107000070,37.6177209169,126.9992949087
107000071,37.6167130001,127.0033451915
107000072,37.6167080000,127.0038600000
107000073,37.6135243952,127.0063369706
107000074,37.6133621964,127.0067135499
107000075,37.6115696748,127.0084193769
107000076,37.6108955811,127.0090747434
107000077,37.6084653256,127.0098212542
107000078,37.6080327763,127.0101519307
107000079,37.6051645031,127.0114121305
107000080,37.6053925733,127.0115259154
107000081,37.6115318739,127.0220389791
107000082,37.6108866161,127.0224658136
107000083,37.6072828690,127.0235309030
107000084,37.6080248717,127.0234547019
107000085,37.5906107149,127.0143473137
107000086,37.5906917676,127.0147153546
107000087,37.5881513802,127.0174306588
107000088,37.5886054063,127.0172299027
107000089,37.5858514183,127.0189209428
107000090,37.5848759024,127.0197706750
107000091,37.5823963244,127.0207962235
107000092,37.5823989710,127.0211155216
107000093,37.5804514958,127.0218634882
107000094,37.5800480873,127.0223781466
107000095,37.6232183587,127.0503746013
107000096,37.6238250000,127.0501330000
107000097,37.6199529582,127.0529580116
107000098,37.6202857913,127.0531130380
107000099,37.6164880000,127.0568870000
107000100,37.6161560006,127.0575142283
107000101,37.6141178016,127.0592242299
107000102,37.6139733700,127.0597361132
107000103,37.6115892599,127.0618334097
107000104,37.6119253322,127.0618298638
107000105,37.6092611472,127.0640251528
107000106,37.6094354736,127.0643617980
107000107,37.6065852831,127.0661262457
107000108,37.6066550000,127.0663500000
107000109,37.6192462321,127.0451012788
107000110,37.6191131219,127.0456590521
107000111,37.6176594647,127.0477168014
107000112,37.6177065388,127.0479421691
107000113,37.6162107764,127.0500209793
107000114,37.6164300000,127.0500480000
107000115,37.6146908982,127.0525710587
107000116,37.6146307869,127.0529741295
107000117,37.6120921548,127.0555322537
107000119,37.6102270000,127.0575530000
107000120,37.6117440000,127.0562030000
107000121,37.6086897394,127.0590704145
107000122,37.6090023944,127.0590600371
107000123,37.6074589679,127.0603973513
107000124,37.6072717639,127.0609375732
107000125,37.6056471604,127.0618293174
107000126,37.6057619079,127.0620208629
107000520,37.5984370068,127.0142965055
107000129,37.6180160676,127.0513840846
107000130,37.6180139626,127.0510442788
107000131,37.6172180000,127.0501370000
107000132,37.6172733870,127.0499054393
107000133,37.5945043780,126.9918132916
107000134,37.5944954542,126.9931664205
107000135,37.5947840057,126.9937265473
107000136,37.5935941166,126.9958337905
107000137,37.5937446022,126.9959436280
107000138,37.5930630687,126.9987771128
107000139,37.5930854464,126.9978031597
107000140,37.5932175334,127.0006477466
107000141,37.5932724917,127.0015310386
107000142,37.5917865725,127.0028344034
107000143,37.5924098258,127.0026665502
107000144,37.5907466938,127.0036474176
107000145,37.5909389227,127.0038751968
107000146,37.5888120000,127.0055020000
107000147,37.5890940710,127.0056130939
107000514,37.5947386247,126.9916547399
107000522,37.6191701905,127.0528994712
107000496,37.5973107996,127.0412493106
107000504,37.6117802597,127.0356906378
107000521,37.6188534243,127.0526589415
107000528,37.6180556213,127.0546974877
107000529,37.6177666790,127.0553787690
107000150,37.6030091020,127.0235824260
107000151,37.6031497680,127.0230920656
107000152,37.6046830059,127.0259507581
107000153,37.6050877690,127.0259217322
107000154,37.6101676658,127.0300443665
107000155,37.6115052388,127.0133873980
107000156,37.6104382371,127.0143749082
107000157,37.6103370000,127.0146720000
107000158,37.6088339170,127.0153629325
107000159,37.6087830000,127.0154770000
107000160,37.6062922680,127.0149528803
107000161,37.6064100000,127.0151230000
107000162,37.6038076998,127.0145783295
107000163,37.6202232341,127.0064961192
107000164,37.6190580000,127.0063400000
107000165,37.6167005028,127.0077085694
107000166,37.6167639907,127.0081892610
107000167,37.6164772363,127.0086761598
107000168,37.6024257513,127.0135090711
107000169,37.6028763481,127.0135073176
107000170,37.6006317832,127.0137784395
107000171,37.6004661719,127.0137361959
107000172,37.5967201329,127.0151169845
107000173,37.5961997470,127.0156037900
107000174,37.5937399685,127.0161354636
107000175,37.5937466869,127.0164185434
107000176,37.6039130000,127.0448180000
107000177,37.6017780000,127.0432910000
105000474,37.5954776166,127.0408149328
107000178,37.5954008225,127.0408915697
107000179,37.6142454988,127.0406505559
107000180,37.6143780182,127.0409175754
107000181,37.6138617890,127.0427868796
107000182,37.6139940851,127.0434643020
107000183,37.6138330000,127.0451720000
107000184,37.6139750583,127.0461174530
107000185,37.6135912081,127.0484390748
107000186,37.6138828968,127.0487688779
107000187,37.6108298560,127.0352258290
107000188,37.6103304009,127.0356202126
107000189,37.6094060000,127.0357500000
107000190,37.6095490000,127.0359000000
107000191,37.6067350000,127.0366490000
107000192,37.6069130000,127.0367510000
107000193,37.6045180000,127.0372150000
107000194,37.6041772379,127.0375355438
107000197,37.6162024332,127.0485302331
107000198,37.6161195728,127.0487984540
107000199,37.5854637287,127.0202535696
107000200,37.5856511849,127.0200803771
107000201,37.5860464325,127.0219386130
107000202,37.5862680197,127.0223689592
107000203,37.5861743800,127.0259867888
107000204,37.5864334391,127.0258793196
107000205,37.5862292480,127.0305239036
107000206,37.5863644753,127.0302759807
107000207,37.5832964381,127.0295931093
107000208,37.5858303361,127.0294582350
107000209,37.5914440000,127.0167150000
107000210,37.5917149004,127.0167719353
107000211,37.5893760000,127.0181700000
107000212,37.5899335613,127.0175710536
107000213,37.5891196342,127.0194349551
107000214,37.5890493480,127.0191459598
107000215,37.5890493392,127.0220957059
107000216,37.5891349314,127.0221070536
107000217,37.5876943273,127.0229774528
107000510,37.5873563855,127.0231483316
107000219,37.5869202094,127.0233961765
107000220,37.5871051895,127.0234339727
107000222,37.5910757635,127.0121379652
107000224,37.6084474090,127.0044112283
107000225,37.6085559975,127.0047217755
107000226,37.6103867411,127.0050597014
107000227,37.6107120000,127.0052340000
107000228,37.6127787922,127.0069541753
107000229,37.6126699762,127.0072777201
107000230,37.5859330000,127.0192020000
107000231,37.6078214049,127.0293808251
107000232,37.6164839779,127.0088885340
107000233,37.6082685042,127.0292316503
107000234,37.6014610000,127.0133860000
107000235,37.6138925287,127.0653703051
107000236,37.6135987601,127.0654622702
107000237,37.5975109278,127.0422175977
107000238,37.6106992490,127.0664988617
107000239,37.6022078826,127.0243191825
107000240,37.6151911012,127.0089068708
107000243,37.6111977438,127.0652478073
107000244,37.6112674279,127.0656287670
107000246,37.6176890000,127.0007970000
107000249,37.6178583179,126.9993487096
107000508,37.6173390000,127.0074320000
107000251,37.6201534076,127.0064961131
107000252,37.6189380000,127.0064240000
107000524,37.5982256085,127.0059081990
107000523,37.5984869558,127.0045550193
107000255,37.6062348572,127.0478487259
107000257,37.5993330895,127.0055357424
107000259,37.5990157438,127.0074088371
107000260,37.5987761153,127.0073998099
107000506,37.5976750000,127.0056650000
107000262,37.5996669769,127.0092828740
107000263,37.6002114009,127.0094554943
107000515,37.6014914182,127.0121089813
107000266,37.6014510424,127.0122269985
107000267,37.5988330463,127.0144040060
107000268,37.6016437467,127.0136260986
107000269,37.5967033510,127.0064556975
107000270,37.5991744552,127.0063862490
107000271,37.5994832550,127.0036633229
107000272,37.5992258555,127.0056342632
107000273,37.6129450000,127.0131450000
107000274,37.6154600000,127.0114230000
107000275,37.6156260000,127.0116870000
107000281,37.6075700000,127.0158770000
107000280,37.6074068143,127.0157040433
107000282,37.6116330000,127.0134760000
107000290,37.6122826515,127.0044096525
107000291,37.6122135456,127.0043718100
107000292,37.6111973107,126.9994533062
107000293,37.6111729841,126.9998640907
107000294,37.6095059773,126.9992950559
107000295,37.6094614333,126.9995106864
107000296,37.5996556599,127.0411600129
107000497,37.6029875372,127.0181336142
107000501,37.6092775510,127.0328337687
107000502,37.6064773977,127.0345110882
107000500,37.6045305985,127.0360244691
107000505,37.6103030000,127.0563270000
107000509,37.5893629858,127.0047236816
107000516,37.6137313245,127.0390305016
107000518,37.6122938990,127.0079858233
107000519,37.6120835499,127.0083291460
107000525,37.5982419680,127.0394367620
107000526,37.5961434071,127.0383641124
107000527,37.5936473735,127.0371653045
107900267,37.6004394050,127.0112533717
107900001,37.5985623481,127.0272458091
107900305,37.6234017046,127.0482620157
107900304,37.6165854246,127.0437263808
107900303,37.6119090424,127.0405010899
107900284,37.6142243316,127.0164202375
107900278,37.6129436918,127.0101775182
107900273,37.6139199881,126.9979440805
107900272,37.6044670000,127.0115360000
107900280,37.5922918719,127.0164516544
107900248,37.5851583375,127.0135777075
107900256,37.5825625217,127.0112286496
107900246,37.5943426813,127.0085997586
107900244,37.5802666048,127.0105670837
107900245,37.5975911861,127.0108661056
107900143,37.5932844701,127.0348752977
107900104,37.5940261807,127.0359029589
107900077,37.5986406210,127.0277679230
107900048,37.6158087153,127.0422165656
107900032,37.6110151894,127.0404315108
107900005,37.6128930000,127.0170150000
107900002,37.6113037986,127.0091703259
107900268,37.6026973686,127.0109779802
107900004,37.5834681227,127.0111699073
107900006,37.5955879331,127.0092873052
107900007,37.5969788940,127.0127098361
107900008,37.5943749086,127.0344613329
107900009,37.5925498469,127.0356653798
107900010,37.5995314443,127.0292269396
107900012,37.6143344683,127.0413542290
107900013,37.6081543482,127.0474093545
107900014,37.6086618783,127.0394708753
107900015,37.6119651381,127.0176158808
107900274,37.6146057316,126.9997043527
107900269,37.6035344728,127.0093597957
107900016,37.5907658250,127.0197375056
107900257,37.5864120039,127.0109450153
107900017,37.5847416354,127.0110898368
107900018,37.5966164967,127.0141174417
107900019,37.5954238021,127.0343689551
107900020,37.5913557733,127.0330195331
107900021,37.5990484356,127.0293309418
107900291,37.6138183526,127.0432920552
107900295,37.6097861067,127.0476777016
107900023,37.6074171689,127.0403853901
107900158,37.6110319213,127.0182401260
107900275,37.6154094907,127.0014669250
107900024,37.6043724341,127.0088361313
107900025,37.5892753684,127.0200666300
107900259,37.5934520000,127.0162360000
107900026,37.5960223777,127.0334881714
107900027,37.5912582105,127.0305848420
107900028,37.5977570629,127.0297868295
107900030,37.6138039967,127.0455235372
107900031,37.6108554720,127.0482277397
107900033,37.6074650247,127.0410680515
107900034,37.6108023697,127.0199285610
107900035,37.6090831925,127.0203178716
107900036,37.6166599530,127.0035140799
107900037,37.6039281291,127.0082026720
107900038,37.5881107312,127.0088742018
107900039,37.5968921594,127.0326607185
107900040,37.5930412509,127.0278066095
107900041,37.5979829182,127.0310202081
107900043,37.6126113808,127.0489730694
107900044,37.6066542137,127.0408382727
107900045,37.6111129362,127.0216763929
107900046,37.6063912219,127.0217978896
107900047,37.6034392147,127.0078193261
107900049,37.5880973543,127.0067691679
107900254,37.5881449546,127.0091097341
107900292,37.6137524896,127.0383227067
107900050,37.5967304932,127.0144253969
107900051,37.5977417900,127.0330031027
107900052,37.5945580930,127.0264561677
107900053,37.5978024471,127.0319702953
107900055,37.6133087107,127.0500348524
107900056,37.6059628480,127.0402905965
107900302,37.6113884844,127.0226562581
107900282,37.6051725267,127.0223666084
107900283,37.6022105821,127.0243523151
107900057,37.6037248291,127.0082621961
107900249,37.5926518990,127.0088903855
107900293,37.6177787253,127.0430066211
107900058,37.5971725293,127.0127463341
107900060,37.5941781735,127.0248944002
107900061,37.5978526869,127.0327766528
107900063,37.6139775278,127.0529124982
107900064,37.6043412492,127.0392307477
107900065,37.6118369827,127.0238853806
107900281,37.6041460000,127.0241730000
107900066,37.6119203778,127.0053135319
107900067,37.6041816433,127.0087719123
107900068,37.5861278140,127.0250423170
107900069,37.5894788054,127.0051556693
107900070,37.5922035215,127.0082620546
107900298,37.6199450324,127.0451511821
107900071,37.5977882419,127.0110067037
107900072,37.5978597954,127.0297528957
107900073,37.5951930807,127.0235199391
107900074,37.5989120000,127.0343520000
107900076,37.6148530000,127.0546540000
107900079,37.6120078422,127.0255414558
107900270,37.6034488866,127.0092606947
107900080,37.5861138287,127.0271631411
107900081,37.5976425376,127.0220560921
107900082,37.5979671042,127.0328514477
107900083,37.6164260000,127.0569280000
107900084,37.6159190000,127.0556610000
107900350,37.6061228727,127.0452758609
107900086,37.6124543420,127.0274932778
107900087,37.6042060000,127.0228480000
107900088,37.6094883196,127.0058966843
107900271,37.6026956338,127.0107185841
107900090,37.5892202337,127.0050894402
107900091,37.6229790000,127.0477410000
107900093,37.5987114012,127.0203281149
107900285,37.5979024838,127.0319114484
107900097,37.6152176785,127.0581116015
107900357,37.6143030000,127.0654280000
107900358,37.6141629103,127.0676260739
107900359,37.6100821203,127.0703008849
107000530,37.6100650000,127.0672260000
107900100,37.6123270172,127.0297023033
107900101,37.6051750000,127.0224540000
107900102,37.6094586262,127.0073021258
107900308,37.6135767647,127.0481921170
107900103,37.5862774378,127.0322869440
107900107,37.5885307766,127.0067963836
107900108,37.5877945813,127.0068903011
107900110,37.6013301158,127.0288153961
107900113,37.5995443971,127.0175918525
107900115,37.5980964627,127.0309919428
107900118,37.6055549240,127.0222829921
107900120,37.6086862377,127.0078742430
107900125,37.5934247138,126.9958836268
107900127,37.5896344415,127.0092820358
107900128,37.5877791457,127.0086669439
107900129,37.6017407751,127.0297680319
107900130,37.5998023580,127.0170331603
107900131,37.6083206204,127.0293255215
107900132,37.6065398941,127.0218415618
107900133,37.6113614529,127.0093640245
107900134,37.6082706923,127.0098053714
107900135,37.5925307938,126.9948588415
107900136,37.5888116861,127.0100292895
107900137,37.5881655969,127.0101254524
107900138,37.6021839366,127.0304477445
107900139,37.6006018719,127.0152065619
107900141,37.6066792098,127.0278026247
107900142,37.6086973016,127.0206925440
107900144,37.5925495961,126.9925917473
107900145,37.5878763191,127.0104481310
107900146,37.5886421351,127.0116236224
107900147,37.6025734873,127.0309356235
107900148,37.6151280000,127.0585570000
107900299,37.6146287295,127.0647168159
107000531,37.6127866945,127.0548564845
107900149,37.6042360000,127.0243720000
107000532,37.6128820215,127.0550830532
107000533,37.6111169884,127.0568972381
107900150,37.6099229410,127.0197436999
107900307,37.6137056129,127.0482091911
107900151,37.5931263008,126.9927207864
107900152,37.5858614419,127.0109053037
107900153,37.5896248782,127.0147162769
107900154,37.6035229732,127.0303644793
107900354,37.6197496401,127.0480041459
107900155,37.5985154642,127.0142623966
107900156,37.5986595673,127.0276682695
107900157,37.6165801077,127.0571250268
107900159,37.6109999704,127.0183054636
107900351,37.5995992222,127.0113466683
107000444,37.6131251590,127.0130249816
107900160,37.5926486034,126.9909757805
107900162,37.5845908968,127.0109979664
107900165,37.6039526599,127.0272103996
107900340,37.5959526063,126.9972123529
107900341,37.5960279830,126.9968838263
107900306,37.5995439814,127.0329450077
107900171,37.6122913200,127.0176895841
107900318,37.5947299049,126.9989242882
107900317,37.5945947562,126.9989214593
107900174,37.5923603438,126.9922226001
107900315,37.5954461773,126.9977806154
107900316,37.5954754571,126.9976560572
107900314,37.5967146098,126.9966104959
107900309,37.5966512245,126.9965774499
107900177,37.5835870776,127.0110533004
107900255,37.5915399594,127.0123873098
107900180,37.6044477074,127.0256430693
107900313,37.5975084085,126.9949423033
107900344,37.6195039893,127.0505518894
107900312,37.5975408896,126.9948250653
107900182,37.6130750000,127.0169190000
107900185,37.5924406819,126.9947886382
107900311,37.5983184366,126.9938901546
107900188,37.5904336247,127.0102797636
107900310,37.5982740000,126.9937440000
107900320,37.6015704448,127.0115042175
107000469,37.6009938271,127.0334093139
107900321,37.6015704448,127.0112628186
107900323,37.6024197844,127.0114966535
107900324,37.6022616471,127.0113725526
107900322,37.6025545235,127.0107922182
107900326,37.6015365015,127.0096709641
107900325,37.6021750047,127.0108956099
107900319,37.6000835088,127.0113042765
107900331,37.5988806852,127.0113125874
107900330,37.5987928328,127.0113720246
107900190,37.6065115165,127.0281286376
107900327,37.5992909467,126.9926082763
107900329,37.6006040000,126.9900300000
107900328,37.5997706972,126.9921864081
107000495,37.6203566244,127.0452973432
107900191,37.6159480000,127.0553940000
107900194,37.5933823665,126.9959968718
107900195,37.5891741149,127.0074486831
107900197,37.6075367209,127.0291417258
107900201,37.6148600000,127.0543970000
107900355,37.6186378364,127.0511834599
107900356,37.6115075259,127.0561739802
107900286,37.6059394924,127.0311141214
107900203,37.6191413885,127.0456141233
107900204,37.6140466550,127.0526527202
107900206,37.5864829118,127.0262501333
107900208,37.5920233074,127.0082088116
107900210,37.6027999972,127.0315250690
107900213,37.6134406042,127.0505764271
107900215,37.6038353025,127.0378090878
107900216,37.6083707180,127.0097442213
107900338,37.6209240431,127.0458244048
107900339,37.6193829059,127.0469646561
107900219,37.6022065040,127.0302914603
107900262,37.5987916924,127.0143670046
107900224,37.6041727102,127.0393382553
107900226,37.6087042480,127.0080441437
107900230,37.6018588018,127.0298303694
107900234,37.6123942977,127.0487837637
107900239,37.6041273834,127.0427144806
107900241,37.6096167331,127.0073694927
107900265,37.5877600000,127.0230750000
107900240,37.6016820000,127.0290500000
107900238,37.6004509363,127.0152061932
107900237,37.6142947860,127.0414527557
107900236,37.6110537358,127.0481667022
107900235,37.6048993942,127.0438728583
107900233,37.6111778561,127.0058854907
107900261,37.5954940982,127.0107232511
107900232,37.5996513018,127.0291748905
107900231,37.6000277168,127.0164193819
107900229,37.6156500659,127.0423241257
107900228,37.6099870685,127.0476291248
107900227,37.6068870252,127.0461343399
107900243,37.6118951367,127.0055480005
107900258,37.5893438185,127.0202580181
107900225,37.5822593867,127.0145993366
107900223,37.5992976541,127.0176785796
107900297,37.6080318541,127.0472756242
107900221,37.6075912815,127.0471292345
107900220,37.5913019518,127.0134834289
107900218,37.5813963581,127.0127354927
107900217,37.5984610236,127.0202967300
107900290,37.6068638336,127.0478038236
107900214,37.6091289096,127.0461798986
107900279,37.6166087930,127.0034685688
107900209,37.5878015805,127.0175977286
107900207,37.5962151136,127.0089861462
107900199,37.5802801396,127.0103598878
107900196,37.5974334637,127.0220789870
107900193,37.6067975857,127.0488367104
107900242,37.6113791943,127.0454756183
107900276,37.6154320192,127.0013581804
107900189,37.5870414318,127.0149048675
107900187,37.5954999855,127.0091043886
107900186,37.5977742664,127.0328694828
107900184,37.5952697650,127.0230545241
107900183,37.6119083534,127.0448959944
107900277,37.6146859282,126.9997383348
107900179,37.5863747515,127.0138720583
107900178,37.5944634325,127.0085261637
107900176,37.5969732970,127.0325169289
107900175,37.5940465738,127.0250868706
107900173,37.6122936821,127.0439162850
107900172,37.5851065492,127.0134135316
107900169,37.5937038561,127.0084192423
107900168,37.5960161140,127.0333330207
107900167,37.5944860839,127.0261062172
107900166,37.6116143881,127.0430449810
107000507,37.5948925645,127.0360345440
107900164,37.5954193263,127.0342670319
107900163,37.5929132964,127.0278065619
107900161,37.6120812083,127.0415425301
107900126,37.5943641285,127.0343480838
107900124,37.5912538614,127.0299756120
107900123,37.5932304366,127.0347676921
107900122,37.5913340000,127.0333070000
107900121,37.5924290939,127.0356891028
107900119,37.5879222642,127.0105659012
107900117,37.6208195823,127.0456216446
107900116,37.5990565246,127.0294147509
107900114,37.5995701571,127.0293639897
107900112,37.6129858688,127.0613211365
107900111,37.5926731519,127.0090298604
107900250,37.5935739534,127.0094244147
107900251,37.5945110389,127.0104116880
107900105,37.5963140934,127.0106667452
107900106,37.5965292419,127.0096986249
107900109,37.5964459011,127.0096872905
107900264,37.5963571148,127.0104211977
107900252,37.5947555941,127.0104114676
107900253,37.5939786975,127.0096419085
107900095,37.5910090068,127.0142590636
108000001,37.6413456809,127.0291614982
108000002,37.6408930184,127.0288270779
108000003,37.6365085542,127.0240046310
108000004,37.6375917165,127.0253079045
108000005,37.6312262117,127.0241719892
108000006,37.6303501914,127.0246143990
108000007,37.6248696784,127.0266493048
108000008,37.6242950292,127.0270450398
108000009,37.6197140913,127.0287194030
108000010,37.6188372063,127.0292480892
108000011,37.6137621245,127.0299325391
108000012,37.6128943078,127.0302131064
108000378,37.6382895216,127.0258703828
108000014,37.6626545921,127.0127134568
108000015,37.6608090000,127.0134240000
108000016,37.6620450000,127.0133570000
108000017,37.6596909410,127.0137598310
108000018,37.6551520000,127.0129540000
108000019,37.6513809333,127.0126091716
108000020,37.6491109904,127.0137114618
108000021,37.6491130000,127.0140190000
108000022,37.6481470000,127.0134480000
108000023,37.6479780000,127.0134350000
108000024,37.6465300000,127.0104380000
108000025,37.6463224596,127.0106931578
108000026,37.6445878830,127.0106566466
108000027,37.6443094230,127.0109421731
108000028,37.6425036675,127.0108285910
108000029,37.6423108154,127.0110529305
108000030,37.6400512667,127.0119023303
108000031,37.6403058000,127.0118513850
108000032,37.6450333774,127.0155272484
108000033,37.6445998945,127.0159997041
108000034,37.6418800000,127.0165550000
108000035,37.6416805827,127.0168113608
108000036,37.6468530000,127.0174600000
108000037,37.6467578286,127.0170948735
108000038,37.6450886664,127.0194289060
108000039,37.6448930000,127.0202020000
108000040,37.6433654819,127.0217661991
108000041,37.6436515170,127.0219164140
108000042,37.6383971504,127.0136267756
108000043,37.6384286647,127.0138284749
108000044,37.6371680139,127.0128648965
108000045,37.6365184578,127.0130723558
108000046,37.6365089299,127.0171140536
108000047,37.6368100000,127.0173570000
108000048,37.6339738966,127.0139576170
108000049,37.6337259037,127.0139522376
108000050,37.6340800000,127.0155510000
108000051,37.6338204001,127.0149108072
108000052,37.6342866157,127.0168991040
108000053,37.6339931438,127.0168721385
108000054,37.6344334502,127.0189955726
108000055,37.6342171250,127.0191414322
108000056,37.6347226913,127.0222678339
108000057,37.6343871166,127.0212163361
108000058,37.6407150000,127.0256650000
108000059,37.6406143243,127.0262068516
108000060,37.6351433469,127.0286868166
108000061,37.6349869893,127.0291221925
108000062,37.6354150000,127.0320140000
108000063,37.6351732556,127.0322955083
108000064,37.6361251293,127.0350310027
108000065,37.6356319935,127.0345096148
108000066,37.6342350364,127.0361604414
108000067,37.6349568396,127.0352743398
108000068,37.6333403549,127.0174696835
108000069,37.6332538827,127.0177047638
108000070,37.6298588460,127.0177651250
108000071,37.6300070000,127.0179820000
108000072,37.6252947897,127.0182240004
108000073,37.6254702234,127.0184390605
108000074,37.6232424458,127.0189878991
108000075,37.6234070000,127.0190880000
108000076,37.6218299513,127.0201740841
108000077,37.6215172200,127.0205867332
108000078,37.6180883036,127.0213079919
108000079,37.6185334123,127.0214576496
108000080,37.6154596915,127.0221103696
108000081,37.6140963114,127.0223138592
108000082,37.6193270000,127.0219350000
108000083,37.6191447206,127.0217902854
108000084,37.6183241886,127.0249842203
108000085,37.6179423926,127.0255230955
108000086,37.6172887669,127.0283809304
108000087,37.6170600000,127.0284870000
108000088,37.6322518875,127.0390339762
108000089,37.6332852010,127.0385729384
108000091,37.6324780000,127.0392330000
108000092,37.6313780406,127.0399848073
108000093,37.6311100000,127.0410900000
108000094,37.6290195783,127.0434628856
108000095,37.6286520000,127.0443750000
108000096,37.6255071471,127.0481295780
108000097,37.6270150000,127.0472270000
108000098,37.6234130879,127.0479843518
108000099,37.6189980000,127.0441360000
108000100,37.6137499056,127.0379534336
108000101,37.6119977670,127.0354111524
108000102,37.6100221835,127.0318277681
108000106,37.6456670533,127.0068382647
108000107,37.6457796797,127.0067787872
108000108,37.6468996874,127.0091441274
108000109,37.6469500000,127.0089570000
108000110,37.6448419212,127.0235480508
108000111,37.6343812730,127.0367038250
108000112,37.6425235501,127.0229920646
108000113,37.6438445130,127.0231023914
108000115,37.6403601066,127.0227228438
108000117,37.6367337539,127.0231692841
108000118,37.6355100656,127.0248073406
108000119,37.6387480000,127.0283450000
108000120,37.6389820000,127.0286120000
108000121,37.6368320000,127.0314550000
108000122,37.6369980000,127.0316470000
108000123,37.6321134046,127.0135834136
108000124,37.6319759796,127.0137958060
108000125,37.6292133906,127.0130019650
108000126,37.6292978747,127.0131269280
108000127,37.6247738195,127.0123860255
108000128,37.6249200000,127.0125040000
108000129,37.6233680000,127.0131380000
108000130,37.6232608308,127.0130269844
108000131,37.6198860000,127.0181090000
108000132,37.6199944163,127.0187973439
108000133,37.6200218233,127.0162572448
108000134,37.6201498963,127.0161949742
108000135,37.6201843608,127.0133943451
108000136,37.6203083333,127.0126071297
108000137,37.6197323732,127.0111968544
108000138,37.6199369055,127.0113418872
108000139,37.6187769661,127.0092342783
108000140,37.6293796927,127.0399359248
108000141,37.6301100000,127.0411380000
108000142,37.6289388579,127.0398418797
108000143,37.6276638620,127.0382810784
108000144,37.6275338363,127.0378120260
108000145,37.6263750938,127.0368164778
108000146,37.6268511292,127.0370034124
108000147,37.6252315157,127.0372886392
108000148,37.6253893015,127.0369290562
108000149,37.6235474611,127.0377556282
108000150,37.6237403890,127.0374543779
108000151,37.6225842756,127.0375263014
108000152,37.6179925377,127.0358153703
108000153,37.6185988921,127.0359374797
108000154,37.6164972882,127.0345036012
108000155,37.6167487855,127.0345744355
108000156,37.6164216339,127.0311622280
108000157,37.6165541394,127.0316486841
108000158,37.6400256713,127.0275793554
108000159,37.6400597793,127.0281157885
108000160,37.6389518521,127.0268973970
108000161,37.6376933332,127.0250607476
108000165,37.6273785390,127.0255444490
108000382,37.6628680000,127.0115230000
108000383,37.6629182765,127.0112627968
108000172,37.6153850288,127.0297349566
108000173,37.6102090000,127.0304420000
108000175,37.6353758860,127.0130710226
108000178,37.6346209227,127.0243325744
108000179,37.6349248841,127.0249133041
108000181,37.6160580688,127.0333691522
108000182,37.6133360851,127.0340715248
108000183,37.6227175379,127.0378333766
108000184,37.6386311446,127.0260514034
108000185,37.6176730000,127.0154380000
108000186,37.6174683906,127.0152813623
108000187,37.6163478290,127.0188312494
108000188,37.6162710915,127.0187454371
108000189,37.6147094130,127.0307561737
108000190,37.6476640054,127.0123580949
108000375,37.6121340119,127.0358638935
108000192,37.6187431808,127.0092116202
108000193,37.6627897127,127.0129571525
108000194,37.6630320000,127.0117380000
108000195,37.6346180000,127.0352970000
108000196,37.6324130000,127.0134300000
108000198,37.6196972385,127.0111164185
108000199,37.6631290000,127.0121470000
108000200,37.6161778465,127.0166880013
108000203,37.6163580980,127.0164422295
108000205,37.6144302952,127.0218143938
108000204,37.6144686987,127.0212027862
108000364,37.6111758164,127.0330881115
108000365,37.6332570000,127.0134300000
108000369,37.6140792311,127.0302283114
108000367,37.6195492990,127.0151790977
108000368,37.6197921935,127.0153453647
108000372,37.6462100417,127.0079439300
108000371,37.6463230000,127.0078420000
108000373,37.6208649775,127.0453126023
108000377,37.6408936108,127.0223875946
108000376,37.6368331317,127.0228830982
108900216,37.6634309704,127.0122904688
108900158,37.6241772665,127.0127201301
108900154,37.6289921152,127.0395643313
108900153,37.6289011321,127.0303510091
108900152,37.6274393769,127.0101794600
108900022,37.6381013089,127.0063793815
108900151,37.6420400906,127.0020125009
108900150,37.6610980709,127.0133988593
108900148,37.6276482640,127.0378426735
108900162,37.6278746042,127.0310972055
108900147,37.6277190796,127.0113566058
108900146,37.6382004570,127.0074386095
108900217,37.6435025092,127.0035310110
108900164,37.6161085295,127.0333691747
108900156,37.6249774078,127.0129139934
108900025,37.6278189463,127.0366463660
108900145,37.6270885851,127.0321221868
108900144,37.6278825764,127.0122018705
108900143,37.6375342546,127.0076913639
108900142,37.6441927035,127.0045157924
108900141,37.6251665309,127.0138350809
108900140,37.6271601364,127.0356413496
108900138,37.6255754824,127.0323057443
108900137,37.6280837710,127.0133447850
108900136,37.6370107775,127.0079137924
108900218,37.6456973855,127.0070203007
108900135,37.6252573458,127.0154053110
108900134,37.6266121006,127.0344605841
108900133,37.6238998772,127.0374657868
108900132,37.6244988638,127.0321493948
108900131,37.6287112892,127.0152179897
108900130,37.6366827714,127.0098045717
108900129,37.6461780008,127.0246386377
108900128,37.6254067720,127.0165405200
108900174,37.6255924772,127.0325364143
108900127,37.6236275055,127.0321875376
108900126,37.6293965888,127.0162904401
108900125,37.6367334755,127.0110180881
108900278,37.6367536584,127.0119357932
108900124,37.6445347047,127.0232861840
108900123,37.6250705419,127.0174161828
108900122,37.6230777930,127.0323753581
108900203,37.6301526349,127.0175250022
108900211,37.6424802856,127.0230566420
108900121,37.6248776198,127.0180165771
108900119,37.6221991545,127.0326717873
108900204,37.6309112824,127.0179523198
108900118,37.6367446746,127.0126565535
108900212,37.6406725215,127.0256998687
108900172,37.6247891837,127.0188481065
108900277,37.6369021524,127.0118237871
108900117,37.6212403300,127.0329273916
108900205,37.6321483624,127.0186380913
108900116,37.6435561341,127.0107834163
108900177,37.6375906296,127.0249677991
108900195,37.6235355369,127.0459678973
108900115,37.6248635854,127.0211399902
108900114,37.6198990000,127.0332450000
108900113,37.6338728904,127.0195268260
108900206,37.6337304054,127.0139839635
108900111,37.6253372712,127.0447499944
108900163,37.6254173467,127.0232915478
108900110,37.6261592427,127.0466039503
108900168,37.6128683546,127.0304262542
108900109,37.6183851236,127.0335841655
108900207,37.6338294026,127.0149765253
108900108,37.6402544989,127.0115682035
108900106,37.6261160053,127.0442247850
108900105,37.6259395430,127.0253864806
108000386,37.6296470000,127.0240960000
108900103,37.6166641214,127.0339854860
108900102,37.6356860225,127.0236086128
108900101,37.6339778333,127.0168166160
108900233,37.6403416065,127.0142820851
108900100,37.6130688648,127.0344291798
108900099,37.6276136002,127.0442392677
108900098,37.6267385325,127.0258341771
108900178,37.6374815091,127.0253881411
108900234,37.6406305942,127.0162844050
108900169,37.6159868107,127.0336239934
108900215,37.6456427714,127.0245795335
108900097,37.6282486714,127.0423068222
108900096,37.6260467836,127.0253321368
108900095,37.6137591585,127.0378651550
108900094,37.6350975692,127.0279469112
108900093,37.6409823569,127.0199332209
108900092,37.6279896285,127.0409777233
108900091,37.6256382551,127.0235196961
108000339,37.6130230000,127.0304380000
108900090,37.6150510498,127.0380243258
108900089,37.6422570137,127.0220299226
108900088,37.6287446347,127.0395277612
108000366,37.6189853257,127.0440958536
108900087,37.6251048164,127.0214408606
108900086,37.6158503081,127.0380371932
108900085,37.6144552857,127.0309377135
108900083,37.6403898489,127.0224706365
108900184,37.6301079760,127.0385973548
108900173,37.6248991120,127.0188730581
108900082,37.6164279001,127.0380476824
108900081,37.6339936682,127.0193274421
108900189,37.6315447920,127.0370685406
108900079,37.6250378278,127.0179320311
108900078,37.6160812447,127.0372251142
108900077,37.6167136521,127.0340676265
108900208,37.6322619376,127.0183911221
108900076,37.6318694163,127.0363141169
108900075,37.6252316268,127.0173515224
108900074,37.6154856509,127.0371511878
108900073,37.6183941092,127.0336691211
108900209,37.6304022281,127.0175703804
108900072,37.6368508090,127.0245853867
108900071,37.6327339490,127.0350081615
108900070,37.6254842593,127.0165824550
108900069,37.6147440609,127.0371417568
108900068,37.6199640000,127.0333370000
108900067,37.6296268423,127.0162720978
108900066,37.6333955299,127.0343739731
108900065,37.6253402419,127.0154325180
108900064,37.6139772435,127.0371221189
108900063,37.6211844276,127.0330531131
108900062,37.6287953314,127.0151574640
108900230,37.6342732728,127.0170113546
108900061,37.6411606222,127.0253984583
108900060,37.6344085277,127.0337455976
108900157,37.6253035040,127.0137637329
108900059,37.6136948475,127.0377293648
108900058,37.6222270573,127.0327828202
108900057,37.6282121507,127.0134410991
108900210,37.6423669718,127.0218894421
108900180,37.6350464176,127.0340110218
108900056,37.6279690780,127.0122245437
108900055,37.6341197250,127.0135376169
108900054,37.6411409504,127.0199139997
108900159,37.6252901267,127.0125152630
108900053,37.6109552133,127.0334019855
108900052,37.6229939721,127.0325242794
108900051,37.6278069236,127.0113792758
108900232,37.6355389600,127.0132670716
108900235,37.6407630608,127.0162289098
108900050,37.6259965831,127.0124496720
108900049,37.6127736242,127.0309369798
108900048,37.6244222371,127.0322762463
108900047,37.6274903404,127.0100814183
108900046,37.6369587608,127.0126679297
108900236,37.6404389454,127.0140985350
108900045,37.6265516594,127.0123647948
108900044,37.6368907918,127.0110800620
108900043,37.6402256236,127.0119761285
108900042,37.6617153182,127.0134032107
108900041,37.6375160000,127.0261690000
108900040,37.6260353485,127.0122706768
108900039,37.6271020543,127.0322943991
108900038,37.6368864275,127.0097995802
108900035,37.6255168584,127.0327877998
108900034,37.6280104647,127.0316117026
108900033,37.6370738425,127.0079732801
108900032,37.6435398929,127.0110191170
108900161,37.6240619418,127.0125898279
108900031,37.6264670403,127.0345928361
108900030,37.6375040721,127.0078345363
108900029,37.6198026760,127.0110031514
108900028,37.6270767404,127.0357113281
108900027,37.6382309279,127.0077503725
108900026,37.6461584609,127.0107157988
108900024,37.6277765778,127.0367029926
108900196,37.6235952196,127.0377522537
108900023,37.6381346428,127.0064915618
108900021,37.6335857244,127.0341463204
108900190,37.6285317388,127.0393340964
108900020,37.6328106097,127.0347759274
108900019,37.6258127839,127.0370107352
108900018,37.6317369268,127.0364126242
108900017,37.6316563508,127.0376226365
108900016,37.6445864643,127.0048036500
108900185,37.6312689643,127.0373743139
108900225,37.6436773202,127.0034868249
108900186,37.6300386219,127.0385078133
108900015,37.6421608368,127.0019309161
108900014,37.6277177238,127.0376036568
108900199,37.6278120730,127.0410988513
108900013,37.6280702834,127.0422330792
108900012,37.6277956991,127.0440252483
108900011,37.6259772576,127.0441737213
108900010,37.6249236185,127.0448958911
108900009,37.6230966867,127.0460254038
108900008,37.6252363894,127.0446457062
108900007,37.6260240521,127.0466752399
108900004,37.6102684942,127.0304500466
108900171,37.6142392565,127.0301334610
108900003,37.6434913546,127.0227668587
108900002,37.6348963686,127.0250915337
108900183,37.6350509566,127.0338943188
108900192,37.6343535824,127.0336730577
108900201,37.6285541467,127.0396898577
108000379,37.6364064842,127.0357080785
108900001,37.6255967260,127.0324720413
108900240,37.6144948223,127.0210554967
108900241,37.6174096971,127.0217994295
108900245,37.6150849616,127.0297586250
108900250,37.6190948303,127.0154198988
108900272,37.6231428162,127.0318418008
108900271,37.6239152351,127.0311295427
108900270,37.6248327216,127.0304263922
108900269,37.6257429795,127.0297855320
108900268,37.6271731261,127.0293711961
108900267,37.6269042294,127.0284681063
108900266,37.6265558405,127.0269767981
108900265,37.6275568794,127.0258843935
108900264,37.6321924359,127.0240584476
108900263,37.6336246217,127.0265538570
108900262,37.6348111330,127.0274879166
108900261,37.6256574148,127.0296336871
108900260,37.6248255726,127.0301941441
108900259,37.6238206770,127.0309176532
108900258,37.6231743045,127.0320253405
108900273,37.6305370136,127.0247048513
107900301,37.6118839664,127.0353820571
109000001,37.6892028570,127.0455120837
109000002,37.6885680000,127.0458130000
109000003,37.6839229454,127.0459850042
109000004,37.6826720000,127.0460670000
109000005,37.6777606492,127.0449581366
109000006,37.6772620000,127.0451030000
109000007,37.6732893620,127.0441473390
109000008,37.6727500000,127.0443330000
109000009,37.6661748051,127.0429308393
109000010,37.6656765700,127.0430512460
109000011,37.6589364195,127.0407623758
109000012,37.6582050000,127.0405170000
109000013,37.6545598452,127.0381736668
109000014,37.6539680000,127.0379770000
109000015,37.6488174173,127.0347686574
109000016,37.6480714136,127.0344600639
109000017,37.6452929962,127.0326524367
109000018,37.6446520000,127.0324200000
109000019,37.6699992027,127.0436499626
109000020,37.6691970000,127.0437570000
109000023,37.6826140348,127.0456109086
109000024,37.6821047926,127.0459586654
109000407,37.6432229460,127.0524268652
109000025,37.6771834389,127.0451325639
109000026,37.6770277354,127.0446529158
109000027,37.6741632354,127.0446001847
109000028,37.6741048347,127.0441500898
109000029,37.6692437083,127.0437945509
109000030,37.6656756185,127.0431884020
109000031,37.6651007798,127.0425798048
109000032,37.6612173924,127.0422791488
109000033,37.6622176747,127.0421039333
109000034,37.6575128224,127.0402286427
109000036,37.6526308865,127.0373872846
109000037,37.6521851028,127.0365880712
109000038,37.6541047846,127.0382221679
109000039,37.6548202673,127.0381420661
109000040,37.6480246628,127.0340974005
109000041,37.6475318122,127.0342799955
109000042,37.6439937680,127.0321793259
109000044,37.6761342030,127.0483742620
109000045,37.6758077674,127.0477862346
109000046,37.6747370000,127.0473180000
109000047,37.6733150000,127.0465820000
109000048,37.6689552465,127.0463337031
109000049,37.6688382917,127.0460153661
109000050,37.6658333560,127.0464385387
109000051,37.6663876289,127.0460053525
109000052,37.6604251641,127.0494952497
109000053,37.6604967889,127.0487791300
109000054,37.6589328630,127.0500065597
109000055,37.6586807038,127.0496686321
109000056,37.6566813833,127.0498048344
109000057,37.6566713350,127.0495822895
109000058,37.6549321325,127.0503385996
109000059,37.6542124806,127.0512466785
109000060,37.6538281446,127.0510007909
109000061,37.6535907021,127.0505902348
109000062,37.6519330000,127.0514650000
109000063,37.6513525023,127.0514438738
109000064,37.6490406835,127.0523899949
109000065,37.6492264659,127.0520286111
109000066,37.6470625209,127.0530436187
109000067,37.6472653853,127.0527729177
109000068,37.6870828083,127.0407179415
109000069,37.6873184373,127.0441871881
109000070,37.6874938159,127.0440286782
109000071,37.6803220296,127.0466814888
109000072,37.6803959104,127.0470845566
109000073,37.6794237641,127.0490169573
109000074,37.6796543968,127.0491191453
109000075,37.6784420000,127.0492120000
109000076,37.6712158708,127.0427070454
109000077,37.6713119921,127.0428107756
109000078,37.6705203068,127.0391794072
109000079,37.6707868238,127.0393403556
109000080,37.6694362247,127.0366363352
109000081,37.6695600000,127.0365700000
109000082,37.6682136969,127.0348108899
109000083,37.6682708426,127.0346224327
109900164,37.6637196179,127.0279943718
109000088,37.6640780000,127.0351400000
109000089,37.6641158948,127.0348959433
109000090,37.6616720000,127.0349300000
109000091,37.6617551365,127.0346738125
109000092,37.6597398904,127.0350817617
109000093,37.6596243231,127.0348107133
109000094,37.6686672058,127.0318158985
109000095,37.6664880000,127.0344280000
109000096,37.6665470787,127.0341413947
109000097,37.6634557599,127.0372935845
109000098,37.6632312342,127.0371976410
109000099,37.6617317184,127.0233214100
109000100,37.6620015247,127.0231445962
109000101,37.6616802914,127.0281110250
109000102,37.6620280000,127.0286920000
109000103,37.6612250000,127.0275580000
109000104,37.6619831294,127.0313834612
109000105,37.6623620000,127.0320200000
109000106,37.6623619933,127.0342414798
109000107,37.6625950000,127.0341130000
109000108,37.6626546059,127.0370023950
109000109,37.6629330000,127.0368070000
109000110,37.6627158579,127.0406167927
109000111,37.6629772212,127.0403874289
109000112,37.6628720833,127.0463095190
109000113,37.6623434490,127.0478212440
109000114,37.6626297182,127.0480629127
109000115,37.6574593323,127.0150062055
109000116,37.6577320000,127.0147620000
109000117,37.6572501084,127.0190078891
109000118,37.6574304604,127.0180163153
109000119,37.6574025551,127.0230480688
109000120,37.6575310000,127.0222950000
109000121,37.6574046264,127.0242705926
109000122,37.6576560000,127.0251000000
109000123,37.6608342669,127.0277400677
109000124,37.6598133715,127.0276286112
109000125,37.6576477672,127.0289334878
109000126,37.6578472924,127.0287373024
109000127,37.6578398426,127.0314515194
109000128,37.6580003804,127.0313205806
109000129,37.6580483830,127.0347919771
109000130,37.6582514168,127.0345433384
109000131,37.6572458182,127.0375306952
109000132,37.6574389797,127.0375891737
109000133,37.6572562221,127.0136533178
109000134,37.6550250000,127.0132230000
109000417,37.6463788339,127.0437915624
109000135,37.6510600000,127.0131380000
109000136,37.6469743334,127.0256814814
109000137,37.6470950000,127.0253900000
109000138,37.6495560000,127.0277890000
109000139,37.6498332726,127.0278191840
109000140,37.6517710532,127.0284257500
109000141,37.6515270149,127.0282645929
109000142,37.6542705499,127.0410046287
109000143,37.6536699078,127.0408838385
109000145,37.6511060000,127.0445250000
109000146,37.6514245604,127.0445412495
109000148,37.6523358450,127.0461227769
109000149,37.6525121272,127.0523314066
109000150,37.6527469996,127.0519925342
109000155,37.6451010377,127.0482244126
109000156,37.6453057413,127.0480754907
109000158,37.6440866968,127.0443542991
109000159,37.6442125083,127.0440281367
109000160,37.6415355739,127.0410384214
109000161,37.6416284932,127.0407268539
109000162,37.6398501948,127.0394443113
109000163,37.6403988780,127.0395396001
109000164,37.6377078890,127.0373826795
109000165,37.6375883927,127.0369310390
109000166,37.6408990489,127.0336397512
109000167,37.6407780000,127.0334670000
109000170,37.6461900000,127.0372650000
109000171,37.6463797917,127.0376079820
109000172,37.6460230000,127.0348280000
109000173,37.6461924766,127.0351240039
109000174,37.6460800000,127.0397320000
109000175,37.6461243931,127.0395258217
109000176,37.6430920000,127.0405170000
109000177,37.6428560000,127.0404070000
109000178,37.6426101856,127.0367159557
109000179,37.6539743778,127.0499897686
109000180,37.6536576919,127.0501720008
109000181,37.6469310032,127.0442008606
109000182,37.6487636037,127.0430117184
109000183,37.6487341017,127.0427791548
109000184,37.6509982018,127.0417180955
109000185,37.6513229545,127.0414767297
109000188,37.6565423713,127.0279900823
109000189,37.6556242091,127.0278333324
109000190,37.6457412104,127.0537656741
109000191,37.6461055626,127.0536101559
109000192,37.6344925058,127.0423498570
109000193,37.6344040379,127.0425216938
109000194,37.6332317689,127.0436713080
109000195,37.6331768963,127.0435059071
109000196,37.6341093323,127.0414905637
109000197,37.6338519893,127.0412154818
109000198,37.6337044602,127.0402309119
109000199,37.6334072452,127.0400822024
109900166,37.6451540000,127.0525290000
109900165,37.6452469971,127.0527023636
109000206,37.6652984161,127.0368156452
109000207,37.6663430678,127.0383406047
109000208,37.6671458750,127.0412481803
109000209,37.6556229537,127.0404004440
109000210,37.6558700000,127.0406020000
109000211,37.6616031259,127.0467532395
108000381,37.6354839138,127.0384278157
109000214,37.6591681347,127.0279037943
109000215,37.6781990171,127.0494617013
109000216,37.6619470000,127.0419200000
109000217,37.6513664604,127.0384575543
109000218,37.6510121866,127.0331370812
109000221,37.6655050000,127.0355030000
109000222,37.6654565426,127.0353281335
109000223,37.6423843650,127.0324449266
109000224,37.6354686365,127.0382239500
109000225,37.6377367060,127.0351770744
109000226,37.6385900000,127.0344530000
109000227,37.6432566421,127.0383491910
109000228,37.6872224695,127.0406896745
109000231,37.6687480000,127.0319450000
109000232,37.6690677721,127.0299513375
109000236,37.6589070000,127.0139970000
109000241,37.6388467098,127.0384760994
109000242,37.6392573593,127.0384574781
109000397,37.6676173155,127.0330084504
109000396,37.6678876413,127.0328952262
109000403,37.6548140039,127.0500740655
109000399,37.6426266528,127.0317878535
109000400,37.6667335659,127.0323700120
109000405,37.6898762161,127.0444996062
109000406,37.6899483575,127.0443522431
109000408,37.6901770000,127.0442670000
108000384,37.6618138354,127.0147587067
108000385,37.6621633293,127.0146769048
109000414,37.6517301155,127.0532459112
109000413,37.6521106678,127.0534954867
109000416,37.6447333973,127.0545213045
109000415,37.6450286435,127.0549455285
109900181,37.6536040000,127.0499060000
109900006,37.6628827003,127.0302537587
109900114,37.6458689720,127.0284574972
109900007,37.6506949897,127.0252305774
109900104,37.6527572122,127.0224988220
109900002,37.6445614593,127.0286428437
109900001,37.6499633172,127.0252110640
109900003,37.6514369621,127.0233665374
109900102,37.6572646786,127.0151682419
108900279,37.6330190000,127.0396820000
109900182,37.6315850000,127.0414670000
109900100,37.6497379178,127.0258093606
109900099,37.6505864786,127.0226715612
109900105,37.6556918915,127.0157323897
109900098,37.6587260000,127.0277170000
109900097,37.6493746259,127.0265163993
109900096,37.6495384245,127.0231778182
109900094,37.6482095603,127.0263788608
109900093,37.6489176294,127.0229271728
109900092,37.6526914381,127.0171019004
109900140,37.6612378102,127.0478602057
109900090,37.6573821506,127.0377806894
109900089,37.6476490168,127.0250110370
109900106,37.6500958249,127.0202835758
109900115,37.6506912973,127.0294951701
109900111,37.6581010105,127.0355267033
109900107,37.6495484449,127.0219691394
109900087,37.6673955059,127.0462737888
109900086,37.6511214360,127.0349113945
109900085,37.6580622671,127.0323860104
109900084,37.6479708013,127.0264643918
109900083,37.6712739361,127.0457717409
109900082,37.6579159925,127.0301168678
109900081,37.6532890093,127.0509355099
109000418,37.6733020000,127.0468380000
109900080,37.6578038110,127.0282852410
109900077,37.6711460000,127.0398250000
109900123,37.6584636075,127.0274082286
109900076,37.6577150088,127.0265443002
109900075,37.6508502983,127.0313946417
109900074,37.6728138601,127.0409094029
109900137,37.6441949149,127.0403089720
109900073,37.6594246503,127.0251961284
109900072,37.6776701780,127.0492414111
109900071,37.6744514399,127.0425393678
109900126,37.6583226778,127.0249781408
109900069,37.6756701910,127.0436465315
109900068,37.6582856906,127.0268961094
109900067,37.6493926166,127.0266535322
109900066,37.6478292345,127.0249119482
109900065,37.6809875292,127.0457799763
109900149,37.6771620000,127.0437650000
109900064,37.6422156092,127.0356230477
109900117,37.6576773905,127.0293879937
109900062,37.6497982681,127.0259102437
109900061,37.6831304492,127.0471188426
109900150,37.6787970000,127.0437080000
109900060,37.6407674519,127.0337768025
109900058,37.6500858758,127.0251555744
109900057,37.6496014864,127.0232469679
109900056,37.6523110123,127.0516851003
109900055,37.6827710000,127.0488950000
109900151,37.6795203048,127.0436413702
109900054,37.6578684850,127.0325684045
109000394,37.6662550301,127.0378894716
109900053,37.6505188837,127.0227440715
109900052,37.6838280147,127.0495039881
109000293,37.6515935012,127.0381460822
109900051,37.6790145516,127.0423594433
109900050,37.6513747708,127.0234515159
109900049,37.6842317103,127.0515734531
109900170,37.6456721729,127.0505872975
109900171,37.6469959833,127.0486325542
109900172,37.6486610411,127.0478673740
109900173,37.6523291893,127.0463383955
109900174,37.6530582958,127.0432189107
109900175,37.6508570874,127.0315854369
109900176,37.6491535465,127.0473969976
109900177,37.6468588240,127.0483171871
109900167,37.6609542560,127.0471636659
109900168,37.6591925682,127.0419096759
109000410,37.6590798301,127.0421159066
109900169,37.6610377900,127.0474980379
109900152,37.6784717098,127.0407189028
109900113,37.6571578082,127.0376989713
109900108,37.6496562587,127.0220348239
109000361,37.6716952848,127.0466777586
109900135,37.6513329248,127.0461708888
109900048,37.6858016495,127.0509577365
109000364,37.6638890000,127.0466800000
109900153,37.6781182487,127.0389713981
109900047,37.6513619627,127.0351189022
109900046,37.6575159000,127.0264127549
109900109,37.6501841000,127.0204615261
109900045,37.6777532993,127.0361868209
109900044,37.6512012464,127.0331242114
109900042,37.6527716123,127.0172526514
109900154,37.6780200195,127.0390076255
109900041,37.6509462068,127.0298771931
109900040,37.6545604185,127.0160925096
109900039,37.6783177932,127.0404396652
109900038,37.6439330888,127.0317544179
109900037,37.6560328264,127.0157596144
109900036,37.6510629639,127.0313539323
109900035,37.6864731679,127.0504502354
109900034,37.6789379513,127.0423843417
109900033,37.6444216622,127.0291719949
109900032,37.6573106168,127.0152985919
109900031,37.6879883235,127.0493865639
109900030,37.6795575228,127.0433971197
109900155,37.6786374607,127.0435711769
109900029,37.6601962887,127.0278033030
109900028,37.6893500743,127.0466117182
109900027,37.6771640000,127.0436550000
109900025,37.6879397664,127.0491450189
109900024,37.6755630000,127.0435560000
109900125,37.6625589484,127.0276624996
109900023,37.6741660000,127.0420390000
109900022,37.6636518246,127.0282160499
109900021,37.6730490000,127.0410040000
109000411,37.6666528006,127.0325922954
109900020,37.6710355447,127.0397113391
109900019,37.6856747197,127.0506753264
109900018,37.6841482332,127.0513389756
109900017,37.6705522883,127.0463167964
109900016,37.6820001335,127.0506852980
109900103,37.6802200817,127.0495741502
109900015,37.6675460000,127.0459750000
109900014,37.6805570067,127.0475733049
109900013,37.6657951567,127.0462033330
109900012,37.6639683106,127.0464770451
109900011,37.6769856293,127.0485936182
109900161,37.6747299568,127.0470617037
109900162,37.6724630827,127.0464730530
109000412,37.6866129511,127.0500737384
109900010,37.6542863205,127.0160182342
109900009,37.6488535848,127.0232739332
109900008,37.6572458455,127.0183105701
109900178,37.6515334353,127.0186268132
109900179,37.6514951821,127.0183803349
109900180,37.6711168303,127.0450448623
109000395,37.6651868464,127.0363190080
109000393,37.6673886582,127.0403849917
110000001,37.6227408373,127.0741781792
110000002,37.6231160369,127.0736211764
110000003,37.6195890997,127.0752002532
110000004,37.6194253308,127.0748409839
110000005,37.6174050827,127.0743733189
110000006,37.6170160254,127.0745338498
110000007,37.6179507657,127.0727577135
110000008,37.6186521132,127.0735465403
110000009,37.6213166942,127.0719631752
110000010,37.6221490333,127.0723921996
110000011,37.6229904068,127.0713043223
110000012,37.6197132662,127.0781312929
110000013,37.6192099264,127.0796853957
110000014,37.6189463149,127.0797927204
110000015,37.6188796917,127.0783739499
110000016,37.6186839765,127.0779971246
110000017,37.6178559331,127.0766766891
110000018,37.6197810079,127.0832854305
110000019,37.6268143537,127.0761279796
110000020,37.6259822146,127.0741277355
110000021,37.6303484607,127.0761457452
110000022,37.6276288051,127.0775731645
110000023,37.6274687926,127.0777061051
110000024,37.6273894182,127.0785188231
110000025,37.6275466907,127.0804798611
110000026,37.6273433068,127.0800990621
110000027,37.6284073540,127.0820911679
110000028,37.6262715664,127.0794578764
110000029,37.6234578543,127.0795189611
110000030,37.6213870578,127.0788883617
110000031,37.6213409964,127.0790469120
110000032,37.6236970732,127.0794300566
110000033,37.6282670614,127.0850407835
110000034,37.6271440983,127.0853188634
110000035,37.6260950000,127.0860350000
110000036,37.6253345130,127.0859251214
110000037,37.6236080000,127.0867470000
110000038,37.6233000940,127.0865288069
110000039,37.6202214222,127.0835906540
110000040,37.6218122867,127.0881214120
110000041,37.6219733458,127.0878830552
110000042,37.6238439810,127.0911284809
110000043,37.6235352001,127.0902613846
110000044,37.6259021468,127.0947361313
110000045,37.6261675083,127.0945526831
110000046,37.6276474938,127.0962777688
110000047,37.6281945254,127.0961867051
110000048,37.6301893532,127.0985753415
110000049,37.6304600000,127.0982580000
110000050,37.6333021780,127.1032736039
110000051,37.6338984084,127.1035996118
110000652,37.6355918609,127.1062793991
110000053,37.6351530701,127.1053040519
110000054,37.6384153875,127.1084328965
110000055,37.6387879980,127.1083937637
110000056,37.6408998623,127.1111217141
110000057,37.6260432496,127.0797928224
110000058,37.6223048363,127.0871773715
110000059,37.6284740985,127.0718012650
110000060,37.6283444968,127.0713744537
110000061,37.6266903750,127.0727039269
110000062,37.6266095264,127.0723130282
110000063,37.6253915545,127.0713064945
110000064,37.6268706243,127.0710519858
110000065,37.6271292281,127.0707517862
110000066,37.6283778949,127.0699476545
110000067,37.6286113424,127.0698345772
110000068,37.6286591696,127.0687125746
110000069,37.6282695180,127.0686697345
110000683,37.6282300863,127.0775443672
110000071,37.6306397464,127.0675701967
110000693,37.6311208645,127.0831052478
110000073,37.6305719879,127.0716994523
110000692,37.6325150030,127.0832993935
110000075,37.6294796422,127.0733714013
110000076,37.6267236629,127.0755405228
110000077,37.6259895946,127.0736172131
110000078,37.6313164990,127.0697006293
110000080,37.6629604016,127.0584559747
110000081,37.6613205166,127.0545329249
110000082,37.6611780000,127.0574630000
110000083,37.6602940000,127.0591980000
110000084,37.6603435605,127.0586794778
110000085,37.6574468479,127.0599658724
110000086,37.6573380333,127.0595396275
110000087,37.6609052625,127.0598156383
110000088,37.6605619018,127.0626050014
110000089,37.6607333963,127.0628214067
110000090,37.6650492388,127.0617198674
110000091,37.6645767657,127.0587961610
110000092,37.6595872028,127.0645319222
110000093,37.6592927621,127.0644767270
110000094,37.6787167696,127.0531830061
110000095,37.6785004733,127.0533188837
110000096,37.6771708775,127.0555614524
110000097,37.6773540117,127.0551013061
110000098,37.6735135543,127.0552560424
110000099,37.6727740000,127.0558730000
110000100,37.6717178437,127.0509549057
110000101,37.6709521187,127.0525754362
110000102,37.6893310475,127.0552031453
110000052,37.6890118581,127.0556485232
110000104,37.6828387764,127.0552708957
110000105,37.6829300008,127.0555582132
110000106,37.6802094382,127.0552746136
110000107,37.6802608778,127.0555052094
110000108,37.6576160971,127.0659938755
110000109,37.6581049302,127.0659036450
110000110,37.6560911065,127.0619864543
110000111,37.6562020000,127.0633650000
110000112,37.6548300000,127.0622740000
110000113,37.6551912030,127.0638662325
110000114,37.6546920000,127.0674880000
110000115,37.6525896504,127.0681368524
110000116,37.6515820512,127.0694249362
110000117,37.6524975750,127.0707159998
110000118,37.6540787526,127.0715548974
110000119,37.6542272425,127.0718383476
110000120,37.6575511709,127.0716616354
110000121,37.6577519815,127.0718498531
110000122,37.6584670000,127.0706950000
110000123,37.6586382774,127.0706328020
110000124,37.6697664795,127.0809233223
110000125,37.6696689099,127.0805894157
110000126,37.6682034017,127.0793552115
110000127,37.6661480625,127.0777874472
110000128,37.6670483264,127.0787107626
110000129,37.6648599952,127.0771188688
110000130,37.6649502043,127.0769489531
110000131,37.6631758119,127.0761169302
110000132,37.6709176644,127.0825488607
110000133,37.6597433281,127.0721269911
110000134,37.6613120000,127.0707680000
110000135,37.6614250000,127.0709030000
110000136,37.6628310717,127.0689792332
110000137,37.6628644876,127.0691876995
110000138,37.6641990000,127.0669440000
110000139,37.6644437316,127.0666569148
110000140,37.6612921740,127.0734913289
110000700,37.6629352854,127.0753601646
110000699,37.6575700360,127.0677787534
110000143,37.6605656133,127.0718982879
110000144,37.6519422405,127.0610352252
110000145,37.6493744118,127.0617372427
110000146,37.6473083568,127.0627808410
110000147,37.6450508428,127.0594958083
110000148,37.6452860969,127.0595368052
110000150,37.6539307032,127.0581486869
110000151,37.6542764042,127.0572410143
110000152,37.6543087235,127.0574869763
110000153,37.6479063362,127.0569920540
110000154,37.6511093271,127.0604208967
110000155,37.6531841400,127.0611445117
110000156,37.6507752318,127.0617647168
110000157,37.6480182386,127.0628820900
110000160,37.6544207283,127.0672044300
110000161,37.6523542041,127.0678156944
110000698,37.6576377753,127.0674898279
110000166,37.6707971529,127.0520711414
110000167,37.6682902974,127.0565591686
110000168,37.6652830000,127.0574200000
110000169,37.6621441437,127.0582161724
110000170,37.6616899164,127.0544628693
110000171,37.6614240662,127.0576004621
110000172,37.6691030000,127.0568280000
110000173,37.6664920000,127.0575620000
110000174,37.6644083632,127.0654519677
110000175,37.6647816002,127.0643815398
110000176,37.6652295093,127.0616145996
110000177,37.6649222801,127.0597893905
110000178,37.6225780000,127.0616730000
110000179,37.6226060942,127.0618283741
110000180,37.6198348679,127.0633583399
110000181,37.6193189084,127.0634001060
110000182,37.6171628780,127.0641713213
110000183,37.6149300000,127.0651970000
110000184,37.6152742560,127.0669732146
110000185,37.6202200000,127.0586390000
110000186,37.6226677969,127.0600070288
110000191,37.6354120000,127.0521870000
110000192,37.6331096709,127.0521635327
110000193,37.6320410000,127.0508310000
110000194,37.6316560000,127.0510350000
110000195,37.6320698290,127.0443046725
110000196,37.6322996705,127.0440640682
110000197,37.6303980739,127.0454252205
110000198,37.6279668876,127.0473977009
110000199,37.6279194677,127.0472744107
110000200,37.6275401275,127.0503112065
110000201,37.6273012350,127.0502378296
110000202,37.6266902177,127.0516251140
110000203,37.6271301634,127.0518546625
110000204,37.6274894153,127.0525942320
110000205,37.6274848307,127.0527726487
110000206,37.6283500757,127.0538076332
110000207,37.6282861056,127.0541042987
110000208,37.6286565922,127.0551761985
110000209,37.6286706713,127.0554101788
110000210,37.6261891646,127.0525926058
110000211,37.6279837976,127.0552744331
110000212,37.6158054934,127.0692324274
110000213,37.6182551734,127.0698588736
110000214,37.6194526551,127.0698707848
110000215,37.6199860910,127.0699692449
110000677,37.6330370000,127.0521930000
110000216,37.6216829103,127.0693433176
110000217,37.6231700000,127.0683920000
110000218,37.6233250000,127.0686030000
110000219,37.6251751879,127.0672913812
110000220,37.6253210274,127.0675294239
110000221,37.6264654662,127.0658231365
110000222,37.6266627148,127.0659819208
110000223,37.6283870000,127.0640380000
110000224,37.6275517792,127.0649064093
110000225,37.6321060914,127.0605903005
110000226,37.6319573995,127.0604079103
110000227,37.6339280991,127.0592762067
110000228,37.6337353806,127.0590505789
110000229,37.6338935455,127.0523147751
110000230,37.6284920000,127.0573310000
110000231,37.6281868034,127.0591991542
110000232,37.6189553524,127.0563054062
110000233,37.6189484896,127.0565299947
110000234,37.6198429291,127.0581457879
110000235,37.6226139883,127.0596195164
110000236,37.6252058932,127.0515079764
110000237,37.6290378960,127.0575128243
110000238,37.6319764625,127.0616208868
110000239,37.6317399050,127.0617141548
110000240,37.6219685640,127.0527149439
110000242,37.6242061850,127.0506123940
110000243,37.6306057989,127.0450262042
110000244,37.6286210000,127.0572230000
110000245,37.6284009858,127.0588028306
110000246,37.6499131394,127.0691542558
110000247,37.6517260526,127.0769381389
110000248,37.6488502006,127.0764225838
110000249,37.6467214594,127.0763720835
110000250,37.6448411567,127.0750013294
110000251,37.6465290775,127.0742897898
110000252,37.6465375422,127.0741270461
110000253,37.6477075282,127.0736280814
110000254,37.6475069320,127.0738318466
110000255,37.6476008953,127.0712087432
110000256,37.6477683703,127.0712792746
110000257,37.6471915457,127.0702112033
110000258,37.6505399939,127.0718008004
110000259,37.6502087203,127.0709042219
110000260,37.6528902309,127.0739504972
110000263,37.6508108548,127.0749325352
110000264,37.6544907121,127.0766007280
110000265,37.6440707149,127.0643729214
110000266,37.6393911575,127.0664180981
110000267,37.6389014586,127.0641135366
110000268,37.6394555843,127.0640918612
110000269,37.6426301809,127.0624369874
110000270,37.6416979423,127.0631033940
110000271,37.6453576799,127.0628698469
110000272,37.6432188922,127.0650888491
110000273,37.6397469276,127.0667400159
110000274,37.6460992901,127.0652453816
110000275,37.6456175479,127.0649391251
110000276,37.6478506148,127.0677841912
110000277,37.6475000013,127.0679665353
110000278,37.6494835403,127.0690664892
110000279,37.6468582175,127.0698765896
110000280,37.6435314138,127.0714066755
110000281,37.6421162703,127.0691310570
110000282,37.6418721472,127.0690118488
110000283,37.6416882067,127.0676632190
110000284,37.6413078231,127.0668462180
110000285,37.6407225926,127.0686266493
110000286,37.6393428578,127.0689347229
110000287,37.6445489348,127.0671607204
110000288,37.6445081062,127.0669303287
110000289,37.6462649447,127.0637572701
110000290,37.6613639532,127.0739702355
110000291,37.6593000000,127.0730330000
110000292,37.6594311180,127.0732121987
110000293,37.6569539508,127.0770171958
110000294,37.6570502707,127.0778332524
110000295,37.6550120000,127.0780100000
110000296,37.6541374992,127.0783571637
110000297,37.6518670220,127.0775628848
110000298,37.6505432096,127.0774015203
110000299,37.6507367718,127.0776283567
110000696,37.6254122748,127.0715005195
110000301,37.6506776631,127.0801602952
110000302,37.6500481925,127.0809177871
110000303,37.6498199266,127.0811175470
110000304,37.6485021744,127.0805749976
110000305,37.6474739679,127.0806838117
110000306,37.6460324291,127.0817180202
110000307,37.6461584467,127.0819108069
110000308,37.6446430000,127.0830580000
110000309,37.6479380000,127.0797880000
110000310,37.6481262911,127.0794424677
110000311,37.6478370000,127.0774280000
110000312,37.6480879151,127.0775774413
110000313,37.6497970000,127.0768820000
110000314,37.6467572560,127.0767460489
110000315,37.6373880054,127.0677830754
110000316,37.6350943944,127.0688261293
110000317,37.6305565211,127.0760825727
110000318,37.6430227729,127.0766005742
110000319,37.6430297743,127.0762238387
110000320,37.6399032712,127.0763594384
110000321,37.6401962630,127.0760934791
110000322,37.6381084499,127.0775270502
110000323,37.6378760581,127.0773942359
110000324,37.6365847976,127.0694328255
110000325,37.6368537465,127.0694876352
110000327,37.6381300000,127.0700560000
110000328,37.6372710586,127.0708160080
110000687,37.6432608103,127.0623624810
110000685,37.6443053969,127.0619180071
110000695,37.6379362241,127.0736490566
110000333,37.6383459245,127.0742334891
110000334,37.6393648263,127.0743080173
110000335,37.6404263202,127.0728303267
110000336,37.6420899031,127.0725259962
110000337,37.6420164888,127.0721296770
110000338,37.6440829404,127.0742363652
110000339,37.6440742238,127.0737689624
110000340,37.6450151415,127.0747386856
110000341,37.6449579802,127.0711485363
110000342,37.6404665818,127.0689922571
110000343,37.6391915536,127.0689460415
110000344,37.6309290578,127.0740537568
110000345,37.6309420546,127.0734430848
110000346,37.6368047138,127.0676154330
110000347,37.6340788150,127.0688040917
110000348,37.6319841413,127.0681378605
110000349,37.6317701688,127.0681178395
110000350,37.6365987516,127.0653719794
110000351,37.6338331586,127.0645878410
110000352,37.6340534239,127.0654518866
110000353,37.6351406925,127.0666509253
110000354,37.6349277927,127.0669625244
110000355,37.6369593504,127.0650012481
110000356,37.6152980000,127.0647730000
110000357,37.6512469657,127.0722915838
110000689,37.6339414680,127.0663248698
110000686,37.6443433870,127.0616415379
110000684,37.6431753070,127.0621743013
110000361,37.6483442236,127.0589261989
110000362,37.6504106403,127.0570694279
110000363,37.6214670481,127.0691617763
110000364,37.6198488394,127.0552208310
110000365,37.6350950706,127.0714772101
110000366,37.6352800000,127.0715370000
110000367,37.6196650162,127.0552252263
110000368,37.6331123322,127.0724127941
110000369,37.6329494935,127.0722633137
110000373,37.6300545578,127.0511179201
110000374,37.6303366157,127.0510739268
110000375,37.6170537289,127.0640318343
110000376,37.6298807194,127.0590758831
110000377,37.6183307692,127.0786053295
110000379,37.6149240000,127.0652020000
110000380,37.6260862831,127.0529460051
110000383,37.6277350000,127.0644180000
110000384,37.6276180000,127.0644700000
110000385,37.6446170000,127.0827960000
110000387,37.6375349947,127.0706354793
110000389,37.6708342206,127.0822757357
110000391,37.6272170000,127.0503800000
110000396,37.6296015672,127.0461279839
110000397,37.6296727092,127.0462390596
110000398,37.6240374947,127.0680456484
110000399,37.6602778615,127.0637357104
110000640,37.6872109624,127.0526873942
110000694,37.6596419854,127.0641070552
110000653,37.6318318995,127.0703978385
110000656,37.6262600000,127.0515600000
110000676,37.6390159235,127.0828056335
110000675,37.6386873571,127.0824367108
110900001,37.6746356354,127.0602823906
110900002,37.6421605433,127.0571172663
110900003,37.6669730538,127.0519420260
110900004,37.6667154619,127.0664537758
110900005,37.6606442340,127.0736491547
110900006,37.6749732449,127.0578760501
110900007,37.6670177570,127.0551197350
110900121,37.6649666306,127.0661699718
110900008,37.6639400000,127.0751120000
110900113,37.6758346525,127.0558589832
110900009,37.6663790000,127.0572020000
110900010,37.6643752490,127.0727573729
110900136,37.6646710926,127.0593675238
110900011,37.6201359781,127.0722416267
110900012,37.6653067674,127.0716043605
110900013,37.6709217102,127.0578625428
110900014,37.6645170181,127.0611130008
110900015,37.6778216107,127.0552228287
110900016,37.6658821177,127.0708375154
110900017,37.6697567019,127.0595053381
110900019,37.6622649228,127.0616937591
110900020,37.6665920420,127.0695323546
110900087,37.6681065609,127.0603076176
110900086,37.6556171990,127.0658941981
110900085,37.6250138329,127.0719758027
110900115,37.6725397529,127.0546941742
110900084,37.6659065133,127.0692075262
110900131,37.6669955926,127.0616682026
110900083,37.6355998817,127.0655683222
110900082,37.6720621442,127.0528006763
110900081,37.6652660143,127.0689224185
110900080,37.6667468606,127.0634329190
110900118,37.6566407298,127.0644341674
110900078,37.6654268040,127.0682379210
110900077,37.6645548999,127.0644308067
110900120,37.6654760000,127.0672730000
110900075,37.6706380752,127.0536169926
110900074,37.6643687096,127.0670671762
110900108,37.6317303507,127.0722281429
110900070,37.6628687433,127.0737280558
110900128,37.6536989107,127.0588725833
110900067,37.6154216320,127.0644586182
110900119,37.6562751871,127.0631567004
110900130,37.6543273712,127.0616021898
110900066,37.6329598124,127.0669924831
110900091,37.6164100000,127.0599510000
110900065,37.6548896550,127.0636626522
110900149,37.6437893671,127.0596902572
110900150,37.6242668613,127.0509399385
107900332,37.6218672206,127.0526752265
107900333,37.6208711896,127.0536514986
107900337,37.6148875788,127.0643656736
107900334,37.6208778929,127.0537704394
110900063,37.6340828467,127.0664870208
110000655,37.6692446012,127.0784855626
110900062,37.6173040527,127.0609644558
110900061,37.6553098844,127.0659777956
110000670,37.6802589920,127.0552859878
110900111,37.6353446877,127.0683618531
110900060,37.6637908331,127.0659762338
110900059,37.6646590132,127.0651801458
110900058,37.6181958960,127.0596522656
110900057,37.6631858244,127.0616933878
110000587,37.6315960409,127.0723073234
110000589,37.6316152129,127.0704050243
110900056,37.6564915397,127.0669716859
110900132,37.6621032692,127.0656993070
110900054,37.6666698801,127.0638597271
110000668,37.6727734628,127.0559095992
110000667,37.6735874431,127.0552549636
110000665,37.6518335013,127.0609915402
110000671,37.6529525233,127.0612202549
110000669,37.6472686025,127.0627647339
110000663,37.6480849384,127.0628447488
110000661,37.6350402373,127.0688593650
110000662,37.6351558735,127.0683473286
110900053,37.6170808500,127.0586613199
110900145,37.6322084397,127.0523483204
110900148,37.6325284238,127.0525501962
110900146,37.6292003493,127.0546628905
110900147,37.6293422007,127.0547791118
110900052,37.6646214365,127.0613182514
110900144,37.6355589675,127.0524831681
110000660,37.6252290714,127.0515462538
110000658,37.6286964721,127.0554494371
110000657,37.6279225632,127.0551905495
110000659,37.6253859655,127.0513039190
110000666,37.6787617840,127.0536285639
110900153,37.6580461346,127.0682709722
110900049,37.6604211521,127.0653475903
110900133,37.6670774308,127.0619731940
110900090,37.6157506698,127.0607955382
110900047,37.6152947954,127.0639696032
110900046,37.6644779771,127.0568606257
110900116,37.6870560130,127.0528498554
110900045,37.6698782533,127.0596913435
110900044,37.6166561998,127.0643090243
110900043,37.6644124259,127.0557933772
110900042,37.6193859905,127.0635603154
110900041,37.6644946663,127.0534873722
110900040,37.6252418718,127.0718695290
110900039,37.6706636759,127.0566788642
110900038,37.6231879357,127.0613442435
110900037,37.6229882552,127.0711682681
110900036,37.6215621284,127.0716879666
110900035,37.6755694441,127.0560307331
110900097,37.6196579989,127.0721221193
110900033,37.6603174005,127.0655775882
110900032,37.6748739104,127.0576989633
110900095,37.6183293199,127.0725315452
110900135,37.6621166411,127.0659577499
110900031,37.6743422459,127.0595713510
110900030,37.6337428922,127.0648936512
110900029,37.6634077801,127.0661459181
110900028,37.6354312046,127.0658820328
110900027,37.6370290736,127.0651882488
110900025,37.6447970339,127.0608645330
110900024,37.6707308288,127.0537428890
110900023,37.6273693051,127.0775985987
110900022,37.6679870315,127.0605993817
110900021,37.6711190030,127.0579499838
110000679,37.6553199153,127.0592603529
110900143,37.6407016676,127.0641790384
110900142,37.6404791580,127.0640734649
110000701,37.6653893564,127.0754905183
110000702,37.6653904180,127.0757607508
110000650,37.6706170199,127.0797112950
110000648,37.6751003976,127.0866348621
110000646,37.6723158562,127.0831808706
110000645,37.6730037112,127.0834249516
110000644,37.6738791873,127.0844987818
110000643,37.6752275947,127.0864366179
111000001,37.5895977455,126.8841144770
111000002,37.5891649798,126.8847866387
111000003,37.5857595064,126.8886727095
111000004,37.5846958272,126.8901789227
111000005,37.5832230348,126.8932380184
111000006,37.5830470000,126.8941030000
111000007,37.5790470000,126.9005050000
111000008,37.5786172251,126.9013445361
111000009,37.6429480000,126.9151650000
111000010,37.6435943143,126.9138270919
111000011,37.6361640000,126.9170230000
111000012,37.6371160000,126.9168370000
111000013,37.6299190000,126.9193740000
111000014,37.6310880000,126.9190170000
111000926,37.6242147932,126.9199734902
111000925,37.6252825924,126.9199961366
111000928,37.6183598996,126.9218398322
111000927,37.6193225551,126.9209337015
111000930,37.6156068499,126.9250897142
111000929,37.6161715335,126.9240159589
111000932,37.6119112959,126.9287979055
111000931,37.6124473901,126.9281552459
111000934,37.6086506795,126.9316257787
111000933,37.6090648082,126.9310647897
111000936,37.6055573158,126.9343296040
111000935,37.6060931118,126.9338053516
111000938,37.6018619707,126.9353220420
111000937,37.6024349118,126.9350485981
111001134,37.5980630000,126.9113470000
111000017,37.6100879267,126.9304602536
111000018,37.6124835753,126.9283885506
111000917,37.6162950000,126.9242280000
111000020,37.6181925106,126.9221617234
111000021,37.6227910995,126.9199426370
111000023,37.6257486454,126.9202811322
111000025,37.6367680033,126.9189889746
111001116,37.6372480000,126.9185770000
111001117,37.6372464535,126.9185307406
111000029,37.6262373755,126.9198715831
111000030,37.6238469574,126.9196883967
111000031,37.6173463760,126.9225592814
111000032,37.6159770824,126.9240648193
111000033,37.6126668394,126.9278448811
111000034,37.6097581422,126.9303364827
111000037,37.6012210000,126.9328680000
111000038,37.6014275543,126.9304071580
111000039,37.6013460000,126.9259560000
111000040,37.6008996231,126.9237965161
111000041,37.5998598128,126.9185107450
111000042,37.5990352266,126.9148666663
111000043,37.5987592495,126.9149894161
111000044,37.5995376513,126.9186295811
111000045,37.6005501772,126.9235787889
111000046,37.6012216354,126.9266529623
111000047,37.6011965196,126.9303925947
111001138,37.6148770000,126.9096110000
111000049,37.6028391102,126.9261578500
111000050,37.6069570850,126.9224758463
111000051,37.6087032927,126.9209709958
111000052,37.6108522823,126.9181800360
111000053,37.6128157540,126.9147150471
111000054,37.6136130000,126.9124870000
111000055,37.6143442807,126.9104574621
111000056,37.6158315758,126.9083885964
111000057,37.6180490000,126.9064340000
111000058,37.6185284274,126.9058308185
111000059,37.6157164599,126.9080800916
111000060,37.6138985962,126.9108600760
111000061,37.6132406179,126.9125387021
111000062,37.6125210285,126.9146767259
111000063,37.6107737973,126.9177586143
111000064,37.6092676452,126.9200382135
111000065,37.6065740745,126.9224014904
111000066,37.6036661660,126.9250309695
111000067,37.5870793679,126.9211239608
111000068,37.5888974078,126.9189004955
111000069,37.5907361763,126.9165521769
111000070,37.5931399182,126.9135451755
111000071,37.5960379684,126.9098622734
111000072,37.5956071263,126.9099682771
111000073,37.5933583703,126.9128484808
111000074,37.5907322847,126.9161467870
111000075,37.5888296386,126.9186175094
111000076,37.5874770514,126.9203088175
111000077,37.5878268986,126.9165435736
111000078,37.5886847389,126.9170368506
111000079,37.5979358249,126.9152247795
111000080,37.5954014899,126.9145640351
111000081,37.5906960085,126.9133950466
111000082,37.5878895530,126.9126985944
111000084,37.5808308281,126.9061474532
111000085,37.5805912987,126.9063881275
111000086,37.5836809982,126.9096814560
111000087,37.5880943849,126.9130844852
111000088,37.5916824313,126.9138927882
111000089,37.5954017296,126.9148958447
111000090,37.5981073049,126.9156062368
111000091,37.6021814396,126.9160546584
111000092,37.6061494708,126.9155586421
111000093,37.6099512058,126.9169033629
111000094,37.6116583062,126.9175369100
111000095,37.6140725919,126.9179363667
111000096,37.6178207167,126.9199962033
111000097,37.6192425563,126.9225910997
111000098,37.6203765441,126.9246380909
111000099,37.6217745784,126.9267891079
111000100,37.6248070601,126.9288094985
111000101,37.6276323558,126.9294752418
111000102,37.6307150000,126.9310320000
111000104,37.6333482679,126.9315290754
111000107,37.6324950000,126.9315330000
111000109,37.6313826666,126.9310069167
111000110,37.6281128817,126.9292714833
111000111,37.6256234179,126.9287702008
111000112,37.6218554999,126.9265058140
111000113,37.6205196512,126.9243796594
111000114,37.6195966450,126.9225340914
111000115,37.6180133170,126.9196550241
111000116,37.6147392532,126.9177313127
111000117,37.6118940018,126.9171879732
111000118,37.6105039368,126.9167761276
111000119,37.6062104465,126.9151429014
111000120,37.6027929337,126.9155726294
111000121,37.6004214787,126.9158607077
111000122,37.5984133304,126.9102536840
111000123,37.6014374785,126.9103848244
111000124,37.6061458636,126.9106589330
111000125,37.6089550000,126.9110200000
111000126,37.6113800000,126.9113630000
111000127,37.6122095685,126.9112924774
111000128,37.6088023972,126.9108335829
111000129,37.6060168573,126.9104597465
111000130,37.6020320757,126.9102266857
111000131,37.5997666658,126.9101252157
111000132,37.5986006142,126.9100665956
111000133,37.6239675910,126.9169240149
111000134,37.6260730000,126.9183680000
111000135,37.6261620000,126.9187070000
111000136,37.6232468092,126.9170449022
111001121,37.6130745033,126.9320721326
111000138,37.6469051663,126.9258465241
111000150,37.6489838336,126.9286737884
111000141,37.6504258786,126.9351054314
111000142,37.6535509330,126.9389594548
111000143,37.6567621150,126.9420101744
111000144,37.6580874009,126.9453651665
111000145,37.6581874095,126.9453412916
111000146,37.6572667556,126.9421886946
111000147,37.6537446878,126.9390034965
111000148,37.6500812402,126.9333102284
111000149,37.6477735446,126.9268689870
111000140,37.6496846837,126.9292312003
111000151,37.6456049544,126.9233824457
111001132,37.5959245549,126.9236015835
111001131,37.5956531408,126.9230828294
111000153,37.6000492124,126.9185854730
111000154,37.6013637746,126.9205941010
111000155,37.6041670520,126.9220664791
111000156,37.6068015906,126.9232432310
111000157,37.6086555139,126.9265165396
111000158,37.6084619409,126.9282417636
111000159,37.6090959943,126.9322904306
111000160,37.6105129640,126.9397954573
111000161,37.6104100652,126.9449374785
111000162,37.6107519472,126.9457747343
111000163,37.6107435434,126.9396027141
111000164,37.6095286975,126.9326083189
111000165,37.6085452704,126.9289518591
111000166,37.6087915452,126.9261611387
111000167,37.6076554963,126.9239679445
111000168,37.6052406679,126.9221735304
111000169,37.6020192141,126.9205481069
111000170,37.6002403634,126.9181379622
111000171,37.6001514291,126.9267670248
111000172,37.5973360696,126.9243403259
111000173,37.5932001174,126.9229692929
111000174,37.5900103713,126.9226750731
111000175,37.5868458253,126.9226529706
111000176,37.5869567896,126.9228521457
111000177,37.5903133577,126.9228701963
111000178,37.5932858149,126.9231277275
111000179,37.5969092616,126.9241657400
111000180,37.6003964830,126.9270456288
111000181,37.6157960537,126.9137069892
111000182,37.6182029973,126.9151519292
111000183,37.6193423695,126.9157125131
111000184,37.6207946411,126.9165922246
111000185,37.6205383043,126.9162269018
111000186,37.6194003078,126.9155259034
111000187,37.6181857266,126.9149435132
111000188,37.6160781278,126.9137542396
111000189,37.6112854246,126.9305162707
111000190,37.6144800026,126.9324705005
111000191,37.6156974301,126.9329988956
111000192,37.6173596033,126.9331412473
111000193,37.6192490925,126.9325562150
111000194,37.6216806133,126.9316655980
111000195,37.6228723855,126.9309500937
111000196,37.6237282359,126.9299354838
111000197,37.6238488301,126.9296816036
111000198,37.6225007168,126.9310525109
111000199,37.6210460453,126.9316569055
111000200,37.6190891413,126.9325110516
111000201,37.6179384493,126.9330727682
111000202,37.6163007079,126.9327287763
111000203,37.6138828478,126.9319923595
111000204,37.6115701913,126.9304574428
111001122,37.5956760000,126.9103430000
111001128,37.5958464822,126.9191562245
111000213,37.6024326383,126.9223367061
111000214,37.5979105453,126.9203231697
111000215,37.5943144974,126.9179795859
111000217,37.5934960000,126.9180830000
111000218,37.5978224711,126.9206733351
111000219,37.6026730000,126.9226480000
111000220,37.5792650000,126.9006010000
111000221,37.5818901726,126.8961946716
111000224,37.5885782748,126.8856141610
111000225,37.5899611280,126.8834469451
111000226,37.5855616396,126.8886916530
111000227,37.5834691980,126.8924280896
111000228,37.5807252119,126.8972983814
111000229,37.5782704462,126.9012938809
111000230,37.5848850000,126.8988990000
111000231,37.5858711260,126.9002070161
111000232,37.5916129815,126.9058341690
111000233,37.5861018572,126.9002689854
111000234,37.5846900000,126.8983750000
111001136,37.5833790000,126.8966080000
111001137,37.5830130000,126.8964550000
111000239,37.5890004737,126.9118521827
111000240,37.5887219151,126.9123692391
111000241,37.5899609798,126.9101243601
111000242,37.5897240784,126.9101746617
111000243,37.5906610000,126.9061020000
111000244,37.5905490000,126.9061630000
111000245,37.5916910000,126.9061480000
111000246,37.5937119295,126.9079429786
111000247,37.5936396734,126.9077166053
111000248,37.5956793509,126.9089727568
111000249,37.5957260850,126.9088141552
111000250,37.6133965390,126.9243200422
111000251,37.6113775306,126.9220487610
111000253,37.6083362023,126.9204238095
111000255,37.6059929743,126.9178343774
111000257,37.6057279605,126.9148242474
111000260,37.6383980000,126.9355100000
111000261,37.6367361490,126.9344374778
111000271,37.6258964052,126.9291886235
111000274,37.5837546123,126.9093224341
111000275,37.6268716359,126.9290432643
111000276,37.5981632618,126.9108258962
111000277,37.6046894448,126.9103118348
111000278,37.5977669942,126.9099169775
111000291,37.6008721092,126.9342261424
111000298,37.6051760000,126.9105630000
111000299,37.6142712329,126.9122339199
111000300,37.6143667731,126.9121200751
111000302,37.6055600914,126.9121474028
111000303,37.6057372754,126.9125361624
111000312,37.6091519314,126.9208187439
111000315,37.5914619860,126.8843758106
111000320,37.5865712748,126.9198965286
111000321,37.5867495708,126.9201891291
111000322,37.5852370433,126.9181435403
111000323,37.5850429138,126.9188763510
111000324,37.5908592237,126.9159858454
111000325,37.6247220019,126.9172143310
111000326,37.5992697862,126.9372101120
111000327,37.5862294351,126.9122781788
111000328,37.5861713747,126.9117539841
111000329,37.6450437520,126.9174939449
111000330,37.6448493012,126.9196866859
111000331,37.6451606289,126.9229619673
111000332,37.5911611009,126.9173132277
111000334,37.6420727334,126.9217560692
111000335,37.6434080000,126.9230900000
111000918,37.6460451246,126.9280934321
111000337,37.6484353114,126.9304788430
111000338,37.6462300075,126.9293236181
111000339,37.6440749929,126.9289701583
111000340,37.6436290464,126.9241288304
111000341,37.6411570000,126.9215480000
111000342,37.6418150000,126.9384080000
111000344,37.5916290571,126.9176960361
111000345,37.6494520000,126.9363910000
111000346,37.6516917235,126.9373769489
111000347,37.6448575300,126.9266769344
111000350,37.6307586517,126.9208007398
111000351,37.6310195075,126.9209179115
111000352,37.6314210000,126.9225690000
111000353,37.6316559976,126.9232490659
111000354,37.6314891556,126.9253371709
111000355,37.6315631161,126.9269041367
111001133,37.6332275182,126.9177505869
111000358,37.6447747188,126.9261991850
111000360,37.6477638516,126.9300942037
111000361,37.6497450000,126.9314950000
111000916,37.6456334846,126.9271303103
111000551,37.6345427048,126.9197809696
111000550,37.6346980000,126.9198200000
111000549,37.6341556356,126.9246490829
111000548,37.6342740607,126.9231676603
111000547,37.6340945394,126.9278043408
111000546,37.6343139033,126.9292486123
111000552,37.6417643622,126.9381067653
111000922,37.6342668645,126.9262624499
111000920,37.6440800714,126.9213361406
111000921,37.6440018231,126.9215693350
111001112,37.6466539601,126.9079541625
111001113,37.6468470000,126.9083250000
111000924,37.6347570000,126.9325800000
111000939,37.6167718500,126.9067818944
111000940,37.5887478897,126.9228091836
111000941,37.6340923943,126.9305393100
111001120,37.5883344878,126.9225525515
111000943,37.5987999451,126.9259022216
111000944,37.5991595285,126.9259811410
111000945,37.6143774179,126.9096051215
111001111,37.6344327251,126.9321318070
111001110,37.6234657781,126.9183928591
111001109,37.6233585723,126.9189621884
111001123,37.6001887986,126.9045107403
111001124,37.6003715553,126.9045804777
111900102,37.6222418410,126.9113648182
111900101,37.5933751468,126.9219585281
111900111,37.6098126903,126.9064058814
111900058,37.6292661384,126.9139681277
111900057,37.5995793833,126.9065058920
111900100,37.6205134295,126.9127522188
111900118,37.5935080891,126.9207130204
111900099,37.6091453914,126.9069186823
111900098,37.6287486686,126.9145009345
111900097,37.6011047367,126.9065878058
111900095,37.6193298376,126.9145751762
111900119,37.5938507341,126.9184081548
111900094,37.6078442485,126.9081005205
111900093,37.6281888678,126.9152380123
111900092,37.6019571245,126.9065369075
111900090,37.6183017293,126.9171432868
111900089,37.6075149639,126.9099346707
111900088,37.6275398834,126.9162130815
111900087,37.6036440665,126.9066729719
111900112,37.6179370025,126.9200640466
111900085,37.5991458825,126.9215937962
111900084,37.6074009938,126.9129600864
111900083,37.6264916063,126.9170390302
111900018,37.6046059597,126.9072233446
111900080,37.6011577098,126.9225033830
111900079,37.6073606420,126.9144620117
111900078,37.6258625007,126.9181148695
111900077,37.6038691675,126.9090006442
111900103,37.6026268302,126.9266541847
111900076,37.6250653271,126.9172320767
111900075,37.6029022786,126.9110909239
111900074,37.6212263774,126.9276959244
111900104,37.6036578292,126.9275532384
111900122,37.6107888716,126.9176987121
111900073,37.6237981731,126.9169038114
111900072,37.6021657689,126.9130783097
111900071,37.6220396778,126.9300582848
111900070,37.6052022296,126.9289335194
111900069,37.6094541116,126.9212918796
111900068,37.6023270787,126.9155822164
111900067,37.6223118057,126.9315964607
111900066,37.6060269864,126.9308932967
111900065,37.6113704609,126.9222594504
111900063,37.6225815388,126.9337169448
111900105,37.6064338527,126.9332872880
111900062,37.6134047996,126.9245556417
111901153,37.6338210000,126.9152630000
111900060,37.6225288027,126.9315479397
111900059,37.6016520167,126.9352219968
111900056,37.6130918108,126.9266354132
111900123,37.6082433296,126.9203621159
111900054,37.6221532998,126.9300190770
111900053,37.6097874644,126.9304044087
111900052,37.6234667674,126.9171783379
111900050,37.6214750716,126.9277284740
111900113,37.6085524361,126.9288804949
111900049,37.6249708087,126.9173681302
111900046,37.6257490703,126.9182679378
111900110,37.6179484142,126.9196188444
111900044,37.5996378660,126.9215785571
111900043,37.6273083678,126.9182215668
111900042,37.6183891774,126.9172043613
111900040,37.6280239699,126.9172282867
111900039,37.6194836087,126.9147744045
111900038,37.5936340537,126.9191082332
111900036,37.6286459709,126.9165086746
111900035,37.6205854307,126.9128739979
111900034,37.5934654780,126.9203269078
111900033,37.6074762806,126.9148764255
111900032,37.6292031766,126.9157102264
111900030,37.5931591443,126.9223154295
111900029,37.6075146741,126.9131547681
111900028,37.6287104174,126.9149120747
111900027,37.6076913632,126.9100391865
111000915,37.6375737328,126.9185015559
111900124,37.6083549287,126.9201615172
111900026,37.6078265542,126.9085218863
111900025,37.6082237600,126.9072186213
111900024,37.6091680559,126.9070930846
111900023,37.6024207649,126.9155447360
111900022,37.6022657636,126.9130430840
111900021,37.6030076903,126.9110704122
111900020,37.6039125765,126.9089627251
111900019,37.6047114321,126.9072809761
111900017,37.6036115181,126.9065348376
111900016,37.6019984659,126.9063998164
111900015,37.6010559497,126.9064259132
111900014,37.6187941297,126.9206099530
111900013,37.5996258649,126.9063506929
111900012,37.6203235076,126.9193772591
111000483,37.6055237229,126.9234378955
111000484,37.6049698410,126.9219467184
111000485,37.5976816655,126.9151514560
111000486,37.5979000630,126.9156177958
111000487,37.5911367076,126.9134206649
111000488,37.5916696940,126.9140270141
111000489,37.5837279163,126.9097617912
111000490,37.5838186304,126.9093755737
111900010,37.6231941796,126.9191124639
111900009,37.6113931879,126.9379628881
111900008,37.6120189102,126.9370846110
111900007,37.6122743017,126.9358352057
111900006,37.6121205904,126.9332606867
111900106,37.6110519588,126.9302407459
111900004,37.6119764495,126.9333185837
111900003,37.6124118652,126.9352811899
111900002,37.6120344807,126.9367165060
111900001,37.6110914359,126.9380064656
111900129,37.5883424842,126.9253747237
111900131,37.5896298450,126.9249091668
111900126,37.5907478447,126.9245151054
111900125,37.5915036842,126.9242436989
111900132,37.5920072263,126.9239850000
111900128,37.5905405474,126.9244417099
111900127,37.5894937244,126.9248209789
111900133,37.5881177776,126.9253154119
111900135,37.5931110564,126.9178287272
111900136,37.5898036255,126.9166596611
111900142,37.6030068196,126.9186054162
111900141,37.6041610114,126.9184603197
111900140,37.6060224907,126.9182215705
111900139,37.6059584123,126.9180755331
111900138,37.6041473815,126.9182961091
111900137,37.6029499433,126.9184491833
111901113,37.6122236066,126.9061448253
111900161,37.6128333067,126.9066309054
111900160,37.6133377398,126.9064105253
111900159,37.6136362494,126.9079917288
111900158,37.6143112872,126.9091981199
111900157,37.6152059361,126.9150771747
111900156,37.6148011476,126.9160551992
111900155,37.6142901678,126.9172394904
111900154,37.6145006565,126.9180072593
111900153,37.6195798013,126.9210136547
111900152,37.6208558722,126.9191023707
111900151,37.6163142927,126.9185422575
111900150,37.6149318595,126.9161595705
111900149,37.6152443908,126.9153720356
111900148,37.6158421464,126.9138949752
111900147,37.6143933425,126.9092716485
111900146,37.6136890000,126.9080030000
111900145,37.6134594849,126.9065349731
111900144,37.6128631090,126.9064477086
111900143,37.6122933971,126.9060994338
111900162,37.5888854535,126.9141942524
111900164,37.5952882098,126.9187565139
111900163,37.5954033834,126.9185163078
111901114,37.5924359314,126.9037465738
111901115,37.5922844503,126.9058386761
111901116,37.5916437305,126.9074020312
111901117,37.5904186369,126.9106559732
111901118,37.5903413838,126.9127733944
111901119,37.5931645919,126.9134793725
111901121,37.5967350848,126.9080526428
111901122,37.5959549827,126.9059234022
111901123,37.5968616877,126.9051264097
111901124,37.5958997274,126.9057839273
111901125,37.5966000242,126.9084801208
111901127,37.5906450000,126.9133870000
111901128,37.5905859010,126.9104975116
111901129,37.5918058667,126.9073480469
111901130,37.5924195470,126.9057733990
111901131,37.6048441969,126.9055112666
111901132,37.5926436602,126.9238016009
111901133,37.5891814717,126.9223210216
111901134,37.5893764234,126.9212381918
111901135,37.5897026700,126.9200405855
111901138,37.5888003875,126.9186628308
111901139,37.5890406110,126.9195323069
111901140,37.5895742757,126.9200061957
111901141,37.5891693716,126.9213628305
111901142,37.5893460086,126.9227921057
111901143,37.5919747972,126.9230130166
111901144,37.6020443537,126.9251390628
111901145,37.6072139011,126.9321452206
111901146,37.6095175554,126.9278360602
111001126,37.6096079683,126.9364616275
111901149,37.5919679769,126.9229167793
111901152,37.5905437355,126.9124577519
111900134,37.6268686558,126.9190319477
112000001,37.5754463835,126.9045265135
112000002,37.5751430000,126.9051430000
112000003,37.5716775164,126.9096099146
112000004,37.5715770000,126.9103130000
112000005,37.5690774104,126.9150627853
112000006,37.5698620000,126.9137860000
112000007,37.5675591039,126.9181539325
112000008,37.5662842900,126.9250825384
112000009,37.5663570321,126.9257860764
112000010,37.5619524262,126.9319882204
112000011,37.5625326219,126.9314621185
112000012,37.5599563479,126.9353373380
112000013,37.5601569117,126.9354996016
112000014,37.5599674551,126.9384506818
112000015,37.5601326008,126.9389236898
112000016,37.5626001751,126.9433012302
112000017,37.5630635031,126.9436483930
113000415,37.5577646946,126.9295196400
113000416,37.5559833987,126.9345037666
113000417,37.5557324618,126.9386937609
113000411,37.5568755655,126.9472705221
112000405,37.5953018189,126.9399957025
112000406,37.5949694506,126.9405157790
112000407,37.5884908289,126.9443652570
112000408,37.5878433932,126.9453225684
112000416,37.5852070450,126.9478427379
112000398,37.5831543142,126.9498097936
112000400,37.5818652109,126.9506553191
112000404,37.5806860000,126.9515720000
112000402,37.5746889121,126.9575774512
112000401,37.5756411364,126.9565608295
100000363,37.5699391328,126.9625329584
100000362,37.5695278692,126.9631353297
112000403,37.5664745324,126.9658300015
112000399,37.5624764161,126.9692243077
112000409,37.5843965104,126.9488623648
101000332,37.5643120000,126.9680470000
113000475,37.5572390055,126.9525537641
113000478,37.5573893313,126.9568854911
112000430,37.5608580892,126.9633122036
112000429,37.5598014128,126.9624921672
101000304,37.5655790000,126.9665650000
112000024,37.5699234895,126.9139631219
112000026,37.5677530000,126.9183130000
112000027,37.5662972487,126.9242109644
112000028,37.5665500000,126.9249980000
112000029,37.5632286878,126.9304420835
112000030,37.5630010161,126.9311628502
112000031,37.5598189289,126.9353063323
112000032,37.5604538730,126.9348360825
112000033,37.5598680153,126.9378406593
112000034,37.5602647606,126.9392418031
112000035,37.5622161608,126.9429924976
112000036,37.5636440514,126.9441630049
112000037,37.5655323127,126.9464306606
112000038,37.5663177634,126.9464759832
112000039,37.5967569936,126.9387082438
112000040,37.5950687300,126.9405745726
112000041,37.5923780828,126.9412659588
112000042,37.5868950000,126.9460470000
112000050,37.5702280395,126.9620200068
112000051,37.5679014179,126.9643259996
112000054,37.5596112723,126.9640265994
112000057,37.5569841725,126.9465754208
112000058,37.5568082054,126.9438432587
112000059,37.5561879537,126.9396412239
112000433,37.5565096313,126.9407880306
112000061,37.5586582575,126.9274994875
112000062,37.5581462307,126.9369771454
112000063,37.5564094444,126.9367635760
112000064,37.5626233467,126.9279552211
112000065,37.5658534534,126.9302898099
112000066,37.5659470000,126.9300350000
112000067,37.5679050000,126.9319020000
112000068,37.5679329873,126.9316095114
112000069,37.5723008870,126.9354132782
112000070,37.5724773892,126.9352093460
112000071,37.5751696986,126.9354090880
112000072,37.5752259192,126.9352420646
112000073,37.5782448388,126.9360659508
112000074,37.5786159669,126.9358425895
112000075,37.5808305209,126.9360098808
112000076,37.5826619393,126.9362856888
112000077,37.5862495334,126.9349879316
112000078,37.5876617984,126.9352599978
112000079,37.5886491136,126.9364277763
112000080,37.5900579315,126.9383457541
112000081,37.5917540721,126.9428678255
112000082,37.5921799219,126.9431392494
112000083,37.5922468351,126.9465445621
112000084,37.5926521614,126.9468069077
112000085,37.5961072160,126.9492224035
112000086,37.5956420310,126.9487051850
112000087,37.5958842810,126.9526777041
112000088,37.5957428014,126.9520650666
112000089,37.5965724145,126.9565922341
112000090,37.5969100000,126.9562630000
112000091,37.5798330000,126.9114780000
112000092,37.5802996548,126.9114608746
112000093,37.5820367519,126.9131368767
112000094,37.5828636080,126.9134019708
112000095,37.5846770601,126.9150178885
112000096,37.5849012516,126.9147685281
112000097,37.5738624722,126.9162367644
112000098,37.5712500000,126.9138120000
112000099,37.5707856905,126.9132772911
112000100,37.5767408960,126.9109918398
112000101,37.5764407614,126.9117262959
112000102,37.5752684365,126.9133099754
112000103,37.5755300000,126.9130580000
112000105,37.5753070000,126.9157720000
112000106,37.5751890790,126.9160852843
112000107,37.5755669605,126.9185357219
112000108,37.5773706116,126.9209818476
112000109,37.5764335942,126.9195564567
112000110,37.5782195826,126.9218530795
112000111,37.5791366844,126.9235485995
112000112,37.5798843005,126.9242905927
112000113,37.5809598808,126.9260980643
112000114,37.5812704533,126.9263634380
112000115,37.5852299437,126.9446994488
112000116,37.5839575330,126.9408336411
112000117,37.5829006647,126.9375486367
112000118,37.5814081994,126.9353906921
112000119,37.5784212336,126.9308803247
112000120,37.5766420000,126.9274970000
112000121,37.5725614324,126.9221820710
112000122,37.5753590003,126.9273349864
112000123,37.5771334404,126.9306866952
112000124,37.5779976740,126.9323548321
112000125,37.5790506621,126.9348719130
112000126,37.5749175727,126.9218592217
112000127,37.5587819764,126.9424516144
112000128,37.5583564889,126.9429329470
112000129,37.5780399456,126.9048028539
112000130,37.5771502914,126.9325574117
112000131,37.5775014779,126.9322061541
112000132,37.5782142202,126.9299866353
112000133,37.5784013054,126.9302043856
112000134,37.5808491187,126.9274075515
112000135,37.5825611977,126.9256976401
112000136,37.5829327992,126.9256885404
112000137,37.5846658745,126.9235951233
112000138,37.5846680823,126.9239584623
112000139,37.5695181223,126.9312682155
112000140,37.5697475722,126.9312958858
112000141,37.5717018011,126.9293638634
112000142,37.5718307606,126.9295369529
112000143,37.5746380958,126.9269827008
112000144,37.5748855063,126.9270266699
112000145,37.5766469566,126.9249301317
112000146,37.5770899891,126.9247007242
112000147,37.5774257307,126.9225808324
112000148,37.5776103285,126.9224193215
112000149,37.5791189521,126.9172942879
112000150,37.5789588794,126.9180678700
112000151,37.5811819257,126.9146690658
112000152,37.5818379941,126.9141424887
112000153,37.5827046271,126.9126208621
112000154,37.5834459918,126.9120370471
112000155,37.5617140000,126.9640180000
112000157,37.5631581038,126.9644505142
112000158,37.5764898997,126.9085188895
112000159,37.5767876006,126.9084364654
112000440,37.5710910000,126.9169300000
112000167,37.5754192746,126.9564326063
112000169,37.5634130000,126.9683950000
112000170,37.5597212618,126.9642110489
112000173,37.5728168589,126.9221469551
113000532,37.5691630000,126.9147590000
112000175,37.5804565915,126.9281505144
112000176,37.5566664866,126.9330023083
112000177,37.5712597156,126.9200245273
112000178,37.5709633371,126.9201437133
112000179,37.5752855695,126.9251839684
112000180,37.5787263414,126.9102546757
112000181,37.5783650000,126.9103330000
112000182,37.5829339719,126.9196202751
112000184,37.5805574973,126.9153237450
112000185,37.5803471667,126.9159408120
112000187,37.5718528892,126.9593190984
112000195,37.5668611224,126.9464767265
112000196,37.5701024648,126.9461047804
112000197,37.5701090000,126.9461148977
112000198,37.5667963452,126.9467009136
112000199,37.5714897037,126.9594106078
112000202,37.5816320000,126.9102570000
112000216,37.5822573867,126.9129894423
112000230,37.5683540231,126.9460171790
112000231,37.5686023092,126.9461086912
112000392,37.5562631609,126.9370041956
112000314,37.5763938404,126.9553087490
112000313,37.5764875221,126.9552249123
112000415,37.5739820992,126.9189766576
112000414,37.5744342988,126.9187610612
112000417,37.5948326835,126.9403025508
112000426,37.5751661304,126.9067640004
112000422,37.5750474159,126.9070551106
112000421,37.5726089786,126.9211651676
112000424,37.5893732847,126.9430827620
112000425,37.5744290000,126.9173040000
112000427,37.5758314601,126.9535721283
112000428,37.5745776862,126.9518579342
112000431,37.5787703220,126.9320567839
112000432,37.5737656896,126.9163415838
112000437,37.5586613075,126.9608923538
112000439,37.5755919270,126.9188102139
112900227,37.5864360186,126.9317244197
112900116,37.6056753028,126.9498503303
112900218,37.5848355947,126.9285294071
112900007,37.5824266586,126.9433200359
112900205,37.5897976750,126.9539148251
112900005,37.5591201611,126.9492610980
112900180,37.5648050703,126.9529748039
112900004,37.5695765271,126.9241991219
112900003,37.5658370090,126.9587733457
112900002,37.5956010964,126.9338401245
112900219,37.5863364542,126.9325182667
112900115,37.6036389041,126.9494723222
112900220,37.5841069510,126.9290894530
112900001,37.5828145423,126.9436821958
112900114,37.5968898285,126.9503226419
112900207,37.5904915483,126.9533843286
112900112,37.5597710801,126.9500337563
112900111,37.5635916001,126.9541934784
112900189,37.5709433271,126.9253683141
112900223,37.5809792430,126.9361173049
112900170,37.5680672970,126.9590155058
112900181,37.5643630011,126.9592914762
112900110,37.5932894508,126.9344642894
112900109,37.5869709106,126.9326750877
112900108,37.5832993159,126.9301670114
112900107,37.5843122345,126.9438520431
112900106,37.5952728242,126.9485919264
112900105,37.5910365086,126.9528846042
112900104,37.5608509379,126.9516429305
112900103,37.5631196895,126.9548740803
112900190,37.5721234264,126.9262762163
112900168,37.5685268448,126.9603003349
112900102,37.5639149801,126.9614458786
112900101,37.5923361752,126.9346010147
112900100,37.5870541637,126.9332966622
112900099,37.6008891646,126.9489371510
112900098,37.5812287775,126.9319952523
112900097,37.5842324270,126.9427866202
112900096,37.5941733769,126.9480491692
112900095,37.5918227992,126.9519917750
112900093,37.5622215575,126.9555537949
112900232,37.5922380009,126.9434055817
112900169,37.5684384660,126.9614503394
112900092,37.5642738059,126.9649491898
112900091,37.5917253952,126.9348869143
112900090,37.5871221418,126.9340020442
112900089,37.5994652097,126.9483922502
112900088,37.5802086413,126.9333967449
112900087,37.5923192809,126.9473597602
112900086,37.5928682464,126.9511101170
112900177,37.5610274127,126.9558700919
112900194,37.5731363439,126.9286952481
112900084,37.5900216603,126.9352937891
112900083,37.5864367347,126.9345801332
112900082,37.5981452692,126.9467080038
112900202,37.5839495785,126.9390725472
112900081,37.5910942532,126.9467051053
112900080,37.5941790512,126.9496042131
112900079,37.5618692519,126.9548553237
112900078,37.5594522562,126.9564975053
112900076,37.5713449478,126.9610204725
112900075,37.5609058481,126.9630694920
112900074,37.5889769825,126.9363704352
112900073,37.5969999620,126.9474272357
112900216,37.5923950001,126.9412976503
112900072,37.5892500775,126.9455049823
112900071,37.5944055102,126.9483947754
112900069,37.5598650000,126.9624230000
112900067,37.5950393216,126.9406034792
112900066,37.5964555066,126.9488940175
112900199,37.5848822690,126.9360670682
112900065,37.5672943164,126.9302458780
112900063,37.5692775009,126.9630256888
112900062,37.5612397836,126.9619045610
112900215,37.5951671678,126.9410116214
112900203,37.5862688501,126.9357069372
112900178,37.5578250000,126.9562710000
112000410,37.5575069757,126.9553924724
112900172,37.5679383551,126.9643010771
112900061,37.5623011580,126.9619360631
112900060,37.5943540172,126.9420858176
112900200,37.5877677594,126.9364416698
112900056,37.5572720684,126.9515261108
112000256,37.5807483392,126.9349134591
112900163,37.5666951917,126.9654574653
112900059,37.5633648333,126.9624252992
112900057,37.5952754911,126.9432424727
112900201,37.5891240045,126.9383406199
112900054,37.5652797325,126.9659992155
112900053,37.5642130373,126.9636417757
112900052,37.5969649835,126.9450463638
112900208,37.5919205228,126.9446843067
112900051,37.5926048425,126.9471389075
101000248,37.5647772952,126.9673182162
112900164,37.5598271919,126.9629183473
112900183,37.5568236234,126.9440526436
112900162,37.5643964142,126.9651506262
112900165,37.5646637442,126.9641668008
112900050,37.5680630996,126.9180638508
112900049,37.5962886959,126.9459766195
112900260,37.5561694068,126.9347143466
112900226,37.5562630013,126.9400904050
112900184,37.5567637834,126.9425352186
112900047,37.5644916315,126.9642045993
112000337,37.5699570285,126.9335745537
112900046,37.5656091147,126.9645783982
112900045,37.5893324262,126.9363778811
112900044,37.5690928967,126.9156151886
112000352,37.5697196069,126.9330310414
112900043,37.5960212696,126.9464082826
112900042,37.5959314635,126.9491285283
112900209,37.5917792198,126.9451782303
112900166,37.5631094992,126.9648856423
112000372,37.5715704986,126.9344980432
112000373,37.5695126174,126.9332681588
112000374,37.5784645604,126.9357996958
112000375,37.5785143003,126.9361313880
112000376,37.5878538931,126.9357565292
112000377,37.5880402875,126.9355163118
112900041,37.5557927422,126.9385548510
112900040,37.5640060641,126.9616722280
112900173,37.5672714689,126.9640444243
112900039,37.5900046159,126.9354330860
112900038,37.5946451270,126.9460106487
112900037,37.5652394638,126.9669874701
112900230,37.5553901125,126.9371485343
112900182,37.5644864668,126.9593378205
112900036,37.5680640191,126.9629186057
112900035,37.5915705415,126.9351293826
112900034,37.5842616936,126.9436845024
112900032,37.5684809789,126.9619594904
112900031,37.5926714357,126.9347015063
112900030,37.5865602152,126.9346366412
112900029,37.5829135972,126.9435462490
112900028,37.5942912091,126.9484966108
112900233,37.5745622293,126.9183585228
112900188,37.5602943607,126.9355917024
112900027,37.5936545113,126.9346802635
112900224,37.5745040424,126.9206142993
112900026,37.5872194803,126.9340393252
112900025,37.5815669075,126.9356034175
112900024,37.5941402463,126.9494683467
112900196,37.5630514409,126.9311005456
112900225,37.5749489217,126.9215738878
112900023,37.5871586938,126.9333033629
112900022,37.5809086238,126.9347151780
112900021,37.5930090150,126.9507351582
112900020,37.5657082519,126.9302298489
112900019,37.5724599224,126.9584504401
112900018,37.5868978487,126.9325460681
112900017,37.5803213337,126.9334962806
112900016,37.5922107348,126.9516257391
112900015,37.5669938067,126.9312474740
112900014,37.5727088538,126.9565857109
112900013,37.5815354767,126.9318571973
112900012,37.5909941040,126.9527510089
112900011,37.5594697141,126.9637436891
112900064,37.5672110495,126.9303732956
112900197,37.5678100000,126.9318180000
112900010,37.5729676798,126.9547526626
112900009,37.5683166376,126.9185424288
112900008,37.5833138330,126.9303357066
112900210,37.5904725788,126.9532665726
112900118,37.5679615197,126.9296164448
112900119,37.5726421343,126.9564804632
112900120,37.5916600520,126.9426778859
112900222,37.5841656006,126.9292207427
112900206,37.5897135968,126.9537786344
112900121,37.5574907123,126.9577230295
112900122,37.5691422348,126.9285896880
112900123,37.5724049323,126.9583836762
112900185,37.5568998934,126.9452863295
112900221,37.5849059393,126.9286278498
112900124,37.5695046821,126.9260014418
112900174,37.5719201973,126.9585322513
112900125,37.5564894962,126.9407252016
112900126,37.5596417843,126.9567766726
112900127,37.5707914279,126.9593909971
112900128,37.5968134349,126.9483983653
112900179,37.5607808911,126.9560391181
112900129,37.5800385838,126.9354666025
112900130,37.5689547887,126.9614410169
112900131,37.5973129248,126.9471326000
112900132,37.5620580263,126.9549530248
112900133,37.5624504590,126.9556170486
112900134,37.5795467759,126.9341740353
112900135,37.5679216001,126.9625724585
112900137,37.5636952525,126.9542624655
112900138,37.5787201694,126.9320428222
112900175,37.5671723156,126.9639357971
112900139,37.5993508468,126.9485644718
112900141,37.5804137793,126.9344518005
112900142,37.5656108726,126.9644312366
112900143,37.6008595246,126.9491591491
112900144,37.5608966456,126.9515497876
112900167,37.5647326205,126.9641139341
112900145,37.5981372208,126.9468857242
112900146,37.5598106586,126.9498696017
112900113,37.6051967755,126.9499071147
112900147,37.6034755286,126.9495050706
112900217,37.6056464425,126.9499657090
112000413,37.5884321956,126.9442328155
112900204,37.5867611042,126.9463325749
112900148,37.5861855115,126.9496492340
112900214,37.5854477501,126.9479674436
112900149,37.5705069640,126.9600087407
112000411,37.5890349366,126.9440477910
112000412,37.5907884605,126.9421882308
112900193,37.5660660000,126.9302170000
112900186,37.5587257522,126.9426327429
112900151,37.5851813121,126.9487531269
112900212,37.5863067328,126.9510210022
112900152,37.5581795882,126.9564549195
112900213,37.5864158661,126.9510203195
112900187,37.5569744833,126.9468188341
112900153,37.5906566603,126.9419373753
112900154,37.5861227688,126.9504373685
112900155,37.5801955537,126.9341610096
112900157,37.5659098551,126.9585131270
112900156,37.5657892000,126.9586262110
112900211,37.5967940402,126.9561380553
112900158,37.5963608926,126.9543661773
112900234,37.5729270056,126.9270218704
112900235,37.5911390020,126.9429124160
112900159,37.5693943762,126.9174274800
112900160,37.5701370515,126.9605988267
112900176,37.5714816578,126.9593725088
112900161,37.5700627813,126.9603819570
112900237,37.5982578813,126.9447652539
112900236,37.5972309406,126.9451708339
112900261,37.5991156733,126.9442149137
112900228,37.5941280566,126.9474377485
112900229,37.5949183961,126.9340653710
112900238,37.5731224341,126.9280443610
112900239,37.5667306356,126.9464269727
111901147,37.5837069844,126.9113530601
112900240,37.5809892128,126.9165783960
112900241,37.5810400985,126.9179580379
112900242,37.5815105244,126.9185042381
112900243,37.5815815396,126.9207840836
112900244,37.5820455097,126.9224798172
112900245,37.5826610496,126.9236989303
112900246,37.5840282682,126.9233580202
112900247,37.5825812067,126.9253633984
112900248,37.5814681556,126.9248522221
112900249,37.5822559752,126.9239938349
112900250,37.5820882288,126.9223608986
112900251,37.5817423785,126.9205272051
112900252,37.5817399260,126.9184796033
112900254,37.5808266426,126.9165576051
112900255,37.5815349216,126.9137827727
112900256,37.5811559999,126.9124960014
112900257,37.5813659825,126.9111737609
111901148,37.5822276439,126.9093836158
112900258,37.5819344759,126.9214779936
111001129,37.5839069226,126.9109326449
112900259,37.5788352473,126.9321466162
113000001,37.5409425139,126.9479644874
113000002,37.5402771750,126.9467854312
113000003,37.5436049054,126.9509046196
113000004,37.5445016819,126.9513544428
113000005,37.5463648760,126.9529070766
113000006,37.5470777755,126.9532416189
113000007,37.5501999331,126.9552123486
113000008,37.5507703612,126.9553048134
113000009,37.5540780443,126.9571001865
113000010,37.5548981253,126.9573351399
113000424,37.5489993779,126.9129885095
113000412,37.5495322937,126.9138559699
113000423,37.5536367406,126.9195815796
113000413,37.5541490670,126.9200472450
113000422,37.5566403375,126.9234653018
113000414,37.5573256439,126.9243162516
113000421,37.5580670950,126.9285426740
113000420,37.5553966479,126.9358930618
113000419,37.5561071246,126.9401534030
113000418,37.5566543493,126.9444960625
113000476,37.5570920000,126.9515170000
113000477,37.5572940008,126.9549417458
113000474,37.5579672892,126.9606652753
113000011,37.5649538546,126.9024231067
113000012,37.5649023958,126.9018904171
113000013,37.5661067292,126.8974542618
113000014,37.5666679881,126.8963261593
113000015,37.5692364990,126.8954677680
113000016,37.5687260000,126.8942940000
113000017,37.5733547348,126.8879570409
113000018,37.5723190695,126.8884623272
113000019,37.5778826192,126.8804371640
113000020,37.5775610281,126.8803980947
113000021,37.5853442979,126.8851878625
113000022,37.5855980000,126.8847870000
113000025,37.5685230000,126.8927480000
113000026,37.5738220000,126.8892280000
113000027,37.5752670000,126.8906470000
113000028,37.5753384971,126.8902909609
113000029,37.5485905004,126.9143006049
113000030,37.5487970862,126.9146251811
113000031,37.5481890927,126.9175061586
113000032,37.5479367436,126.9174453228
113000033,37.5476829367,126.9216470319
113000034,37.5478737711,126.9215637852
113000035,37.5478027651,126.9253669692
113000036,37.5474910871,126.9261941009
113000037,37.5476090642,126.9305409732
113000038,37.5473522775,126.9305842172
113000039,37.5473123228,126.9339394067
113000040,37.5469713032,126.9390917397
113000485,37.5664760626,126.8792488862
113000042,37.5397090071,126.9457368286
113000486,37.5694063590,126.8806949077
113000471,37.5419401801,126.9528746311
113000470,37.5417232771,126.9528901577
113000493,37.5735598425,126.8834400255
113000487,37.5741661044,126.8860993187
113000491,37.5695262377,126.9001971302
113000492,37.5662989070,126.8995833556
113000488,37.5738570108,126.8832782507
113000051,37.5444134861,126.9530314936
113000052,37.5443518520,126.9541479054
113000053,37.5459410072,126.9566906448
113000054,37.5458923284,126.9561622385
113000055,37.5481467480,126.9588159115
113000056,37.5479971758,126.9589872289
113000489,37.5695835026,126.8804861814
113000058,37.5430732748,126.9531626402
113000059,37.5427512615,126.9533323949
113000060,37.5418710000,126.9558850000
113000061,37.5424449570,126.9507441044
113000062,37.5434939017,126.9516317740
113000063,37.5403322186,126.9557014553
113000064,37.5405429216,126.9558325410
113000065,37.5668726108,126.9104194588
113000066,37.5666220223,126.9103076889
113000067,37.5677928213,126.9083263491
113000068,37.5680037628,126.9084370307
113000069,37.5698617774,126.9038566649
113000070,37.5697128280,126.9037125673
113000071,37.5715971380,126.9014985417
113000072,37.5714611354,126.9014134049
113000073,37.5751843905,126.8960398360
113000074,37.5751546184,126.8954851821
113000075,37.5763917144,126.8934221518
113000076,37.5765495834,126.8937200609
113000077,37.5538094529,126.9368825067
113000078,37.5535240112,126.9372675673
113000079,37.5511000000,126.9379700000
113000080,37.5518272757,126.9373153932
113000081,37.5493548145,126.9386715493
113000082,37.5489520000,126.9398600000
113000083,37.5481067455,126.9409887457
113000084,37.5476750559,126.9427204259
113000085,37.5469771060,126.9435145128
113000086,37.5464778856,126.9454014610
113000087,37.5456406475,126.9467666745
113000088,37.5451999014,126.9483406072
113000089,37.5444323434,126.9493208487
113000090,37.5565920000,126.9197100000
113000091,37.5558462446,126.9209476216
113000479,37.5647689440,126.9069033254
113000094,37.5642770000,126.9124730000
113000095,37.5638632409,126.9132054677
113000096,37.5617966139,126.9151050102
113000097,37.5624635723,126.9140662478
113000098,37.5605518060,126.9158070869
113000099,37.5596512854,126.9166140242
113000100,37.5594093604,126.9172809899
113000101,37.5572277306,126.9193196292
113000102,37.5578790449,126.9182029073
113000103,37.5627277529,126.9026625580
113000104,37.5624588168,126.9024722199
113000105,37.5636762812,126.9067285152
113000106,37.5642530000,126.9074570000
113000107,37.5656682400,126.9135548771
113000108,37.5656929458,126.9126441333
113000109,37.5482784766,126.9319142889
113000110,37.5482546780,126.9314122230
113000111,37.5508818035,126.9326546465
113000112,37.5507124982,126.9321995470
113000113,37.5538899564,126.9345617000
113000114,37.5540511998,126.9356825619
113000116,37.5564896634,126.9447874756
113000117,37.5559161044,126.9457318695
113000118,37.5557990945,126.9460205780
113000119,37.5540499504,126.9457581231
113000120,37.5537887705,126.9460582466
113000121,37.5504951872,126.9439464603
113000472,37.5487580000,126.9425350000
113000124,37.5571518068,126.9574606253
113000125,37.5486575374,126.9122481343
113000494,37.5545944804,126.9203754760
113000127,37.5490106533,126.9121780839
113000128,37.5510604429,126.9156095164
113000129,37.5502177028,126.9153071515
113000133,37.5565612263,126.9230438058
113000134,37.5566518250,126.9238133040
113000135,37.5625221708,126.9275410215
113000137,37.5556375210,126.9347610004
113000139,37.5494237971,126.9231511533
113000140,37.5494290547,126.9229225322
113000141,37.5521905815,126.9238047580
113000142,37.5530705865,126.9246414060
113000143,37.5543703111,126.9298077585
113000144,37.5549581660,126.9301572482
113000145,37.5452422060,126.9326481273
113000146,37.5454360008,126.9327520694
113000147,37.5442313666,126.9362364705
113000148,37.5446547963,126.9354090177
113000149,37.5419177341,126.9404187472
113000150,37.5417099622,126.9411793777
113000151,37.5396325539,126.9441050979
113000153,37.5509477452,126.9129324905
113000154,37.5507870000,126.9125920000
113000155,37.5531302266,126.9118676593
113000156,37.5532180000,126.9122620000
113000157,37.5547915422,126.9114638988
113000158,37.5548695099,126.9108956213
113000159,37.5573371725,126.9087601732
113000160,37.5575911259,126.9089432755
113000161,37.5604275533,126.9063646890
113000162,37.5605946475,126.9057249395
113000163,37.5588032368,126.9114976368
113000164,37.5585137421,126.9111731244
113000234,37.5510938111,126.9072376566
113000166,37.5591229348,126.9032162229
113000167,37.5591653733,126.9033225674
113000168,37.5600059068,126.9030950972
113000169,37.5600805608,126.9029286079
113000170,37.5607822820,126.9043928297
113000171,37.5607605683,126.9047512686
113000172,37.5525939414,126.9069935902
113000173,37.5535938580,126.9100992042
113000174,37.5535531210,126.9060628420
113000175,37.5534086494,126.9060056297
113000176,37.5556235492,126.9048936302
113000177,37.5554407976,126.9051055187
113000178,37.5579462510,126.9042153700
113000179,37.5578909496,126.9040871071
113000180,37.5811497135,126.8784199476
113000181,37.5818760000,126.8789630000
113000182,37.5728554605,126.8994695568
113000183,37.5739670000,126.8981040000
113000184,37.5597317011,126.9156529372
113000531,37.5557410000,126.8976480000
113000189,37.5533537628,126.9267223052
113000190,37.5547384096,126.9222053762
113000192,37.5779850000,126.8913230000
113000193,37.5774605863,126.8912875667
113000194,37.5809210000,126.8863350000
113000195,37.5803332786,126.8865178403
113000196,37.5834310105,126.8826124496
113000197,37.5819239214,126.8841995172
113000198,37.5712420000,126.8897620000
113000199,37.5498278800,126.9437706470
113000201,37.5773614776,126.8898953585
113000202,37.5752078233,126.8996741287
113000203,37.5778570710,126.8899455720
113000204,37.5789880000,126.8896370000
113000205,37.5450734893,126.9234283579
113000206,37.5448091234,126.9242909770
113000207,37.5457358405,126.9277926676
113000208,37.5455492751,126.9277294722
113000209,37.5456864091,126.9294970623
113000210,37.5455370000,126.9288870000
113000211,37.5548915242,126.9163533449
113000212,37.5556445461,126.9198284300
113000213,37.5737580172,126.8979917064
113000214,37.5374403051,126.9439785202
113000430,37.5680089232,126.8781937234
113000428,37.5687642494,126.8750873208
113000410,37.5681770000,126.8927490000
113000425,37.5750780768,126.9007548894
113000433,37.5853300000,126.8788330000
113000432,37.5843953147,126.8799671809
102000254,37.5411330450,126.9568297914
113000436,37.5853220000,126.8796580000
113000435,37.5862054537,126.8813483870
113000437,37.5862704288,126.8808993224
113000438,37.5872149306,126.8839820122
113000434,37.5870817539,126.8839598515
113000495,37.5683159216,126.9149412588
113000496,37.5678973956,126.9153689271
113000448,37.5755263424,126.9007797653
113000446,37.5742321541,126.9028581629
113000445,37.5738331722,126.9031032213
113000444,37.5716856118,126.9072675947
113000443,37.5714636428,126.9072883544
113000442,37.5694513482,126.9121016153
113000441,37.5693048881,126.9120367007
113000440,37.5667337059,126.9136074112
113000439,37.5664713538,126.9136846815
113000455,37.5840594436,126.8865456046
113000454,37.5836187524,126.8866226840
113000453,37.5798297910,126.8943776781
113000452,37.5798316679,126.8939587977
113000451,37.5766983835,126.8990065446
113000450,37.5769634812,126.8981967646
113000449,37.5753552366,126.9005841830
113000469,37.5784613960,126.8939275345
111001115,37.5820834608,126.8907318462
111001114,37.5818267278,126.8907859977
113900288,37.5744127596,126.8861728907
113900296,37.5443868565,126.9541672852
113900260,37.5608656017,126.8988594191
113900297,37.5785320093,126.8821105690
113900299,37.5499192040,126.9275263100
113900284,37.5564968722,126.8985925441
113900285,37.5456403732,126.9119307997
113900300,37.5573254742,126.9236679158
113900301,37.5577282744,126.9234387243
113900302,37.5571368168,126.9562461927
113900303,37.5398243005,126.9476288070
113900304,37.5357415195,126.9477362472
113900219,37.5471556001,126.9589794255
113900305,37.5603378705,126.8992212168
113900306,37.5502446123,126.9302782196
113900307,37.5512061281,126.9273674970
113900308,37.5497981454,126.9375706084
113900014,37.5561100000,126.8993820000
113900273,37.5740883789,126.8860527171
113900016,37.5456250178,126.9128255229
113900245,37.5557913332,126.9210303052
113900017,37.5609091091,126.9231008719
113900018,37.5407448359,126.9492092871
113900019,37.5361648924,126.9475068947
113900020,37.5597426063,126.8996419598
111001135,37.5777772935,126.8969821974
113900022,37.5507316247,126.9309953149
113900023,37.5519120695,126.9279949601
113900024,37.5499070227,126.9356035042
113900025,37.5544791020,126.9368472568
113900274,37.5726253056,126.8883543312
113900026,37.5455158600,126.9141581354
113900027,37.5622933508,126.9219754172
113900028,37.5569610000,126.9616770000
101000336,37.5573530000,126.9610690000
113900029,37.5462180095,126.9598793339
113900030,37.5587574153,126.9003563794
113900031,37.5510770869,126.9315846569
113900032,37.5527354367,126.9290988156
113900033,37.5500104497,126.9336171589
113900251,37.5565760000,126.9016030000
113900035,37.5454162494,126.9159825506
113900267,37.5584151692,126.9181649687
113900036,37.5630345645,126.9213939451
113900037,37.5560100579,126.9625987905
101900026,37.5576412633,126.9602156344
113900038,37.5470550000,126.9435540000
113900039,37.5572273703,126.9014438887
113900040,37.5516299322,126.9324080979
113900041,37.5531811274,126.9300208249
113900042,37.5490808985,126.9326944706
113900043,37.5483004315,126.9326343365
113900225,37.5480716446,126.9410725222
113900252,37.5568114132,126.9029520908
113900044,37.5660689383,126.8972675665
113900045,37.5452896463,126.9179054483
113900046,37.5601111815,126.9166359308
113900047,37.5636821303,126.9222716786
113900049,37.5420363760,126.9515801113
113900262,37.5567360000,126.9015860000
113900309,37.5562660000,126.8992560000
113900050,37.5537200783,126.9317248509
113900246,37.5549249512,126.9303700659
113900231,37.5472604384,126.9338504704
113900051,37.5453150473,126.9323900344
113900052,37.5470560200,126.9435526305
113900253,37.5571400000,126.9043220000
113900053,37.5657503917,126.9009458973
113900054,37.5451009675,126.9216549212
113900055,37.5609964881,126.9177138986
113900056,37.5640863415,126.9230681745
113900057,37.5411751362,126.9543656256
113900058,37.5471721489,126.9371834845
113900059,37.5446957205,126.9353844685
113900060,37.5470553820,126.9471495554
113900254,37.5574920000,126.9059790000
113900061,37.5692704064,126.9002903006
113900062,37.5466922080,126.9230414413
113900265,37.5619139666,126.9192591331
113900063,37.5645907957,126.9242177580
113900064,37.5404825999,126.9554309077
113900065,37.5558800000,126.8991670000
113900232,37.5470162832,126.9389468423
113900066,37.5437179924,126.9367020261
113900067,37.5484856059,126.9475661602
113900068,37.5578249750,126.9076978449
113900069,37.5476371966,126.9235904983
113900070,37.5636983072,126.9208510308
113900071,37.5639839246,126.9249462367
113900286,37.5568048290,126.9598728435
113900255,37.5544373457,126.9011589449
113900247,37.5556204253,126.9348062895
113900072,37.5462786361,126.9414168429
113900073,37.5431639490,126.9386568825
113900074,37.5488734491,126.9484113079
113900075,37.5561110000,126.9099360000
113900076,37.5475467474,126.9244409921
113900077,37.5643791604,126.9202967687
113900078,37.5633660552,126.9253883256
113900217,37.5553480504,126.9607372268
113900079,37.5393318550,126.9553127738
113900001,37.5796281217,126.8917373023
113900002,37.5778014837,126.8877410517
113900003,37.5789717535,126.8872438991
113900004,37.5807370662,126.8889507316
113900005,37.5822609838,126.8878785970
113900006,37.5823926492,126.8855908513
113900007,37.5819321630,126.8855751980
113900223,37.5397829588,126.9545930351
111001127,37.5809780136,126.8825326891
113900314,37.5812734756,126.8805398078
113900315,37.5810587094,126.8806237964
111901150,37.5806845980,126.8836707859
113000467,37.5824225201,126.8861172457
113000466,37.5824509369,126.8856846789
111901151,37.5798067452,126.8856638890
113900290,37.5418479155,126.9530953371
113900289,37.5418343172,126.9528860130
113900291,37.5569705649,126.9515834530
113900293,37.5797209678,126.8814543536
113900218,37.5571741070,126.9568346839
113900008,37.5825593088,126.8865648633
113900009,37.5820267620,126.8878117007
113900010,37.5808056835,126.8886559163
113900011,37.5793304940,126.8872133447
113900012,37.5781786312,126.8873113833
113900013,37.5790070000,126.8915770000
113000514,37.5561630000,126.9249710000
113000515,37.5588370000,126.9252210000
113000516,37.5634320000,126.9214480000
113000517,37.5576560000,126.9059200000
113000518,37.5562530000,126.8991890000
113000519,37.5666310000,126.8964700000
113000520,37.5666610000,126.8924210000
113000521,37.5746770000,126.8860270000
113000522,37.5688090000,126.8751560000
113000523,37.5658480000,126.8803520000
113000524,37.5456770000,126.9118380000
113000525,37.5453090000,126.9180560000
113000526,37.5394140000,126.9440710000
113000527,37.5426830000,126.9518220000
113000528,37.5438120000,126.9494330000
113000529,37.5479270000,126.9206950000
113000530,37.5506850000,126.9214470000
113000533,37.5450070000,126.9221440000
113900256,37.5524231339,126.9041144875
113900080,37.5668228150,126.9101093439
113900081,37.5457513998,126.9430638871
113900082,37.5418828151,126.9405579807
113900083,37.5487755518,126.9491538042
113900084,37.5542263109,126.9123428704
113900237,37.5474902299,126.9262642691
113900085,37.5658939505,126.9190510756
113900086,37.5624505717,126.9243116542
113900087,37.5545623235,126.9608191314
113900216,37.5376063241,126.9531660599
113900088,37.5580233931,126.9607211084
113900089,37.5522804732,126.9059979922
113900091,37.5517786762,126.9325188796
113900092,37.5448456877,126.9447270314
101900027,37.5536056568,126.9610258398
113900093,37.5396183460,126.9445498324
113900094,37.5491526058,126.9512380153
113900095,37.5545141067,126.9140402901
113900096,37.5479459242,126.9302871512
113900266,37.6136470000,127.0749990000
113900097,37.5362123160,126.9509196507
113900098,37.5512595136,126.9070201173
113900099,37.5512824672,126.9314899516
113900313,37.5544423161,126.9299639616
113900101,37.5441046793,126.9460097727
113900102,37.5417490000,126.9460640000
113900103,37.5486659087,126.9538167403
113900104,37.5547403269,126.9153507025
113900235,37.5491991774,126.9315365761
113900283,37.5516189178,126.9622625784
113900105,37.5359386921,126.9495166990
113900222,37.5432839409,126.9526849444
113900250,37.5487583715,126.9098198111
113900106,37.5508496218,126.9309159814
113900107,37.5532611124,126.9299420833
113900108,37.5426028930,126.9467600134
113900109,37.5426264908,126.9471368388
113900221,37.5471182709,126.9531057864
113900238,37.5532594418,126.9173477744
113900110,37.5495294243,126.9323103997
113900111,37.5505203493,126.9600892140
113900112,37.5358265963,126.9478810865
113900113,37.5586625923,126.9126081977
113000534,37.5563340000,126.9234140000
113000383,37.5407404838,126.9471087481
113900310,37.5502765745,126.9295120239
113900311,37.5501638696,126.9292518497
113900114,37.5504041647,126.9303622842
113900115,37.5528551348,126.9290569126
113900116,37.5412180670,126.9451382306
113900117,37.5438960280,126.9468982901
113900118,37.5455206820,126.9510176651
113000395,37.5625221156,126.9027355313
113000396,37.5628235118,126.9029578759
113000397,37.5822556360,126.8804641383
113000398,37.5819844179,126.8792408250
113000406,37.5737846640,126.8994147382
113000407,37.5738246995,126.8983845144
113000408,37.5808473373,126.8864768914
113000409,37.5804756100,126.8864066988
113900119,37.5545259524,126.9209776106
113900120,37.5508740938,126.9327234162
113900121,37.5492115356,126.9579450038
113900122,37.5498487849,126.9147926148
113900123,37.5568038157,126.9140806710
113900124,37.5520413218,126.9279627818
113900125,37.5396209172,126.9442691905
113900126,37.5449286853,126.9449340700
113900127,37.5519917333,126.9332204035
113900128,37.5483812312,126.9568867015
113900129,37.5519430729,126.9175337114
113900239,37.5548725266,126.9162481047
113900130,37.5513088608,126.9273099469
113900131,37.5459514560,126.9430908960
113900227,37.5464463948,126.9455044702
113900132,37.5487999972,126.9553485890
113900133,37.5404068073,126.9559961557
113900240,37.5556580917,126.9198714260
113900135,37.5434232109,126.9388467265
113900136,37.5463896176,126.9417132655
113900137,37.5555997561,126.9150520526
113900140,37.5536272738,126.9231791726
113900248,37.5566897307,126.9232162658
113900141,37.5438334622,126.9369441072
113900142,37.5472983739,126.9390394140
113900226,37.5481047003,126.9423208067
113000456,37.5553244188,126.9356327981
113900220,37.5503384443,126.9553278673
113900143,37.5412403149,126.9545638633
113900144,37.5529817959,126.9238877068
113900241,37.5558688730,126.9197614100
113900145,37.5447473219,126.9355502266
113900146,37.5474092121,126.9373247519
113900148,37.5516621838,126.9192022864
113900149,37.5525946358,126.9565340004
113900048,37.5422234996,126.9516244161
113900150,37.5508703976,126.9210952673
113900242,37.5550661861,126.9161414944
113900151,37.5454755063,126.9325019280
113900233,37.5474825845,126.9347069950
113900152,37.5520916812,126.9453441712
113900153,37.5506427579,126.9214465737
113900155,37.5407428390,126.9490519166
113900156,37.5568715540,126.9142956492
113900234,37.5481226612,126.9328243933
113900157,37.5534760955,126.9460686583
113900158,37.5520039556,126.9236510232
113900312,37.5558369650,126.9558084037
113900139,37.5400571192,126.9475973650
113900292,37.5795651804,126.8813928881
113000468,37.5505859949,126.9149513563
113900160,37.5586852894,126.9128379471
113900161,37.5504232028,126.9331168737
113900229,37.5559135339,126.9460216273
113900162,37.5531509051,126.9248314705
113900163,37.5541278747,126.9295117470
113900164,37.5669146540,126.9174119301
113900224,37.5388339480,126.9474539570
113900165,37.5606439736,126.9161669371
113900166,37.5539101296,126.9231795079
113900167,37.5654631791,126.9191849347
113900168,37.5379689566,126.9473838471
113900169,37.5622973046,126.9146652433
113900171,37.5644362483,126.9201211423
113900172,37.5364034740,126.9473962615
113900173,37.5525211624,126.9061199251
113900174,37.5646439871,126.9125264992
113900175,37.5635807867,126.9208407845
113900287,37.5404537169,126.9553041828
113900257,37.5526385439,126.9041741974
113900176,37.5665745631,126.9107016888
113900177,37.5573853501,126.9183539873
113900178,37.5622871811,126.9194964410
113900179,37.5536897719,126.9026460189
113900180,37.5567410028,126.9169681476
113900181,37.5612082417,126.9177091380
113900258,37.5546158880,126.9013092437
113900182,37.5699733715,126.9036833144
113900183,37.5561589100,126.9157158214
113900294,37.5534558318,126.9027470741
113900184,37.5559856164,126.8992531113
113900185,37.5556453918,126.9146083137
113900186,37.5515831433,126.9325269785
113900189,37.5587705681,126.9173994140
113900269,37.5738732970,126.8983131242
113900187,37.5551110975,126.9134453847
113900188,37.5495116343,126.9315214065
113900243,37.5544197369,126.9119272598
113900190,37.5533950184,126.9174950771
113900191,37.5479719610,126.9301264200
113900192,37.5560597174,126.9210453635
113900193,37.5570896570,126.9016285660
113900194,37.5561140000,126.9102580000
113900195,37.5556503792,126.9152772343
113900196,37.5477461980,126.9263556875
113900197,37.5587854475,126.9004729280
113900198,37.5762495025,126.8912678163
113900199,37.5579330000,126.9072970000
113900200,37.5477681308,126.9254084029
113900201,37.5596562821,126.8998548757
113900275,37.5752557916,126.8903116509
113900263,37.5576257556,126.9059890137
113900202,37.5478391735,126.9223888577
113900203,37.5602659530,126.8994205325
113900204,37.5573870000,126.9047160000
113900205,37.5479257309,126.9205037113
113900261,37.5609278604,126.8989566813
113900298,37.5782548127,126.8819694963
113900264,37.5570015474,126.9029563717
113900206,37.5476074126,126.9181201992
113900207,37.5455098635,126.9171164107
113900208,37.5455541032,126.9159631569
101000339,37.5511770000,126.9611890000
113900209,37.5456357722,126.9142496659
113900015,37.5457365309,126.9127953093
113900210,37.5695156080,126.9001461683
113900270,37.5663307977,126.8995753090
113000511,37.5820557086,126.8843872719
113000510,37.5823366588,126.8834947850
113900211,37.5379800680,126.9475018046
113900259,37.5562350900,126.9001616621
113900212,37.5564958163,126.9005291712
113900249,37.5546992456,126.9359751517
113900268,37.5606202414,126.9157402260
113900295,37.5532074175,126.9268299600
113900214,37.5542981382,126.9294391491
113900244,37.5517506356,126.9194138368
113900271,37.5680244492,126.9083871955
113900215,37.5804105731,126.8798688581
113900236,37.5499354757,126.9283523987
113900230,37.5542870566,126.9358956814
113900282,37.5544909027,126.9356255921
113900281,37.5561881182,126.9332008127
113900280,37.5531660102,126.9334875964
113900279,37.5401511395,126.9559382398
113900278,37.5566204258,126.9469798113
113900277,37.5579505185,126.9009301902
113900276,37.5579389220,126.9010705599
114000001,37.5309083865,126.8640300339
114000002,37.5326907306,126.8665441384
114000003,37.5343243418,126.8699099401
114000004,37.5355559091,126.8705188382
114000005,37.5381652606,126.8735523348
114000006,37.5365999339,126.8779874254
114000007,37.5347470000,126.8757420000
114000008,37.5322979868,126.8751149732
114000009,37.5327958586,126.8719802822
114000011,37.5332695189,126.8638355299
114000012,37.5361735073,126.8636220426
114000013,37.5390050043,126.8638409430
114000014,37.5371228212,126.8718965121
114000015,37.5342877890,126.8696102500
114000016,37.5328780454,126.8668605943
114000017,37.5438547597,126.8823418211
114000018,37.5439220697,126.8820689810
114000396,37.5213630000,126.8562980000
114000026,37.5422950368,126.8631752063
114000027,37.5448325228,126.8624010187
114000028,37.5496948079,126.8639369391
114000038,37.5411875533,126.8770703252
114000039,37.5405030314,126.8753672844
114000040,37.5425325465,126.8811364216
114000434,37.5391300565,126.8742324260
114000042,37.5459435557,126.8814976790
114000043,37.5406383625,126.8801650973
114000044,37.5407286601,126.8803505399
114000045,37.5383884014,126.8784758339
114000046,37.5379123848,126.8816710436
114000047,37.5388422797,126.8826597565
114000048,37.5390353122,126.8828573282
114000049,37.5328197258,126.8774929435
114000050,37.5346216632,126.8783257944
114000051,37.5357698917,126.8813067124
114000052,37.5368474300,126.8844278116
114000053,37.5358926776,126.8832527876
114000054,37.5328700866,126.8838504110
114000428,37.5250698135,126.8763828695
114000055,37.5352231619,126.8879022224
114000056,37.5298020000,126.8735800000
114000057,37.5273814301,126.8644323939
114000058,37.5280972176,126.8741491329
114000059,37.5264186976,126.8737704740
114000060,37.5285096907,126.8702312245
114000061,37.5261261893,126.8733948469
114000062,37.5284743808,126.8765922255
114000063,37.5256721661,126.8687626438
114000064,37.5249570000,126.8733130000
114000065,37.5244487270,126.8768222179
114000066,37.5128049409,126.8704857561
114000067,37.5234268996,126.8754466022
114000068,37.5210696367,126.8736392011
114000069,37.5189830043,126.8714242396
114000070,37.5240854759,126.8769218981
114000071,37.5174710000,126.8709270000
114000072,37.5147081470,126.8718895902
114000073,37.5197850505,126.8774210833
114000074,37.5207879158,126.8782362614
114000075,37.5163495220,126.8769040606
114000076,37.5181150320,126.8771500437
114000077,37.5219304431,126.8781721806
114000078,37.5140461143,126.8741755588
114000079,37.5140188189,126.8739267611
114000080,37.5142684329,126.8693990705
114000081,37.5147422125,126.8695819439
114000082,37.5144890648,126.8579171135
114000083,37.5130539408,126.8635453462
114000084,37.5132321011,126.8632703412
114000085,37.5173017573,126.8707856913
114000086,37.5151432295,126.8722112168
114000087,37.5132198855,126.8583086570
114000088,37.5147961876,126.8716908326
114000089,37.5125666892,126.8653278790
114000090,37.5178720000,126.8696420000
114000091,37.5165430000,126.8670300000
114000092,37.5155435776,126.8642387934
114000093,37.5141819623,126.8603283424
114000094,37.5128276097,126.8701085117
114000095,37.5110893778,126.8687090062
114000096,37.5112881566,126.8692119822
114000097,37.5103235300,126.8667027318
114000098,37.5100942816,126.8671059902
114000099,37.5071981739,126.8657101781
114000100,37.5084511066,126.8642093283
114000101,37.5081742559,126.8633494936
114000102,37.5072813126,126.8618410710
114000103,37.5073907618,126.8614268774
114000104,37.5086342212,126.8618162875
114000105,37.5102877693,126.8591784815
114000106,37.5128696347,126.8666090852
114000107,37.5102640000,126.8627620000
114000108,37.5218864223,126.8515143857
114000109,37.5220233018,126.8507300915
114000110,37.5218824877,126.8463249183
114000111,37.5214264859,126.8462896508
114000112,37.5196434749,126.8437433353
114000113,37.5192849388,126.8438198804
114000114,37.5180186395,126.8416025861
114000115,37.5178279621,126.8418635354
114000116,37.5237110271,126.8499936000
114000117,37.5227588172,126.8456904770
114000118,37.5218776213,126.8419309679
114000119,37.5212558706,126.8392498206
114000120,37.5193930878,126.8385850656
114000121,37.5230820000,126.8512480000
114000122,37.5131152074,126.8559491470
114000123,37.5129013233,126.8541402210
114000124,37.5115773183,126.8503821304
114000125,37.5074208503,126.8439634217
114000126,37.5099267313,126.8456571614
114000127,37.5097530300,126.8584301705
114000128,37.5073061738,126.8599070047
114000426,37.5172033635,126.8543710811
114000130,37.5143052592,126.8557025140
114000131,37.5139204866,126.8571828958
114000132,37.5159691889,126.8596768178
114000133,37.5169332443,126.8623809974
114000134,37.5178010215,126.8563817008
114000427,37.5145138464,126.8692996703
114000429,37.5135267044,126.8680275029
114000138,37.5206410194,126.8618413297
114000139,37.5219530000,126.8616730000
114000144,37.5217050000,126.8593850000
114000145,37.5198759498,126.8602781332
114000146,37.5190869699,126.8566524982
114000147,37.5210387184,126.8534032338
114000148,37.5194642102,126.8533978302
114000149,37.5224330208,126.8711569767
114000150,37.5248101641,126.8694004931
114000151,37.5257967805,126.8654053381
114000152,37.5200478423,126.8669116745
114000153,37.5181625662,126.8661628949
114000154,37.5201834629,126.8683291544
114000155,37.5239401081,126.8651037893
114000156,37.5217900000,126.8655470000
114000157,37.5218496017,126.8659323028
114000158,37.5236278346,126.8753149721
114000159,37.5210340842,126.8732568710
114000160,37.5198771646,126.8708457351
114000161,37.5247264820,126.8728637695
114000162,37.5255869926,126.8671252630
114000163,37.5193001008,126.8640996248
114000165,37.5221940523,126.8633685313
114000166,37.5190605632,126.8703493965
114000167,37.5245071942,126.8645744119
114000168,37.5219011411,126.8587126514
114000169,37.5258057871,126.8631068968
114000170,37.5253957175,126.8599725442
114000171,37.5246301301,126.8542989447
114000174,37.5221525641,126.8614154182
114000176,37.5225339507,126.8643534946
114000177,37.5212769715,126.8534320750
114000178,37.5226250743,126.8594494182
114000179,37.5224739148,126.8518789155
114000180,37.5215161800,126.8551726588
114000181,37.5280495538,126.8639151684
114000182,37.5259586072,126.8627909553
114000183,37.5256530348,126.8603986015
114000184,37.5248637099,126.8539719864
114000185,37.5250671294,126.8505530267
114000189,37.5199690000,126.8352490000
114000190,37.5217809008,126.8338259542
114000191,37.5241040725,126.8307797604
114000192,37.5201173667,126.8362023324
114000193,37.5217175664,126.8339903939
116000655,37.5080580000,126.8402950000
114000194,37.5223552552,126.8370345521
114000195,37.5239255582,126.8288364619
114000196,37.5240984718,126.8289139798
114000197,37.5234552209,126.8257794501
114000198,37.5176031829,126.8538761936
114000199,37.5198533776,126.8528216878
114000200,37.5130325951,126.8538683824
114000201,37.5116613527,126.8498548282
114000202,37.5109350000,126.8423630000
114000203,37.5152713231,126.8403598507
114000204,37.5150765340,126.8549125537
114000205,37.5098523335,126.8445827103
114000206,37.5248620000,126.8502800000
114000207,37.5238498474,126.8495049505
114000208,37.5231005832,126.8460404234
114000209,37.5220259490,126.8416789569
114000210,37.5213417270,126.8387477223
114000211,37.5219046542,126.8369620025
114000212,37.5100886262,126.8423997674
114000213,37.5083597993,126.8429841108
114000214,37.5107961068,126.8392002136
114000215,37.5110656513,126.8386454150
114000216,37.5087818233,126.8421395510
114000217,37.5064470434,126.8341353536
114000218,37.5067636810,126.8356122927
114000219,37.5141912766,126.8340906245
114000220,37.5140320000,126.8339880000
114000221,37.5157310000,126.8355300000
114000222,37.5159370000,126.8353050000
114000223,37.5163599460,126.8377839139
114000224,37.5166925531,126.8378578575
114000225,37.5179542888,126.8377738585
114000226,37.5174285164,126.8378532017
114000227,37.5158628238,126.8398086390
114000228,37.5315463481,126.8309503372
114000229,37.5321812684,126.8310479701
114000230,37.5346648231,126.8288288926
114000231,37.5351642960,126.8290121927
114000232,37.5363759851,126.8330270198
114000233,37.5358050015,126.8291078692
114000234,37.5290347298,126.8325721561
114000235,37.5292505864,126.8329212932
114000236,37.5304768462,126.8379926774
114000237,37.5366508061,126.8325796723
114000238,37.5390246021,126.8235071834
114000239,37.5362149282,126.8296038629
114000240,37.5369926272,126.8277768675
114000241,37.5396509921,126.8313535928
114000242,37.5394783937,126.8275323805
114000243,37.5392498260,126.8276175857
114000244,37.5399012030,126.8252825465
114000245,37.5401315130,126.8256582331
114000246,37.5393577897,126.8233615523
114000247,37.5373204280,126.8270247465
114000248,37.5393550700,126.8307630563
114000249,37.5186593622,126.8385824561
114000250,37.5190954450,126.8367192546
114000251,37.5190839909,126.8365807096
114000252,37.5430365015,126.8813545994
114000253,37.5104115391,126.8590792819
114000432,37.5327964612,126.8302430927
114000254,37.5160834014,126.8572418295
114000255,37.5438030000,126.8831820000
114000256,37.5300691011,126.8755214922
114000257,37.5090108927,126.8420065648
114000258,37.5111781699,126.8362218870
114000259,37.5113190000,126.8358850000
114000261,37.5205124893,126.8368773634
114000262,37.5115795698,126.8601148427
114000264,37.5156610604,126.8719841075
114000438,37.5115054211,126.8621876648
114000265,37.5294773535,126.8385294276
114000439,37.5117167505,126.8636210262
114000267,37.5084237826,126.8372401516
114000268,37.5236309481,126.8259331584
114000270,37.5295767620,126.8386621156
114000271,37.5087014007,126.8376467183
114000404,37.5141211783,126.8304154243
114000283,37.5126531126,126.8353881275
118000605,37.5186052595,126.8739017041
114000285,37.5242203138,126.8307794978
114000288,37.5128780000,126.8348800000
114000289,37.5185708053,126.8736165136
114000292,37.5354516006,126.8264417895
114000293,37.5101238882,126.8577593241
114000294,37.5436270000,126.8836330000
114000402,37.5297998782,126.8354825562
114000403,37.5299044382,126.8352416009
114000405,37.5145028936,126.8305420682
114000431,37.5139871425,126.8280797488
114000423,37.5133944288,126.8288196516
114000430,37.5136182192,126.8284425852
114000425,37.5112884496,126.8304616781
114000424,37.5111958720,126.8334705173
114900007,37.5120789765,126.8365884562
114900082,37.5490380694,126.8680475339
115000949,37.5468699702,126.8761512874
114900080,37.5461773017,126.8713802897
114900006,37.5100140206,126.8408155962
114900005,37.5438945030,126.8703833280
114900003,37.5417556164,126.8690347158
114900002,37.5107847678,126.8430650004
114900001,37.5394632318,126.8690375939
114900032,37.5123383373,126.8424429811
114900031,37.5143898216,126.8415302899
114900030,37.5380036179,126.8716473252
114900029,37.5155299430,126.8410312611
114900026,37.5164268831,126.8407068265
114900025,37.5359181840,126.8705498954
114900022,37.5088381976,126.8442805344
114900020,37.5396900300,126.8815754738
114900018,37.5089601172,126.8440958579
114900013,37.5183653861,126.8547129441
114900011,37.5189371319,126.8566246544
114900010,37.5248106495,126.8741567243
114900090,37.5193999936,126.8593705814
114900008,37.5206350924,126.8621671623
114900059,37.5216813177,126.8629843287
114900034,37.5398180274,126.8816171411
114900035,37.5225981211,126.8688815376
114900036,37.5327979786,126.8716438006
114900063,37.5380880949,126.8731057989
114900039,37.5380073723,126.8717853725
114900040,37.5182652653,126.8606850070
114900041,37.5390523984,126.8699130421
114900069,37.5195079433,126.8592176522
114900042,37.5402388202,126.8688076498
114900064,37.5418504119,126.8691975070
114900091,37.5184090452,126.8543800508
114900065,37.5438486739,126.8704988384
114900047,37.5466952437,126.8713325179
114900067,37.5475223120,126.8687518796
114900074,37.5434136288,126.8288756598
114900044,37.5401966583,126.8319712047
114900048,37.5187453383,126.8425811040
114900068,37.5165519359,126.8404713803
114900049,37.5157451286,126.8408152558
114900050,37.5145607856,126.8413477998
114900051,37.5122985653,126.8423503064
114900052,37.5111080859,126.8429319752
114900054,37.5101435591,126.8406524331
114900070,37.5387122738,126.8703583513
114900083,37.5481502533,126.8671612341
114900097,37.5150602232,126.8280891009
114900075,37.5117397462,126.8325983835
114900057,37.5133381042,126.8335392789
114900072,37.5134441509,126.8336662919
114900076,37.5117570005,126.8325259200
114900073,37.5120485294,126.8295805468
114900058,37.5134418624,126.8289100310
114000435,37.5144526403,126.8284976952
114000368,37.5253674114,126.8642854820
114000369,37.5253354768,126.8647256531
114000370,37.5129359732,126.8700047657
114000371,37.5130463236,126.8703835300
114000372,37.5369927184,126.8272223971
114000373,37.5370988852,126.8277279655
114000377,37.5230214162,126.8366145434
114000379,37.5078265129,126.8437883314
114000380,37.5394087376,126.8638775519
114000395,37.5084115031,126.8374184549
114000409,37.5234378426,126.8751439748
114000408,37.5233299675,126.8753760603
116000577,37.5121981404,126.8877443650
114000411,37.5281690673,126.8741804998
114900099,37.5415660000,126.8299370000
114000440,37.5357332396,126.8248011722
114900098,37.5407169042,126.8316906449
114000401,37.5359337917,126.8277442245
115000001,37.5471462030,126.8758965674
115000002,37.5469180000,126.8747160000
115000003,37.5489880000,126.8686380000
115000004,37.5496240000,126.8674360000
115000005,37.5526262092,126.8614386270
115000006,37.5529052232,126.8606811411
115000588,37.5548873841,126.8555268401
115000589,37.5552355847,126.8540843129
115000590,37.5567820000,126.8505120000
115000591,37.5570505270,126.8489273510
115000592,37.5580220000,126.8456330000
115000593,37.5579717970,126.8437363221
115000594,37.5585020000,126.8392200000
115000634,37.5614516970,126.8098252947
115000633,37.5613543738,126.8109375565
115000635,37.5608007973,126.8155482638
115000893,37.5585733533,126.8376109437
115000895,37.5596950000,126.8275130000
115000896,37.5597284531,126.8262227042
115000894,37.5607379709,126.8171527623
115000923,37.5590734814,126.8339921625
115000922,37.5591051266,126.8324754968
115000947,37.5601352538,126.8221992473
115000946,37.5601606335,126.8228597284
115000925,37.5378331474,126.8410402083
115000951,37.5657052436,126.8461285043
115000940,37.5683369266,126.8350580335
115000007,37.5527036123,126.8616542673
115000008,37.5529521864,126.8601040507
115000009,37.5548452055,126.8560333678
115000010,37.5545340687,126.8557934761
115000941,37.5662276025,126.8341460719
115000942,37.5619785387,126.8335273253
115000013,37.5581926191,126.8437952791
115000015,37.5586270014,126.8392815106
115000016,37.5582109717,126.8394838811
115000608,37.5614188052,126.8114082502
115000019,37.5611020000,126.8150090000
115000020,37.5611760789,126.8107201320
115000021,37.5616789813,126.8090169265
115000022,37.5622654951,126.8088328704
115000023,37.5624230357,126.8087504097
115000024,37.5638248877,126.8109493938
115000025,37.5647464984,126.8113840134
115000026,37.5666950000,126.8127310000
115000027,37.5669761672,126.8116149845
115000028,37.5699529318,126.8128627805
115000029,37.5700234331,126.8114748571
115000030,37.5727187792,126.8115903308
115000031,37.5726571076,126.8113414217
115000032,37.5748300000,126.8117330000
115000033,37.5748162430,126.8114186211
115000034,37.5767420000,126.8126270000
115000035,37.5769118737,126.8123587027
115000036,37.5791300000,126.8135130000
115000037,37.5793082749,126.8133544706
115000038,37.5618621425,126.8559123678
115000039,37.5589275113,126.8542038866
115000040,37.5595591647,126.8541936005
115000041,37.5575280794,126.8534482519
115000042,37.5576628380,126.8531220051
115000043,37.5526279480,126.8505841855
115000044,37.5527840000,126.8502320000
115000045,37.5503532252,126.8481814428
115000046,37.5494060000,126.8477530000
115000047,37.5460872756,126.8452748106
115000048,37.5458432676,126.8447320961
115000049,37.5431786479,126.8426281976
115000050,37.5433434761,126.8432514003
115000051,37.5410376002,126.8387505747
115000052,37.5408730247,126.8370055717
115000053,37.5401952775,126.8355643823
115000054,37.5401506396,126.8344789776
115000055,37.5460645834,126.8215259396
115000056,37.5459580000,126.8211320000
115000057,37.5496838966,126.8194959796
115000058,37.5477976201,126.8202255950
115000059,37.5518700000,126.8199800000
115000916,37.5453351183,126.8179353333
115000915,37.5497227693,126.8168175473
115000061,37.5527773034,126.8149361014
115000062,37.5531300000,126.8153680000
115000063,37.5556380000,126.8119170000
115000064,37.5551520000,126.8119430000
115000065,37.5590870000,126.8081850000
115000917,37.5452133046,126.8182939748
115000067,37.5646213970,126.8059168195
115000069,37.5708520000,126.8042020000
115000070,37.5751950000,126.8026000000
115000071,37.5751280000,126.8022250000
115000072,37.5784550000,126.8003450000
115000073,37.5784942626,126.7997884498
115000074,37.5824925499,126.7985641294
115000075,37.5818200000,126.7983350000
115000076,37.5489885793,126.8633553696
115000077,37.5451448999,126.8621412863
115000078,37.5420880000,126.8629570000
115000079,37.5399240000,126.8635870000
115000080,37.5370972069,126.8633458107
115000081,37.5331985949,126.8635224048
115000082,37.5316337661,126.8636088110
115000083,37.5318363326,126.8588539020
115000084,37.5315122234,126.8575906388
115000085,37.5311293183,126.8529083134
115000086,37.5309306260,126.8525296973
115000087,37.5308233051,126.8495911999
115000088,37.5305885107,126.8488200647
115000089,37.5299722869,126.8475167279
115000090,37.5299538337,126.8478810975
115000091,37.5304790000,126.8443020000
115000092,37.5303526005,126.8444275174
115000093,37.5309632183,126.8378394153
115000094,37.5317706703,126.8468455507
115000095,37.5322386315,126.8461927843
115000096,37.5326003237,126.8425221182
115000097,37.5323817672,126.8407943889
115000098,37.5330031766,126.8389262692
115000099,37.5341804114,126.8383240895
115000100,37.5367734994,126.8371920237
115000101,37.5374398713,126.8368737328
115000102,37.5369060331,126.8366700411
115000103,37.5371786505,126.8362926723
115000945,37.5325644788,126.8437952234
115000105,37.5379770000,126.8404330000
115000106,37.5386348969,126.8389691102
115000107,37.5389654088,126.8394911995
115000108,37.5406479194,126.8409451288
115000109,37.5409527280,126.8411221475
115000110,37.5427978434,126.8395162317
115000111,37.5429294084,126.8388885788
115000112,37.5440629818,126.8382263704
115000113,37.5445248902,126.8373132333
115000114,37.5472239799,126.8362222507
115000646,37.5474202914,126.8364707757
115000116,37.5492410010,126.8365028309
115000117,37.5497942598,126.8362284945
115000118,37.5530943921,126.8365206219
115000119,37.5532912365,126.8363717464
115000120,37.5560385988,126.8376254994
115000121,37.5567655856,126.8374835698
115000122,37.5600900000,126.8385580000
115000123,37.5601701491,126.8389703128
115000124,37.5628680000,126.8394650000
115000125,37.5626620000,126.8397550000
115000126,37.5645670875,126.8403693809
115000127,37.5645673439,126.8400518125
115000128,37.5692156291,126.8416017657
115000129,37.5700300000,126.8414250000
115000130,37.5704029060,126.8434528337
115000131,37.5705058666,126.8438103417
115000132,37.5696275978,126.8465390121
115000133,37.5696444144,126.8473483200
115000134,37.5687703572,126.8490281961
115000135,37.5684832895,126.8496502756
115000136,37.5668487184,126.8513309956
115000137,37.5666981923,126.8517605558
115000138,37.5652618508,126.8532911497
115000139,37.5655880638,126.8532162499
115000140,37.5642420000,126.8551300000
115000141,37.5641799397,126.8556380616
115000142,37.5629463904,126.8579043717
115000143,37.5617170000,126.8598200000
115000144,37.5611994625,126.8597589765
115000145,37.5614125205,126.8607529864
115000146,37.5598120000,126.8633070000
115000147,37.5598119345,126.8636096929
115000148,37.5491222747,126.8776265680
115000149,37.5488168686,126.8776893136
115000150,37.5502350947,126.8733240118
115000151,37.5501570313,126.8727944748
115000152,37.5530470916,126.8697189477
115000153,37.5529295507,126.8693581039
115000154,37.5550652684,126.8654574304
115000155,37.5554473635,126.8654850398
115000156,37.5562428349,126.8637439355
115000157,37.5565070571,126.8639188939
115000158,37.5578632495,126.8614345890
115000159,37.5572307830,126.8617194697
115000160,37.5602196054,126.8563497598
115000161,37.5604119558,126.8567272077
115000162,37.5614520887,126.8539737105
115000163,37.5622230000,126.8532280000
115000164,37.5634890953,126.8508002100
115000165,37.5636590970,126.8498490115
115000927,37.5640845262,126.8526273202
115000167,37.5656160000,126.8498510000
115000168,37.5644051441,126.8483940429
115000169,37.5650145106,126.8478709578
115000170,37.5666541126,126.8449352210
115000171,37.5668132495,126.8440630854
115000172,37.5691050000,126.8403560000
115000173,37.5687490000,126.8404890000
115000174,37.5697783342,126.8385690451
115000175,37.5707733354,126.8372947297
115000176,37.5726185461,126.8298473100
115000177,37.5726747685,126.8319558638
115000178,37.5730045551,126.8273192464
115000179,37.5727700614,126.8271584787
115000180,37.5732822116,126.8233293081
115000181,37.5731366220,126.8222079622
115000182,37.5732560000,126.8184400000
115000183,37.5735140000,126.8188290000
115000186,37.5733225126,126.8138643735
115000187,37.5735280000,126.8142170000
115000188,37.5731280000,126.8105120000
115000189,37.5731620000,126.8094210000
115000190,37.5725210000,126.8061720000
115000191,37.5726550000,126.8053460000
115000953,37.5734940000,126.8429880000
115000194,37.5600812481,126.8457975984
115000195,37.5599579041,126.8460350791
115000196,37.5617450000,126.8451900000
115000197,37.5619493770,126.8452050542
115000198,37.5624287385,126.8431809018
115000199,37.5627220000,126.8427500000
115000200,37.5619664289,126.8474153204
115000201,37.5625898053,126.8474900471
115000935,37.5566960084,126.8179661823
115000206,37.5755292328,126.8166269967
115000207,37.5752232916,126.8168824539
115000208,37.5695169119,126.8168322544
115000209,37.5690910000,126.8164060000
115000210,37.5631891761,126.8162655595
115000211,37.5624580000,126.8167600000
115000212,37.5670001354,126.8407487895
115000224,37.5700525655,126.8126603480
115000225,37.5666910754,126.8125292434
115000229,37.5602109477,126.8099418283
115000230,37.5573870000,126.8116120000
115000231,37.5301259278,126.8390315329
115000232,37.5299929864,126.8393407089
115000233,37.5663646057,126.8500718716
115000234,37.5611620000,126.8598070000
115000241,37.5479250527,126.8415761023
115000242,37.5469149557,126.8442261922
115000243,37.5471985703,126.8457900497
115000244,37.5607080000,126.8617130000
115000246,37.5616430000,126.8506020000
115000247,37.5599120000,126.8501820000
115000248,37.5605530000,126.8484770000
115000249,37.5611028771,126.8472695440
115000250,37.5607491550,126.8618310381
115000251,37.5474383521,126.8434782256
115000252,37.5480757415,126.8414060402
115000253,37.5480021960,126.8370211691
115000258,37.5466528685,126.8453328761
115000259,37.5478530510,126.8369630840
115000261,37.5603550000,126.8484470000
115000262,37.5597950000,126.8503220000
115000263,37.5618750000,126.8509320000
115000264,37.5639430000,126.8528230000
115000267,37.5715960686,126.8117011886
115000268,37.5683221700,126.8128866692
115000269,37.5683880000,126.8127670000
115000270,37.5681650000,126.8053040000
115000272,37.5588300000,126.8105570000
115000273,37.5563980000,126.8122610000
115000936,37.5652544127,126.8277729117
115000937,37.5653688926,126.8275009964
115000938,37.5593495514,126.8285730990
115000939,37.5587395873,126.8348300457
115000280,37.5587417798,126.8042072270
115000281,37.5583911194,126.8046467079
115000282,37.5653100000,126.8011120000
115000283,37.5649980309,126.8010312835
115000284,37.5577380000,126.8379030000
115000897,37.5673945290,126.8174477684
115000912,37.5671078261,126.8214497647
115000898,37.5667539271,126.8257999476
115000900,37.5610800000,126.8268630000
115000901,37.5605220000,126.8272030000
115000899,37.5669558738,126.8265562889
115000933,37.5594674923,126.8314960803
115000913,37.5600644793,126.8215712653
115900271,37.5566341229,126.8187359229
115900272,37.5584322785,126.8216428956
115000955,37.5585170000,126.8045690000
115000295,37.5613155651,126.8122789838
115000296,37.5452091516,126.8213321956
115000639,37.5590770000,126.8038050000
115000297,37.5624330000,126.7988720000
115000298,37.5625221156,126.7987623811
115000300,37.5886970000,126.8018100000
115000302,37.5492187282,126.8230654224
115000303,37.5513079456,126.8253549438
115000304,37.5549071083,126.8264227097
115000305,37.5547870000,126.8260580000
115000306,37.5516848300,126.8252225589
115000307,37.5493220000,126.8227620000
115000308,37.5595710000,126.8254910000
115000309,37.5599920000,126.8258750000
115000310,37.5313768831,126.8552226927
115000311,37.5311763199,126.8544836480
115000313,37.5574670000,126.8264120000
115000314,37.5574387588,126.8267496101
115000315,37.5589193253,126.8365135554
115000316,37.5589640000,126.8106190000
115000317,37.5728680000,126.8169220000
115000318,37.5727855639,126.8165346746
115000319,37.5701349000,126.8117126614
115000320,37.5784500000,126.7978110000
115000321,37.5782200000,126.7979780000
115000322,37.5665639113,126.8118933674
115000609,37.5493147499,126.8755585298
115000617,37.5623798325,126.8030234261
115000624,37.5543372118,126.8162290783
115900241,37.5536800855,126.8711269090
115900231,37.5351492517,126.8561330678
115900232,37.5356611094,126.8569291410
115900233,37.5364948584,126.8582380590
115900234,37.5371360581,126.8591686750
115900235,37.5377930358,126.8584805675
115900236,37.5372836881,126.8575411898
115900237,37.5366359765,126.8564710571
115900238,37.5364692205,126.8559329287
115900239,37.5374138804,126.8549371793
115900240,37.5370334682,126.8541090400
115900230,37.5315199743,126.8580409570
115900229,37.5307641322,126.8581894818
115900228,37.5296584451,126.8565795811
115900227,37.5292192105,126.8541282205
115900226,37.5289352735,126.8518828439
115900225,37.5294764061,126.8479082078
115900224,37.5326432888,126.8460661003
115900223,37.5337426730,126.8462779542
115900222,37.5361805507,126.8467094083
115900221,37.5366420000,126.8480080000
115900220,37.5371687836,126.8491623939
115900218,37.5365915090,126.8545741382
115900217,37.5360470216,126.8551479825
115900216,37.5348425483,126.8559978870
115900215,37.5317540263,126.8578470281
115900219,37.5358982526,126.8550458490
115900214,37.5387776474,126.8516393200
115900209,37.5471082621,126.8240687003
115900210,37.5493024660,126.8240952322
115900211,37.5506150420,126.8244871379
115000066,37.5642674199,126.8065584409
115900212,37.5551078122,126.8680232498
115900206,37.5555155833,126.8708997000
115900208,37.5555615934,126.8709494221
115900207,37.5366700000,126.8517950000
115900023,37.5834338969,126.8185407653
115900184,37.5594762964,126.8402472565
115900022,37.5472979883,126.8737556441
115900001,37.5367635901,126.8563584043
115900021,37.5544691407,126.8542799286
115900020,37.5788332307,126.8194426148
115900243,37.5654207293,126.8244646004
115900019,37.5483303142,126.8751414211
115900018,37.5524923381,126.8531015943
115900017,37.5760007418,126.8186173155
115900016,37.5590951148,126.8429614647
115900002,37.5494621232,126.8760290974
115900015,37.5375050938,126.8551022133
115900014,37.5506285112,126.8520877836
115900202,37.5767450272,126.8134033207
115900013,37.5588259101,126.8458653593
115900166,37.5502377469,126.8732764729
115900012,37.5371967258,126.8540561396
115900011,37.5494785312,126.8512242590
115900203,37.5781760000,126.8139480000
115900010,37.5595698622,126.8476782843
115900009,37.5524224634,126.8703832733
115900008,37.5364660220,126.8543808707
115900181,37.5486194397,126.8502356870
115900006,37.5533520946,126.8709339914
115900005,37.5350565116,126.8558560931
115900182,37.5478099476,126.8492843850
115900004,37.5758468665,126.8195723539
115900244,37.5620054578,126.8206089735
115900047,37.5325197799,126.8576984790
115900046,37.5458083822,126.8475437164
115900245,37.5551540000,126.8166640000
115900175,37.5444216025,126.8461326678
115900273,37.5580357905,126.8256703019
115900044,37.5612633649,126.8530358421
115900043,37.5561740306,126.8698493274
115900042,37.5307477357,126.8580424207
115900041,37.5428311336,126.8442200427
115900274,37.5583235271,126.8247274121
115900246,37.5748665364,126.8114926908
115900039,37.5550445028,126.8678151019
115900038,37.5297942783,126.8572148649
115900037,37.5427020909,126.8477354184
115900036,37.5409676275,126.8419755390
115900247,37.5733423192,126.8125870322
115900275,37.5586626221,126.8210370123
115900035,37.5294337746,126.8542115306
115900034,37.5421787361,126.8490739183
115900276,37.5583639272,126.8201379646
115900033,37.5722250000,126.8374110000
115900032,37.5538251223,126.8509971757
115900031,37.5571804580,126.8626080867
115900030,37.5291208041,126.8518066697
115900029,37.5417729905,126.8502912541
115900028,37.5428192627,126.8427421191
115900027,37.5743399784,126.8371204609
115900026,37.5532043177,126.8496141991
115900025,37.5586247390,126.8571485471
115900178,37.5405745983,126.8510552350
115900072,37.5441939263,126.8459320265
115900071,37.5755640607,126.8367589013
115900070,37.5532921022,126.8477997172
115900069,37.5566172929,126.8550855865
115900068,37.5326055625,126.8463346005
115900067,37.5400055620,126.8514173531
115900066,37.5435848050,126.8465565086
115900164,37.5757388784,126.8366805582
115900065,37.5528724125,126.8465770816
115900064,37.5555906416,126.8540853499
115900063,37.5335405699,126.8460803531
115900062,37.5387720758,126.8515080655
115900061,37.5742938010,126.8369597981
115900060,37.5530658323,126.8442711774
115900058,37.5343420215,126.8477612943
115900057,37.5718308684,126.8374304603
115900056,37.5543671350,126.8416539309
115900055,37.5359934136,126.8468187447
115900054,37.5373877789,126.8501324310
115900053,37.5545127440,126.8409792491
115900052,37.5365674526,126.8480437240
115900049,37.5545324812,126.8399795935
115900097,37.5369625024,126.8492383261
115900096,37.5359315073,126.8512590982
115900198,37.5547901531,126.8378891311
115900248,37.5733691977,126.8138107751
115900094,37.5373368223,126.8502333606
115900093,37.5351941142,126.8510240698
115900249,37.5728737933,126.8182381117
115900092,37.5375766335,126.8508560508
115900091,37.5325973854,126.8512080132
115900090,37.5400282017,126.8515067060
115900250,37.5700446393,126.8226596037
115000610,37.5604501553,126.8566507375
115900251,37.5686840065,126.8225722751
115900252,37.5689619652,126.8205580115
115000601,37.5595105337,126.8032788180
115000921,37.5672228992,126.8277919292
115000920,37.5713190587,126.8284268111
115000918,37.5671626962,126.8280656444
115000620,37.5499834076,126.8150621212
115000943,37.5627653003,126.8339839711
115900253,37.5678091263,126.8191530122
115900254,37.5666863778,126.8258170834
115900282,37.5653148000,126.8274784835
115000924,37.5498885490,126.8164830974
115000944,37.5663159615,126.8345109127
115900256,37.5599629650,126.8259968474
115900257,37.5619017064,126.8209337487
115900258,37.5623562752,126.8213948607
115900259,37.5651720000,126.8246760000
115900260,37.5671695854,126.8235747774
115900261,37.5674567613,126.8199974298
115900262,37.5686373065,126.8208224938
115900263,37.5688328966,126.8227000401
115900264,37.5696732566,126.8228444257
115900265,37.5729863387,126.8181868983
115900266,37.5735236112,126.8142022387
115900267,37.5736123014,126.8129196261
115900268,37.5750124940,126.8117492228
115900269,37.5546674977,126.8718806325
115900089,37.5382837732,126.8515195211
115900270,37.5546585833,126.8720632484
115000604,37.5413298067,126.8387731991
115900284,37.5720190366,126.8206647683
115900283,37.5720487990,126.8202678013
115900179,37.5405981380,126.8511434550
115000919,37.5703123695,126.8285451460
115000644,37.5671761267,126.8235218525
115000643,37.5674501387,126.8199236939
115000642,37.5666100000,126.8163770000
115000641,37.5689315825,126.8249811399
115000647,37.5661920000,126.8167780000
115000648,37.5347017814,126.8377758750
115900086,37.5479822354,126.8352516144
115900168,37.5561118066,126.8698052930
115900085,37.5315297061,126.8577463741
115000607,37.5382211674,126.7978638462
115000606,37.5382088192,126.7974938496
115900084,37.5417776236,126.8503919612
115900082,37.5480159963,126.8332770001
115000615,37.5566900109,126.8636351888
115900081,37.5371798683,126.8501046750
115900080,37.5325361304,126.8578070724
115000449,37.5613442157,126.8091452122
115900079,37.5421961740,126.8495909865
115000602,37.5596781071,126.8030416270
115000640,37.5502730900,126.8188279446
115000950,37.5472565064,126.8761933239
115900078,37.5492511475,126.8321738366
115000616,37.5562870508,126.8638396373
115900077,37.5366775541,126.8516122813
115900076,37.5336266685,126.8575558378
115900075,37.5507882380,126.8314177559
115000603,37.5586440368,126.8043612446
115900074,37.5360346554,126.8530365707
115000538,37.5502477813,126.8181908181
115000540,37.5451836495,126.8621434783
115000541,37.5463487525,126.8629063713
115000542,37.5390090878,126.8634754278
115000543,37.5306750816,126.8636807084
115000547,37.5658713092,126.8021756851
115000558,37.5500977258,126.8184684663
115000557,37.5472480000,126.8763100000
115000587,37.5538754466,126.8675138370
115000600,37.5657060060,126.8019350050
115900180,37.5349246412,126.8562745177
115900073,37.5434282911,126.8467695833
115900120,37.5520128620,126.8308140121
115900119,37.5520520784,126.8703510926
115900118,37.5352999067,126.8537361910
115900117,37.5344073361,126.8549621500
115900116,37.5534189491,126.8298250178
115900115,37.5503900089,126.8724183295
115900114,37.5336888926,126.8541747360
115900113,37.5338305389,126.8540194871
115900112,37.5536179453,126.8278597199
115900111,37.5342796302,126.8550585442
115900110,37.5344375855,126.8539118795
115000638,37.5412701723,126.8386545056
115900109,37.5531861489,126.8258981428
115900108,37.5352210016,126.8538280474
115900191,37.5517452299,126.8252405265
115900107,37.5363953179,126.8583824999
115900106,37.5361571618,126.8531190695
115900105,37.5418579682,126.8311221371
115000614,37.5520575345,126.8704365479
115900104,37.5372263113,126.8593609075
115000613,37.5522739597,126.8706059260
115900103,37.5442438720,126.8462317879
115000612,37.5488578739,126.8778401388
115900102,37.5378900911,126.8586511192
115900101,37.5456801149,126.8476445823
115900100,37.5479699462,126.8242285136
115900099,37.5374602675,126.8574726323
115900098,37.5475872477,126.8491829775
115000611,37.5491259759,126.8778934540
115900144,37.5484752506,126.8502246580
115900192,37.5469045098,126.8215963672
115900143,37.5494011485,126.8513126900
115900278,37.5506270000,126.8521990000
115900279,37.5524473101,126.8531946162
115900142,37.5504558566,126.8502252218
115900280,37.5538854320,126.8540264306
115900141,37.5515729471,126.8507266340
115900140,37.5428084269,126.8477220074
115900139,37.5527741489,126.8514757606
115900137,37.5518536450,126.8212167365
115900183,37.5540907066,126.8522416609
115900205,37.5495010493,126.8191068363
115900281,37.5521998321,126.8628059244
115900135,37.5592460652,126.8386304653
115900134,37.5473830000,126.8218780000
115900132,37.5478510746,126.8242774574
115900131,37.5500676051,126.8241692626
115900130,37.5660884052,126.8408606746
115900194,37.5514084530,126.8253974999
115507770,37.5599570433,126.8027048253
115900129,37.5533409393,126.8261989751
115900128,37.5707078403,126.8378902625
115900127,37.5534721595,126.8281310522
115507760,37.5600161723,126.8026139532
115900126,37.5532575299,126.8297393667
115900125,37.5515705602,126.8309080194
115900193,37.5496273238,126.8318357277
115900213,37.5707472783,126.8377373459
115900124,37.5478756223,126.8331241842
115900195,37.5478714943,126.8353186306
115900200,37.5546252214,126.8379443491
115900199,37.5544705711,126.8395111456
115900121,37.5543709679,126.8404847373
115507730,37.5652767853,126.8013316631
115900163,37.5542696867,126.8415567994
115900161,37.5528837238,126.8442047794
115900160,37.5783863070,126.8136547657
115900159,37.5527406972,126.8464573797
115900158,37.5768069244,126.8132284757
115900157,37.5531867241,126.8478384134
115900156,37.5531280000,126.8498060000
115900155,37.5788326481,126.8196509419
115900204,37.5834824238,126.8185765185
115900154,37.5612589905,126.8535030896
115900152,37.5599069591,126.8477466451
115900171,37.5589634783,126.8456364312
115900151,37.5591423356,126.8439155633
115900189,37.5593503403,126.8417735551
115900190,37.5597454044,126.8394594755
115900150,37.5365679159,126.8560740901
115900149,37.5377535138,126.8507879488
115000948,37.5625376980,126.8017921350
115900201,37.5534980000,126.8181030000
115900148,37.5545167694,126.8226727076
115900172,37.5629182758,126.8497520174
115900173,37.5627349056,126.8499826351
115900174,37.5621012565,126.8513904609
115000580,37.5563306325,126.8076813957
115900147,37.5616236673,126.8521000070
115000574,37.5514321709,126.8132205142
115000573,37.5462877526,126.8131745021
115000572,37.5534204714,126.8112608986
115000571,37.5556608484,126.8080679474
115900146,37.5355160159,126.8570263026
115000568,37.5507341466,126.8145690738
115000563,37.5495780042,126.8168535705
115000562,37.5648859220,126.8008097110
116000001,37.5096755487,126.8892229203
116000002,37.5091080470,126.8884638807
116000003,37.5060021376,126.8839791469
116000004,37.5053435935,126.8832279880
116000005,37.4998806283,126.8746997523
116000006,37.4997025060,126.8745360708
116000007,37.4996343963,126.8679976691
116000008,37.4993764843,126.8670186731
116000009,37.4969067830,126.8601789687
116000010,37.4964773551,126.8620566339
116000011,37.4973830961,126.8554228318
116000012,37.4971710251,126.8551315518
116000013,37.4830994287,126.9015481288
116000015,37.5065457613,126.8921156954
116000016,37.5070158798,126.8915707873
116000017,37.5051020000,126.8894520000
116000018,37.5053050000,126.8894490000
116000019,37.5024770437,126.8897820590
116000020,37.5027799760,126.8885488917
116000021,37.4999741464,126.8918354857
116000022,37.4995635433,126.8910758305
116000023,37.4965681073,126.8915774772
116000024,37.4969140891,126.8916231394
116000025,37.4945619511,126.8879268367
116000026,37.4947508763,126.8876042378
116000027,37.4932322453,126.8845657252
116000028,37.4909457511,126.8939771601
116000029,37.4911370550,126.8937987946
116000030,37.4898314022,126.8922034695
116000031,37.4902009359,126.8923358014
116000032,37.4888070000,126.8900720000
116000033,37.4878930000,126.8891680000
116000034,37.4852780000,126.8867870000
116000035,37.4853100000,126.8864530000
116000036,37.4841410978,126.8967540585
116000037,37.4836510446,126.8980497122
116000038,37.4838512637,126.8950386925
116000039,37.4839658982,126.8947643486
116000040,37.4817477698,126.8929302011
116000041,37.4816976566,126.8926352264
116000042,37.4800217989,126.8908838882
116000043,37.4799330000,126.8903980000
116000044,37.4875160000,126.8333110000
116000045,37.4830082864,126.8871282217
116000046,37.4824285977,126.8869928718
116000047,37.4841800000,126.8862680000
116000048,37.4860984011,126.8856450789
116000049,37.4879909258,126.8848621230
116000050,37.4879800000,126.8846100000
116000051,37.4902484188,126.8842398696
116000052,37.4899022236,126.8840651203
116000053,37.4937842571,126.8832312859
116000054,37.4938362491,126.8829563911
116000055,37.4967741772,126.8823840611
116000056,37.4977886895,126.8840766793
116000057,37.4995738531,126.8823344295
116000058,37.5000384326,126.8828494432
116000059,37.5008460428,126.8825805700
116000060,37.5035680895,126.8793093405
116000061,37.5034172875,126.8789985402
116000062,37.5051655805,126.8774020097
116000063,37.5048734598,126.8772441351
116000619,37.4950860911,126.8257158995
116900306,37.4766163340,126.8190130591
116000066,37.5064944251,126.8849526908
116000067,37.5067720000,126.8847050000
116000068,37.5045500000,126.8822770000
116000069,37.5048451046,126.8821395273
116000618,37.4957030464,126.8798378767
116000616,37.4892906662,126.8803654599
116000617,37.4928832739,126.8802099004
117000928,37.4856462135,126.8760349245
116000627,37.4766823207,126.8187528849
116000645,37.4776891435,126.8171864748
116000649,37.4775798985,126.8170927110
116000654,37.4861170000,126.8808810000
116000078,37.4971447123,126.8572965027
116000080,37.4968953710,126.8563001796
116000082,37.4981960239,126.8518576272
116000083,37.4968379665,126.8461421452
116000084,37.4965314426,126.8446510360
116000085,37.4956918469,126.8433601337
116000086,37.4956023105,126.8425369580
116000087,37.4944628984,126.8406826769
116000088,37.4942645442,126.8394647757
116000089,37.4912029363,126.8311075695
116000090,37.4915630038,126.8316708345
116000091,37.4894469463,126.8250439465
116000647,37.4911309317,126.8395380549
116000093,37.4931082751,126.8354231175
116000094,37.4933235239,126.8328204225
116000095,37.4931332060,126.8336321895
116000096,37.4933000000,126.8308470000
116000097,37.4930633974,126.8304506092
116000098,37.4928020000,126.8237600000
116000099,37.4927770210,126.8244009171
116000100,37.4960559471,126.8243871935
116000101,37.4969745872,126.8221461174
116000102,37.4946510000,126.8308660000
116000103,37.4943591334,126.8308533319
116000104,37.4968150000,126.8295960000
116000105,37.4967842434,126.8293338512
116000106,37.4986050000,126.8292420000
116000107,37.4984000000,126.8290400000
116000108,37.5028393881,126.8289709829
116000177,37.5022044887,126.8291844801
116000605,37.4885327485,126.8367978524
116000606,37.4881037428,126.8371570428
116000652,37.4901970753,126.8812544782
116000111,37.4819455500,126.8422808239
116900276,37.4859413996,126.8393714866
116000113,37.4886434308,126.8397819774
116000114,37.4888870000,126.8396810000
116000115,37.4905229687,126.8406511512
116000116,37.4906222096,126.8405721054
116000117,37.4869343975,126.8565297879
116000118,37.4873583985,126.8561852068
116000119,37.4907570595,126.8561310188
116000120,37.4905337369,126.8558657202
116000121,37.5063377311,126.8594403333
116000122,37.5061580205,126.8583582010
116000123,37.5047224619,126.8552979346
116000124,37.5046337292,126.8544693810
116000125,37.5026683511,126.8498423009
116000126,37.5031820473,126.8506070009
116000127,37.5021368312,126.8478312344
116000128,37.5019938418,126.8480532092
116000129,37.5011232856,126.8508090334
116000130,37.4990015306,126.8517949619
116000622,37.4972150430,126.8826343167
116000621,37.4998375728,126.8825792166
116000133,37.5075421206,126.8593137054
116000656,37.5041500000,126.8451090000
116000134,37.5038511025,126.8619416162
116000135,37.5031371138,126.8619909959
116000136,37.5004655551,126.8638647293
116000137,37.5009671461,126.8632418182
116000138,37.4834896886,126.9016459933
116000139,37.4787444391,126.8946360021
116000140,37.4894975873,126.8757008390
116000141,37.4901300000,126.8758120000
116000142,37.4939788787,126.8567241653
116000143,37.4934843485,126.8575703808
116000144,37.5014132308,126.8467946502
116000145,37.5004695107,126.8469150982
116000146,37.4915682929,126.8745025992
116000147,37.4887147629,126.8762607392
116000148,37.4864236935,126.8764578415
116000149,37.5002307166,126.8891718481
116000453,37.5064013211,126.8284511846
116000151,37.4897430284,126.8758256916
116000609,37.4934472423,126.8570002311
116000650,37.4829060991,126.8938547373
116000153,37.4849321706,126.8873712478
116000612,37.4936560080,126.8555849791
116000155,37.4839895253,126.8910105430
116000156,37.4933027885,126.8359813615
116000648,37.4792463871,126.8917410052
116000157,37.4951898369,126.8315970998
116000158,37.4877324957,126.8885673801
116000159,37.4934389034,126.8340799962
116000160,37.5046350000,126.8866180000
116000161,37.5028230880,126.8847254607
116000162,37.5018270000,126.8825570000
116000163,37.5027211681,126.8847503711
116000164,37.5036149757,126.8866148382
116000586,37.5020712449,126.8827750112
116000584,37.4982866627,126.8798196011
116000585,37.5001207745,126.8803764558
116000596,37.4958292381,126.8800116763
116000653,37.4781071520,126.8246294670
116000194,37.4916420000,126.8212730000
116000195,37.4919683896,126.8212178349
116000198,37.4959285478,126.8884812232
116000200,37.4935009845,126.8943735141
116000201,37.4930931479,126.8908083287
116000202,37.4960440674,126.8249030466
116000203,37.4953170918,126.8313006741
116000204,37.4934553153,126.8342168006
116000445,37.4987307095,126.8401618889
116000288,37.5003224419,126.8433197716
116000287,37.5006160982,126.8435534104
116000448,37.4953703071,126.8408783505
116000447,37.4952680000,126.8407760000
116000446,37.4986318974,126.8403826200
116000563,37.4998227914,126.8834797536
116000614,37.5012109084,126.8453708568
116000613,37.5010678452,126.8455328891
116000611,37.5000800000,126.8423110000
116000591,37.4995684704,126.8419150635
116000633,37.4787466063,126.8229434162
116000634,37.4791611089,126.8230450799
116000628,37.4814946582,126.8244378246
116000629,37.4796305700,126.8220933898
116000630,37.4811903562,126.8245517616
116000631,37.4795204776,126.8222801975
116000296,37.4842895838,126.8224245449
116000305,37.4766543306,126.8231546765
116900208,37.4860432475,126.8234321788
116000304,37.4767123949,126.8233185065
116000297,37.4837822633,126.8222927163
116000638,37.4810835927,126.8216009197
116000637,37.4812765042,126.8216570282
116000635,37.4801153252,126.8887534687
116000598,37.4837306939,126.8408329321
116000597,37.4838000329,126.8412297964
116000624,37.5005565850,126.8295257070
118000603,37.5018533676,126.8925198110
116900257,37.5082359497,126.8524610449
116900258,37.5074796322,126.8500803806
116900259,37.5073408903,126.8501021495
116900260,37.5080832696,126.8479514122
116900262,37.5079749478,126.8469113077
116000583,37.4827630327,126.8422699115
116000646,37.4908457534,126.8394522242
116900268,37.4768808120,126.8397337562
116900264,37.4893156441,126.8371911609
116900265,37.4767954359,126.8416444106
116000593,37.4772612987,126.8419539928
116900263,37.4912852444,126.8402025104
116900266,37.4900476268,126.8322991004
116900267,37.4912984558,126.8415590556
116900255,37.4954759601,126.8722335954
116900256,37.4954827267,126.8733862133
116900246,37.4858461022,126.8234378684
116900248,37.5026744371,126.8639481068
116900247,37.5080362968,126.8526426081
116900245,37.5003117758,126.8468826207
116900093,37.4844843828,126.9014954263
116900242,37.4871929928,126.8386190723
116900094,37.4944080607,126.8941899471
116900095,37.5100830194,126.8820034060
116900096,37.4934669594,126.8438114450
116900106,37.4860467262,126.8520772506
116900107,37.4951118049,126.8586855509
116900097,37.4950336420,126.8581281453
116900098,37.4831747617,126.9000463797
116900091,37.5106973286,126.8844435798
116900238,37.4974414153,126.8559170573
116900110,37.4922658527,126.8434599895
116900099,37.4970967423,126.8623393681
116900100,37.4861608749,126.8540163564
116900101,37.4958206432,126.8896835849
116000651,37.4953053758,126.8722280634
116900092,37.4987991162,126.8520611459
116900103,37.4916654326,126.8424808884
116900104,37.4985058366,126.8606650829
116900105,37.4863577406,126.8560065996
116900090,37.4916515773,126.8557099187
116900088,37.5062518631,126.8831869844
116900086,37.4996410325,126.8580364886
116900085,37.5003864446,126.8510152140
116900084,37.4862853517,126.8968737126
116900281,37.4938820371,126.8586839524
116900294,37.5056424974,126.8576518404
116900083,37.4915710921,126.8540092198
116900082,37.4923508330,126.8834653518
116900215,37.5074485074,126.8813606125
116900081,37.5027164013,126.8493637685
116900079,37.5016992890,126.8590429861
116900078,37.4988849269,126.8567826449
116900077,37.4999783857,126.8495365977
116900076,37.4987611751,126.8286518860
116000620,37.4881783244,126.8568381770
116900311,37.4956760571,126.8404273128
116900213,37.5076585727,126.8796862080
116900073,37.5010736844,126.8603584192
116900072,37.5004598987,126.8557461282
116900070,37.4981534680,126.8265496413
116900068,37.4901642749,126.8811730911
116900067,37.5068806092,126.8784997827
116900065,37.5007747419,126.8620826591
116900064,37.5023562812,126.8561270364
116900230,37.5033774485,126.8469792868
116900062,37.4960073153,126.8255107353
116900308,37.4832367515,126.8220254808
116900307,37.4827584773,126.8215347891
116900060,37.4859901255,126.8765437603
116900216,37.5060035465,126.8764810511
116900059,37.4892964460,126.8324990347
116900058,37.5011458480,126.8635070759
116900057,37.5039155326,126.8564113368
116900231,37.5047237058,126.8462944948
116900055,37.4943446088,126.8247851552
116900052,37.5053880289,126.8768478866
116900051,37.4883202706,126.8309460994
116900050,37.5031035319,126.8623769754
116900049,37.5048737044,126.8559186097
116900235,37.4881090525,126.8569162913
116900232,37.5064968072,126.8454006743
116900047,37.4929546615,126.8250914854
116900043,37.5049657103,126.8612662210
116900042,37.5066044971,126.8585085869
116900041,37.4880930845,126.8594179846
116900038,37.4958721554,126.8255144427
116900036,37.4967301913,126.8396347971
116900035,37.5060594811,126.8608037353
116900034,37.5068789765,126.8557620049
116900033,37.4889165850,126.8600859026
116900032,37.5027958960,126.8446459743
116900031,37.4981049614,126.8266538041
116900220,37.4986758590,126.8864311689
117900141,37.4856182438,126.8759503543
116900029,37.4912788599,126.8269979954
116900228,37.5067232768,126.8623952149
116900028,37.5070726009,126.8550887704
116900027,37.4910441607,126.8609086066
116900026,37.4864433430,126.8560120887
116900025,37.5022999322,126.8429598212
116900024,37.5064984287,126.8452626754
116900023,37.4986707024,126.8284021432
116900020,37.4920372556,126.8238225007
116900226,37.5053633498,126.8630129852
116900019,37.5075268453,126.8539611844
116900018,37.4918808558,126.8605440388
116900017,37.4862735028,126.8540082216
116900016,37.5026653155,126.8447061907
116900015,37.5047100465,126.8461848075
116900014,37.4898606654,126.8507701923
116900013,37.4957338159,126.8740426758
116900012,37.4985698798,126.8908027614
116000565,37.4857661404,126.8391747280
116900277,37.4936291139,126.8437913183
116900278,37.4927076915,126.8419896350
116900279,37.4942450511,126.8471890485
116900280,37.4949027142,126.8497169806
116900282,37.5001701123,126.8491644859
116900283,37.5010457523,126.8487500846
116900284,37.5014161085,126.8455449816
116900285,37.5106073682,126.8884580806
116900286,37.5086078017,126.8867871382
116900011,37.4906689295,126.8253388224
116900227,37.5044086255,126.8632963300
116900010,37.4861494490,126.8520747864
116900291,37.4941055704,126.8516946619
116900292,37.4939095368,126.8534477948
116900287,37.4908930422,126.8531455570
116900288,37.4899561133,126.8532406776
116900289,37.4899576833,126.8526922638
116900290,37.4899621316,126.8518549807
116900293,37.4927177400,126.8514712490
116000233,37.5003559042,126.8905654986
116000235,37.5047168446,126.8774140543
116900295,37.4806468628,126.8935677367
116900296,37.4816125117,126.8973623264
116900297,37.4829869790,126.8981516360
116900298,37.4820919266,126.8974691724
116900299,37.4808110245,126.8957891455
116900300,37.4806030000,126.8945840000
116900301,37.4812229151,126.8929111643
116000581,37.4779067636,126.8427844029
116000580,37.4782066848,126.8426740981
116900274,37.4819347512,126.8448667042
116900275,37.4821055370,126.8452304506
116000573,37.4764324674,126.8407002960
116000572,37.4762796029,126.8409403196
116900313,37.4805579915,126.8949415450
116900009,37.5029616981,126.8455401063
116900233,37.5032887727,126.8466955709
116900008,37.4968524879,126.8748540294
116900007,37.4976740286,126.8915080266
116900006,37.4884799619,126.8246023937
116900005,37.5035347914,126.8636135714
116900004,37.5013221734,126.8463908198
116900003,37.4904850642,126.8516794789
116900002,37.4956839983,126.8738018673
116900001,37.4962991173,126.8905572831
116900273,37.4844929907,126.8957736653
116000592,37.4872651448,126.8239106044
116000568,37.4856524684,126.8379747224
116000579,37.4818958135,126.8421452538
116000590,37.4892937423,126.8343982965
116900212,37.4911148827,126.8516375218
116900211,37.4953252995,126.8745918696
116900210,37.4946872845,126.8891800402
116900209,37.4969772246,126.8397315321
116900207,37.5019399059,126.8644523136
116000632,37.4797625072,126.8256919615
116900234,37.4993066553,126.8472760003
116900312,37.4758934433,126.8168720063
116900206,37.4920015162,126.8515320329
116900222,37.4932861016,126.8901809694
116900310,37.4773996567,126.8227064610
116000444,37.4799956176,126.8908071842
116000441,37.4837488039,126.8948983529
116000440,37.4835182533,126.8991865400
116000439,37.4833030198,126.8992002295
116900204,37.5012731714,126.8653108421
116900203,37.5074094044,126.8537204834
116900202,37.4859598389,126.8561471790
116900200,37.4935475792,126.8514133118
116900223,37.4911085369,126.8921564037
116900198,37.5002940650,126.8664492745
116900197,37.5069198246,126.8549532265
116900196,37.4851235277,126.8546041240
116900195,37.4998367818,126.8496002799
116900194,37.4971205133,126.8558271962
116900192,37.4915573877,126.8759201764
116900191,37.4892915192,126.8909461726
116900189,37.4842022996,126.8225267529
116900188,37.5005080840,126.8644775225
116900187,37.5065732115,126.8559436211
116900186,37.4838124632,126.8539078490
116900185,37.5003180166,126.8510594597
116000603,37.4850904855,126.8979936634
116000604,37.4854004746,126.8970039008
116900183,37.4899012173,126.8758107584
116900182,37.4874106408,126.8905108892
116000576,37.5085478746,126.8877203240
116900180,37.5008337327,126.8624422171
116000589,37.4894582587,126.8344572970
116000639,37.4819037911,126.8254007227
116900179,37.5064024799,126.8585760434
116000640,37.4870550000,126.8329390000
116000641,37.4898476996,126.8375264019
116900178,37.4822808570,126.8526749250
116000643,37.4827177694,126.8259556660
116000644,37.4797321396,126.8252503196
116000358,37.5115844827,126.8856063291
116000361,37.5105577543,126.8897750974
118000606,37.5145732142,126.8831160650
116900175,37.4861491173,126.8916518401
116900174,37.4871985611,126.8239763483
116900252,37.4824180000,126.8382090000
116000381,37.5102108312,126.8836884687
116000389,37.5003597239,126.8889643647
116900173,37.5011612274,126.8604736214
116000390,37.4996998999,126.8831338556
116000391,37.5004801132,126.8829912618
116000392,37.4957878963,126.8903214893
116000393,37.4958700328,126.8885412507
116000394,37.5004786420,126.8469520588
116000402,37.4912252269,126.8558389494
116000403,37.4910330573,126.8561510204
116000404,37.4876466919,126.8561360285
116000405,37.4865803318,126.8565858749
116000406,37.4933532412,126.8944155660
116900172,37.5068245800,126.8596543326
116900171,37.4820568521,126.8499684334
116900170,37.4901745492,126.8815338211
116900169,37.4850217810,126.8941494791
116000417,37.5033556976,126.8795720894
116000587,37.4901585853,126.8928277373
116900168,37.5015032543,126.8586282642
116900167,37.5048176486,126.8557648896
116900166,37.4824144309,126.8485710025
116900251,37.4862992199,126.8386352471
116900165,37.4915421241,126.8821344238
116900164,37.4994670000,126.8581500000
116900163,37.5038737235,126.8563546630
116900162,37.4823440417,126.8472688866
116900161,37.5076372392,126.8918838080
116900160,37.4934775322,126.8856372215
116900159,37.4869892353,126.8978497443
116900158,37.4986250040,126.8601179120
116900157,37.5023525197,126.8559981040
116900154,37.4972925630,126.8618085820
116900153,37.5005796345,126.8556554160
116900151,37.4829265654,126.9006494039
116900149,37.4987023023,126.8566416342
116900272,37.4814923556,126.8999954764
116900147,37.4852697727,126.8937835226
116900145,37.4861834877,126.8917920104
116900143,37.4873871314,126.8905621992
116900141,37.4891691976,126.8911940068
116900269,37.4960354761,126.8880500392
116900140,37.4914076166,126.8922617076
116900139,37.4947318776,126.8894341189
116900138,37.4960920442,126.8908356291
116900137,37.4976174721,126.8916635467
116900136,37.4986205714,126.8908715330
116900221,37.4988532421,126.8862917876
116900134,37.5058198494,126.8774688058
116900133,37.5063468892,126.8782393614
116900214,37.5074731027,126.8798403389
116900132,37.5073421413,126.8813245848
116900131,37.5062202183,126.8830795784
116900130,37.5107240000,126.8900410000
116900129,37.5117462798,126.8854408047
116900218,37.5108180000,126.8841310000
116900128,37.5100023717,126.8824062916
116900126,37.4952173233,126.8722148101
116900125,37.4892057882,126.8329901730
116900124,37.5009847732,126.8510128941
116900219,37.4907661875,126.8838670127
116900123,37.4913781266,126.8759758863
116900122,37.4929561503,126.8761587458
116900249,37.4794432441,126.8421807801
116900121,37.4931929794,126.8747646380
116900120,37.4930726409,126.8759945742
116900118,37.4840575744,126.9018279896
116900117,37.4932644329,126.8748030066
116900239,37.4952658606,126.8586581180
116900240,37.4950163829,126.8587648964
116900116,37.4849571278,126.8958510449
116900250,37.4827070928,126.8384190990
116900113,37.4863641705,126.8383395625
116900112,37.4810441145,126.8386280240
116900111,37.4793763374,126.8406703019
116000594,37.4798931085,126.8403094283
116000595,37.4812334148,126.8386932440
116000459,37.4918431942,126.8242097211
116000458,37.4919749011,126.8243078000
116000451,37.5060968631,126.8279100818
116000449,37.4895452697,126.8247409544
117000001,37.4753637050,126.8986660928
117000002,37.4740340000,126.8983300000
117000003,37.4689782185,126.8980296913
117000004,37.4701360000,126.8980030000
117000005,37.4636032770,126.8975537680
117000006,37.4648331091,126.8974983974
117000007,37.4592088301,126.8988721519
117000008,37.4578405569,126.8993022307
117000009,37.4522224011,126.9015701148
117000010,37.4530892573,126.9011282051
117000011,37.4478432162,126.9032727409
117000012,37.4490670000,126.9026630000
117000013,37.4401933055,126.9036255139
117000014,37.4409634671,126.9033730997
117000320,37.4854590227,126.8762259351
117000016,37.4848674740,126.8767176309
117000017,37.4856968409,126.8793253119
117000018,37.4832548561,126.8790776714
117000019,37.4821627292,126.8778930341
117000020,37.4812926525,126.8810424482
117000021,37.4808039116,126.8814807737
117000022,37.4789011065,126.8794436456
117000023,37.4796069353,126.8802197911
117000024,37.4766714335,126.8805771170
117000025,37.4758449905,126.8804495380
117000026,37.4757765035,126.8813405986
117000027,37.4782633716,126.8883365872
117000028,37.4776616914,126.8878763257
117000927,37.4781148494,126.8884894345
117000030,37.4782104216,126.8907157886
117000031,37.4782928619,126.8909707678
117000032,37.4785564027,126.8934350329
117000033,37.4782346236,126.8955562210
117000034,37.4766122299,126.8920986539
117000035,37.4762442423,126.8927187826
117000036,37.4746216515,126.8938871725
117000037,37.4740996738,126.8945662137
117000038,37.4720150736,126.8959624510
117000039,37.4717836217,126.8965996871
117000040,37.4568440695,126.8876203011
117000041,37.4567130685,126.8882116765
117000907,37.4611353257,126.8868621440
117000906,37.4613716330,126.8870890048
117000044,37.4641790663,126.8844154205
117000045,37.4645544555,126.8844061110
117000046,37.4665936596,126.8950252510
117000047,37.4664171291,126.8954897932
117000048,37.4544853570,126.8995917841
117000049,37.4542966797,126.8996880795
117000050,37.4527573711,126.9207601084
117000051,37.4530773052,126.9211862504
117000052,37.4467664432,126.9189468090
117000053,37.4463472934,126.9186873410
117000054,37.4510305202,126.9090454810
117000055,37.4508430000,126.9090580000
117000056,37.4517842218,126.9072078502
117000057,37.4518550000,126.9067350000
117000929,37.4569220085,126.8899494410
117000930,37.4541214880,126.8915088050
117000060,37.4755154205,126.8984645420
117000061,37.4764416088,126.8989324633
117000062,37.4720755034,126.8981017909
117000063,37.4729649300,126.8986308908
117000064,37.4701921186,126.8977849964
116000636,37.4798243646,126.8883314379
117000066,37.4689253630,126.8976928320
117000074,37.4528630000,126.9009570000
117000076,37.4511150000,126.9017300000
117000077,37.4508030000,126.9023280000
117000078,37.4468088009,126.9033768834
117000079,37.4477127549,126.9035170378
117000080,37.4413530192,126.9032059220
117000081,37.4430092334,126.9039411380
117000082,37.4394878782,126.9029828892
117000083,37.4401670279,126.9036271602
117000084,37.4355241561,126.9033111984
117000085,37.4487629236,126.9039779583
117000086,37.4487264597,126.9043011183
117000087,37.4511117717,126.9057879216
117000088,37.4514263505,126.9059900996
117000089,37.4536154301,126.9062606441
117000090,37.4545675549,126.9058231484
117000091,37.4553525174,126.9059442410
117000092,37.4573470454,126.9052838667
117000093,37.4570265150,126.9056143381
117000094,37.4596021512,126.9048243385
117000095,37.4592401831,126.9051695693
117000096,37.4624554800,126.9041055970
117000097,37.4624573826,126.9043527136
117000098,37.4655263109,126.9021319938
117000099,37.4644522390,126.9030060331
117000100,37.4665939751,126.8994091824
117000101,37.4664010000,126.8998780000
117000102,37.4675797473,126.9020379059
117000103,37.4689156821,126.9022258423
117000104,37.4697072815,126.9027437373
117000105,37.4712654618,126.9029463536
117000106,37.4714085360,126.9031982668
117000107,37.4753270832,126.9033549166
117000108,37.4758229255,126.9036414631
117000109,37.4788389714,126.9036963865
117000110,37.4786589447,126.9039351937
117000111,37.4799497631,126.9055934267
117000112,37.4806395906,126.9091389897
117000113,37.4773256419,126.9114634643
117000114,37.4771297022,126.9115032647
117000115,37.4767659875,126.9071878356
117000116,37.4765368492,126.9073310231
117000117,37.4697576129,126.8972649852
117000118,37.4704156228,126.8924286434
117000119,37.4745287985,126.8860924252
117000120,37.4767219052,126.8852129244
117000121,37.4785459121,126.8843811699
117000122,37.4806919368,126.8840197169
117000123,37.4811414007,126.8829647271
117000124,37.4788200801,126.8840084777
117000125,37.4762262850,126.8851458502
117000126,37.4745060933,126.8859059252
117000127,37.4701992555,126.8923170276
117000128,37.4699040880,126.8955442870
117000129,37.4814378839,126.8867150826
117000130,37.4852270318,126.8752549755
117000131,37.4852149815,126.8751623850
117000935,37.4817545466,126.8834301518
117000132,37.4504126336,126.9117325247
117000133,37.4625450000,126.9094550000
117000921,37.4624250000,126.9093950000
117000134,37.4833271564,126.8789631022
117000135,37.4796109464,126.8797336317
117000136,37.4825262036,126.8780188781
117000137,37.4712411911,126.9008468962
117000138,37.4814170000,126.8831170000
116000615,37.4811590318,126.8848613006
117000140,37.4737444042,126.9031980805
117000141,37.4733474011,126.9034139964
117000911,37.4531074327,126.9042968029
117000910,37.4532796733,126.9044559572
117000918,37.4502786838,126.9040103136
117000919,37.4501722460,126.9040551782
117000915,37.4507504041,126.9065092253
117000916,37.4508696683,126.9061589552
117000917,37.4509918205,126.9079435086
117000924,37.4532803888,126.8972682538
117000926,37.4816756914,126.8811520763
117900163,37.4725342446,126.8821620179
117900224,37.4710150000,126.8831120000
117900121,37.4514250000,126.8971010000
117900120,37.4565792288,126.8877099959
117900140,37.4813170887,126.8829559735
117900119,37.4533811369,126.9175043258
117900118,37.4511851351,126.8986162093
117900117,37.4600870492,126.8924496344
117900116,37.4568567561,126.8986616803
117900114,37.4529820233,126.9169114156
117900113,37.4670001721,126.8892262610
117900112,37.4756246737,126.9058668310
117900111,37.4509197575,126.9002034735
117900109,37.4625870000,126.8913820000
117900110,37.4584615691,126.8876303149
117900225,37.4707730549,126.8829837206
117900107,37.4522216920,126.9151830871
117900106,37.4737106004,126.9059678481
117900103,37.4520537227,126.9144662534
117900102,37.4718196531,126.9063091413
117900101,37.4570880833,126.8985727429
117900147,37.4664902534,126.8916463628
117900100,37.4593983202,126.8858271569
117900099,37.4734920619,126.8867089769
117900098,37.4520508795,126.9118509343
117900097,37.4701790336,126.9066831450
117900096,37.4671220994,126.8944524695
117900157,37.4432485828,126.9035255453
117900095,37.4735790442,126.8893157842
117900094,37.4513577639,126.9104910601
117900093,37.4682464727,126.9070812349
117900092,37.4684083858,126.8939000889
117900091,37.4409316110,126.9031686259
117900090,37.4739704302,126.8899360299
117900089,37.4514540858,126.9079384209
117900088,37.4547250000,126.9012650000
117900087,37.4671936204,126.9077732858
117900086,37.4685449644,126.8924720236
117900083,37.4735235187,126.8924060994
117900082,37.4526253772,126.9054638874
117900081,37.4535492973,126.9035830113
117900037,37.4639767337,126.9067112027
117900148,37.4660500537,126.8898143938
117900080,37.4701338936,126.8917891479
117900078,37.4533678073,126.9042399555
117900077,37.4627729841,126.9068259879
117900076,37.4718560099,126.8872683557
117900075,37.4705186150,126.8937184762
117900074,37.4689450000,126.8844040000
117900073,37.4748801170,126.8938818954
117900071,37.4720209133,126.8938893297
117900070,37.4694900501,126.8837224396
117900069,37.4760757114,126.8936891244
117900220,37.4742699142,126.8816668800
117900142,37.4724552570,126.8824730566
117900067,37.4766992467,126.8947462752
117900066,37.4548280098,126.8972130692
117900065,37.4499835235,126.9132502452
117900063,37.4770824972,126.8965101242
117900061,37.4767768350,126.8832543620
117900162,37.4759060291,126.8977000347
117900060,37.4500584604,126.9210181140
117900059,37.4700299236,126.8954116204
117900058,37.4799300143,126.8862424501
117900215,37.4769075492,126.8909586486
117900216,37.4763040335,126.8894662101
117900217,37.4783936947,126.8878114680
117900057,37.4517227734,126.9205758327
116900302,37.4798002515,126.8866638518
117900056,37.4769117974,126.8886451685
117900055,37.4809146873,126.8814206702
117900054,37.4554158552,126.8915243807
117900053,37.4501429977,126.9198492816
117900052,37.4705765464,126.8894417351
117900212,37.4739743970,126.8981181055
117900213,37.4463421176,126.9087619990
117900214,37.4462280579,126.9087889887
117900218,37.4802047061,126.8833100500
117900050,37.4835533313,126.8798436042
117900049,37.4771618769,126.8984628392
117900048,37.4499598725,126.9181165746
117000181,37.4663102404,126.8876524834
117000182,37.4665025176,126.8878906214
117000195,37.4626344076,126.9053176500
117000196,37.4627530000,126.9051500000
117000209,37.4770089899,126.8829204538
117000225,37.4684956743,126.8869686280
117000226,37.4685143650,126.8866426914
117000931,37.4778165267,126.8874417824
117000920,37.4502773846,126.9116027167
117000276,37.4626740000,126.9072010000
117000277,37.4625220000,126.9073020000
117000278,37.4770470579,126.8831442668
117900226,37.4483200000,126.9161040000
117900227,37.4482410000,126.9159640000
117900228,37.4492010000,126.9161130000
117900036,37.4771655122,126.8964859843
117900035,37.4499820000,126.9168160000
117900034,37.4719100442,126.8870629531
117000310,37.4348585994,126.9027764439
117000314,37.4807822232,126.8842089539
117000299,37.4812118523,126.8829676509
117000312,37.4784904864,126.8885942062
117000313,37.4782392200,126.8887449605
117000937,37.4831050000,126.8779770000
117900144,37.4839499569,126.8773484856
117900033,37.4768694128,126.8946699691
117900149,37.4586564400,126.8873428503
117900032,37.4501340000,126.9134990000
117900150,37.4723731984,126.8958617250
117900031,37.4848785249,126.8768957838
117900029,37.4761462878,126.8935288980
117900160,37.4505930000,126.9110850000
117900028,37.4856403517,126.8791529742
117900026,37.4748870849,126.8936139249
117900025,37.4571907673,126.8892870770
117900024,37.4720667742,126.8937829891
117900023,37.4809685316,126.8812832163
116900305,37.4833144645,126.8800923780
117900021,37.4705095093,126.8936133461
117900222,37.4580268804,126.8934387396
117900019,37.4736405707,126.8923053067
117900223,37.4576642489,126.8934675106
117900151,37.4702475167,126.8917002882
117900018,37.4750869917,126.8810805476
117900017,37.4741297901,126.8902581746
117900016,37.4560790000,126.8953470000
117900015,37.4684945707,126.8927663012
117000914,37.4721139214,126.8826578779
117900014,37.4736059632,126.8891970422
117900152,37.4704163658,126.8891734892
117900013,37.4509297326,126.8996929387
117900012,37.4685947359,126.8937008503
117900011,37.4698370000,126.8833960000
117900010,37.4736650982,126.8874164194
117900008,37.4512627351,126.8987381748
117900007,37.4670373288,126.8943779746
117900145,37.4688296905,126.8847974797
117900006,37.4513880000,126.8966310000
117900153,37.4666374319,126.8916076535
117900005,37.4692410639,126.8862111673
117900003,37.4694911309,126.8975479886
117900002,37.4660003578,126.8896697625
117900045,37.4723792747,126.8955994178
117900043,37.4512100674,126.9105225388
117900042,37.4561717653,126.8945113914
117900041,37.4518301810,126.9117005818
117900040,37.4628624021,126.9070673867
117900039,37.4518750005,126.9140493801
117900038,37.4639317515,126.9068039573
117900139,37.4575384027,126.8881256699
117900138,37.4522114153,126.9157184402
117900137,37.4672144587,126.9079179668
117900136,37.4530226799,126.9170695970
117900135,37.4682411948,126.9072451691
117900134,37.4701485004,126.9068154590
117900146,37.4855289741,126.8760098705
117900133,37.4717269870,126.9064958040
117900132,37.4736343111,126.9060943201
117900131,37.4756346993,126.9060092799
117900130,37.4770820320,126.9110143579
117900193,37.4638496339,126.9067177530
117900129,37.4576070259,126.8882725165
117900128,37.4626560000,126.8911560000
117900127,37.4599253406,126.8922978284
117900126,37.4527253788,126.9051351851
117900125,37.4547643438,126.9018203929
117900161,37.4506837601,126.9092629130
117900124,37.4499620000,126.9140140000
117900123,37.4736278101,126.8941391855
117900122,37.4563745580,126.8954899439
117900154,37.4736190000,126.8942570000
117900209,37.4599718531,126.8962925927
117900211,37.4608040223,126.8942481530
117900210,37.4591670967,126.8964634478
117900208,37.4610024925,126.8940923871
117900174,37.4512655226,126.9117159329
117900173,37.4513528541,126.9087037456
117900172,37.4548245367,126.9094952807
117900171,37.4564310534,126.9081188294
117900170,37.4593571341,126.9082692514
117900169,37.4604705729,126.9079251069
117900178,37.4472118910,126.9037052975
117900177,37.4473501248,126.9064018284
117900176,37.4466449121,126.9103494029
117900175,37.4483281695,126.9115228397
117900192,37.4623255009,126.9077736775
117900191,37.4606136948,126.9079227192
117900190,37.4593209089,126.9081362324
117900194,37.4566174024,126.9078868775
117900196,37.4546756970,126.9092908701
117900207,37.4516321000,126.9085768142
117900189,37.4511323266,126.9113929457
117900188,37.4499083635,126.9122579080
117900187,37.4486202245,126.9116502129
117900186,37.4469398097,126.9103556871
117900185,37.4475057487,126.9060636976
117900195,37.4464155627,126.9045526814
117900184,37.4447220355,126.9047098297
117900183,37.4428790713,126.9044714442
117900182,37.4379594347,126.9027904886
117900181,37.4349735461,126.9028582142
117900180,37.4350042057,126.9033005669
117900166,37.4526734399,126.9016076387
117900165,37.4524815093,126.8931359029
117000922,37.4712256795,126.9000105994
117000319,37.4710628529,126.8858636390
117000318,37.4702518143,126.8859089046
117000317,37.4724228188,126.8852249843
117000316,37.4724874213,126.8849399744
117000315,37.4795024072,126.8820730575
118000001,37.5118280000,126.8937050000
118000002,37.5112020000,126.8923120000
118000003,37.5144838858,126.9011873627
118000004,37.5140403403,126.8997458122
118000005,37.5158657465,126.9050920800
118000006,37.5165879330,126.9070303774
118000007,37.5255225645,126.9242437485
118000008,37.5260581190,126.9242066145
118000009,37.4871457304,126.9048369940
118000010,37.4909822820,126.9080013569
118000011,37.4955867471,126.9115745553
118000012,37.4970612966,126.9163819913
118000013,37.4989718729,126.9202813984
118000014,37.5043933307,126.9219621952
118000015,37.5126573835,126.9248245911
118000512,37.5261696974,126.9243412576
118000513,37.5253174941,126.9240997180
118000620,37.5364586522,126.9030904155
118000621,37.5365735046,126.9031762461
118000016,37.5122856218,126.9099270612
118000017,37.5138042027,126.9114184502
118000018,37.5149507944,126.9119431216
118000019,37.5218552056,126.9051989835
118000020,37.5197345469,126.9066538832
118000021,37.5190630000,126.9098520000
118000023,37.5189144362,126.9092905570
118000024,37.5194457626,126.9064498646
118000025,37.5183837379,126.9057837283
118000027,37.5175082319,126.9062396031
118000618,37.5169264132,126.9075990645
118000029,37.5170626873,126.9090467727
118000032,37.5184900000,126.9054370000
118000033,37.5200710672,126.9030257176
118000034,37.5204160307,126.9028340777
118000035,37.5213180000,126.9047850000
118000036,37.5245305326,126.9051548683
118000037,37.5248948852,126.9055402111
118000038,37.5251590221,126.9068194848
118000039,37.5254970147,126.9073622386
118000040,37.5290820000,126.9055970000
118000041,37.5290320000,126.9059580000
118000042,37.5256376720,126.9036577540
118000044,37.5298980961,126.9180241528
118000045,37.5246535111,126.9181131549
118000046,37.5294106436,126.9178873435
118000047,37.5284793584,126.9180683792
118000048,37.5279936051,126.9175806125
118000619,37.5444080000,126.8902400000
118000051,37.5309108798,126.9247530690
118000052,37.5316913231,126.9229307724
118000053,37.5295296763,126.9278920215
118000054,37.5274578013,126.9314780831
118000055,37.5273875130,126.9320237959
118000056,37.5244095933,126.9356353384
118000057,37.5244595611,126.9359647299
118000058,37.5194039511,126.9376069307
118000059,37.5191618125,126.9377092728
118000060,37.5210428541,126.9351904947
118000061,37.5210349091,126.9344292065
118000062,37.5187056997,126.9342191488
118000063,37.5185186040,126.9339732820
118000064,37.5192462487,126.9323106146
118000065,37.5191952505,126.9315858844
118000066,37.5181087900,126.9303001713
118000067,37.5236050000,126.9202620000
118000068,37.5188169961,126.9272111083
118000069,37.5186769123,126.9267431365
118000070,37.5206144242,126.9249200821
118000071,37.5213350582,126.9248852134
118000072,37.5233529273,126.9270684070
118000073,37.5236693289,126.9270706296
118000074,37.5251264453,126.9301171862
118000075,37.5259920176,126.9309977447
118000076,37.5218906273,126.9188836862
118000077,37.5213255961,126.8968775442
118000078,37.5210022006,126.8969911224
118000079,37.5206987975,126.8952459024
118000080,37.5221203090,126.8917785954
118000081,37.5217213888,126.8920699266
118000082,37.5230559785,126.8961601415
118000084,37.5254134463,126.8963808906
118000085,37.5267409499,126.8997280516
118000086,37.5281841492,126.8959624246
118000087,37.5347289688,126.9005255290
118000088,37.5349253870,126.8994545764
118000089,37.5330220000,126.9033880000
118000090,37.5331897116,126.9035824119
118000091,37.5348629874,126.9024102445
118000092,37.5328062968,126.9008638878
118000093,37.5328262574,126.9013030592
118000617,37.5249760771,126.9292812936
118000096,37.5288298776,126.8981321136
118000097,37.5287170417,126.8976084675
118000098,37.5284831639,126.8960123192
118000099,37.5095425990,126.9074865803
118000101,37.5084285334,126.9003200973
118000102,37.5082587788,126.9000627119
118000595,37.5065149631,126.9111162984
118000107,37.5192330216,126.8942227741
118000108,37.5190642533,126.8944124856
118000109,37.5169082251,126.8896944058
118000110,37.5156543708,126.8923755969
118000111,37.5181980000,126.8843280000
118000112,37.5184108268,126.8845693693
118000113,37.5197635659,126.8847214778
118000114,37.5199519089,126.8849459462
118000115,37.5157798210,126.8913940766
118000116,37.5168588434,126.8892688603
118000117,37.5226964057,126.8882760563
118000118,37.5224802186,126.8873567458
118000119,37.5229942584,126.8840591861
118000120,37.5231617340,126.8848486189
118000121,37.5269980000,126.8909870000
118000122,37.5269046476,126.8912931843
118000123,37.5238199685,126.8902116552
118000124,37.5236879845,126.8905442670
118000125,37.5383576111,126.8932341248
118000126,37.5380360687,126.8932768999
118000127,37.5371966691,126.8948754336
118000128,37.5371450100,126.8955567144
118000129,37.5416485864,126.8944278421
118000130,37.5475241110,126.8841131456
118000131,37.5420309939,126.8946629880
118000132,37.5474692630,126.8834636891
118000133,37.5439165302,126.8903472100
118000579,37.4999832177,126.9080213793
118000135,37.5388210381,126.8945006101
118000136,37.5342386203,126.8962877577
118000137,37.5344087772,126.8967008179
118000138,37.5320519910,126.8945217072
118000139,37.5309610000,126.8941060000
118000140,37.5168150000,126.9169560000
118000141,37.5136409433,126.9200351486
118000142,37.5140830291,126.9195131812
118000143,37.5118665222,126.9164620153
118000144,37.5145262639,126.9181496713
118000145,37.5120674779,126.9162973886
118000146,37.5113759569,126.9131764145
118000147,37.5093550000,126.9106080000
118000148,37.5034133163,126.9101490426
118000149,37.5045853868,126.9025871370
118000150,37.5047495305,126.9028724835
118000151,37.5092940284,126.9076717402
118000153,37.5095800000,126.9108380000
118000154,37.5049891763,126.9108112918
118000155,37.5108205742,126.9114719863
118000156,37.5014308216,126.9097782155
118000157,37.5009593596,126.9053855538
118000158,37.5010548825,126.9049278277
118000159,37.5000120734,126.9068971154
118000160,37.4981782693,126.9045627731
118000161,37.4986738862,126.9045757143
118000162,37.4950914986,126.9088076812
118000163,37.4984011732,126.9083965467
118000164,37.5013238443,126.9100850037
118000598,37.5012450000,126.9164580000
118000599,37.5073640000,126.9063900000
118000168,37.5127693585,126.9237905553
118000170,37.5098706868,126.9240536702
118000171,37.5051747159,126.9221593231
118000172,37.5023841407,126.9210085488
118000173,37.4961497424,126.9082409755
118000175,37.4894382828,126.9054525686
118000176,37.4913161222,126.9029549092
118000177,37.4941811504,126.9006322883
118000179,37.4925216728,126.8966231256
118000180,37.4942998541,126.8992448194
118000181,37.4936614284,126.9006611965
118000182,37.4905430612,126.9032572847
118000183,37.4896278351,126.9047297114
118000184,37.4959960960,126.9020385312
118000185,37.4928800000,126.8965850000
118000186,37.4941715864,126.8986961015
118000187,37.4965119007,126.9023480929
118000188,37.5037864503,126.8955055827
118000189,37.5045690000,126.8965400000
118000190,37.5016789973,126.8971101446
118000191,37.5030128151,126.8961720728
118000192,37.5422450000,126.9025950000
118000193,37.5420250000,126.9029150000
118000194,37.5185581600,126.9148309222
118000195,37.5306422804,126.9191536840
118000196,37.5279671701,126.9208525949
118000197,37.5250045778,126.9281836353
118000198,37.5255310516,126.9269899252
118000199,37.5270921709,126.9272061799
118000610,37.5050599658,126.9132459329
118000200,37.5209203503,126.9320647349
118000201,37.5213281189,126.9311455901
118000202,37.5224629956,126.9304856028
118000577,37.5003168268,126.9104304773
118000203,37.5233550000,126.9232530000
118000576,37.5001550045,126.9154974818
118000204,37.5142585924,126.8951938185
118000205,37.5141627048,126.8947765295
118000206,37.4978471953,126.8988103256
118000208,37.5129070000,126.9234950000
118000209,37.5063691885,126.9109089196
118000210,37.4989132022,126.9122243497
118000211,37.4984175455,126.9167140863
118000563,37.5167591036,126.9166368877
118000611,37.5040660000,126.9192560000
118000213,37.5300112247,126.9241543204
118000597,37.5001649059,126.9127737920
118000214,37.5166249423,126.8945855945
118000215,37.5137478610,126.9265562252
118000216,37.5135876259,126.9259750871
118000218,37.4985891868,126.9145708821
118000219,37.4988620000,126.9194020000
118000220,37.4984887613,126.9197990982
118000221,37.5069073568,126.8942967179
118000222,37.5186134846,126.9103719734
118000223,37.4993499174,126.9074086857
118000224,37.4995770969,126.9069956306
118000225,37.5201970000,126.8878350000
118000226,37.5200471570,126.8879576150
118000227,37.5166312538,126.8942560751
118000228,37.5193690011,126.8952832738
118000229,37.5290992579,126.9226786966
118000230,37.4980725102,126.8946317256
118000231,37.4989309377,126.8963032658
118000232,37.5076045335,126.9032049179
118000233,37.5073405785,126.9030359596
118000234,37.5042942428,126.8966160437
118000616,37.5021832508,126.9128986736
118000236,37.5004765901,126.8976368647
118000237,37.5033510946,126.8952038884
118000238,37.5025756986,126.8967569528
118000239,37.5010729304,126.8989671275
118000241,37.5049661894,126.8979949457
118000242,37.5060560163,126.8995852828
118000243,37.5063544176,126.9008515938
118000601,37.5028590000,126.9160490000
118000246,37.5115127712,126.9230916275
118000602,37.5029041708,126.9161719065
118000608,37.4992576570,126.9104508793
118000255,37.4998464533,126.9193169475
118000256,37.4998909378,126.9170658543
118000259,37.4999373494,126.9039926579
118000260,37.5032308592,126.9003306899
118000261,37.5008368106,126.9027078981
118000600,37.5014200855,126.9166259326
118000263,37.5026893321,126.9005629420
118000266,37.5076981532,126.8945682049
118000267,37.5156735527,126.8864003638
118000268,37.5155477112,126.8867116154
118000596,37.5154220985,126.8872632303
118000270,37.5058715996,126.8998713446
118000578,37.5000510000,126.9190500000
118000273,37.5101417818,126.9046723569
118000274,37.5108880833,126.9100169726
118000276,37.5083019050,126.9053801420
118000295,37.5119473260,126.9062761886
118000298,37.5058548860,126.9070387375
118000299,37.5047830000,126.9041530000
118000301,37.5167682627,126.8884241986
118000302,37.4985706187,126.9165753842
118000311,37.5030100625,126.8940864024
118000312,37.5091353110,126.9051712916
118000313,37.5069671974,126.9064944778
118000314,37.5119584560,126.9061093409
118000315,37.5050800730,126.9047285685
118000316,37.5070505173,126.9012712286
118000325,37.4997728852,126.9008725167
118000326,37.4999670445,126.9045015227
118000331,37.4984017729,126.9020269071
118000332,37.5009080000,126.8994800000
118000333,37.4974634886,126.9032579405
118000335,37.5164206155,126.8853095530
118000336,37.5162980000,126.8848980000
118000524,37.5183527655,126.9027079039
118000525,37.5130450000,126.9241590000
118000536,37.5180119835,126.9045916481
118000537,37.5196779796,126.9008141712
118000546,37.5236699556,126.9018127545
118000530,37.5224849790,126.9017747101
118000541,37.5251517776,126.9023142827
118000542,37.5246798544,126.9023884969
118000540,37.5277478405,126.9034083876
118000543,37.5280663072,126.9038729980
118000538,37.5300905669,126.9043580631
118000539,37.5308155244,126.9049656612
118000535,37.5057447122,126.9101667964
118000531,37.5034404640,126.9015875459
118000532,37.5037354455,126.9016891344
118000534,37.5011447492,126.8986616843
118000533,37.4981672477,126.8983100000
118000607,37.5033158892,126.9037578728
118900001,37.5333218119,126.9013080631
118900002,37.4941881707,126.8949855085
118900003,37.5317408698,126.8962827493
118900004,37.5439176005,126.8895618243
118900166,37.5117534209,126.9218040841
118900005,37.5295966069,126.8987624869
118900006,37.5415448626,126.8913397384
118900007,37.5102387979,126.9219968319
118900008,37.4929638313,126.8973315956
118900009,37.5309951483,126.8998637918
118900010,37.5406104569,126.8923572960
118900011,37.4966558275,126.9132358660
118900167,37.5088147597,126.9215458547
118900012,37.4953635670,126.8998625176
118900013,37.5332251433,126.9015344700
118900015,37.4946517549,126.9108450745
118900016,37.5095040000,126.9199790000
118900017,37.5283666153,126.8916609531
118900187,37.4983606603,126.8985174011
118900018,37.5332286177,126.9030109389
118900161,37.5370245670,126.8931340810
118900184,37.4913065278,126.9080614234
118900019,37.5118632601,126.9173777932
118900020,37.5253866305,126.8906255086
118900021,37.4995406902,126.8980362570
118900148,37.5318890724,126.9065022141
118900197,37.5110196370,126.9053948102
118900022,37.4884697209,126.8990679328
118900023,37.5253616898,126.8882070346
118900024,37.5300982551,126.9072184064
118900025,37.5342360825,126.8923381705
118900026,37.4899047632,126.9007034903
118900027,37.5250571864,126.8860806928
118900028,37.5023314067,126.9001497866
118900029,37.5287001541,126.9077326840
118900030,37.5321168067,126.8924532355
118900031,37.4908121312,126.9017291244
118900032,37.5234153830,126.8834600409
118900033,37.5260382148,126.9087700692
118900034,37.5331333680,126.8945892066
118900035,37.4920558755,126.9030879611
118900158,37.5232854003,126.8824379434
118900036,37.5044937034,126.9029768745
118900037,37.5233299681,126.9105439558
118900038,37.4930894759,126.9042356303
118900039,37.5216618502,126.8852430946
118900040,37.5063174421,126.9017766690
118900147,37.5213296596,126.9119175238
118900185,37.4950637693,126.9064554065
118900041,37.5203116387,126.8858598746
118900196,37.5125060183,126.9092502422
118900042,37.4958177593,126.9073026795
118900045,37.4975925264,126.9083813617
118900047,37.4994414051,126.9077008382
118900048,37.5214037140,126.9121380476
118900049,37.5234161815,126.8958915081
118900050,37.5052062815,126.9162315361
118900051,37.5185695277,126.8979141721
118900176,37.5113138822,126.9142968662
118900052,37.5233986262,126.9107746728
118900053,37.5204548137,126.8952702414
118900054,37.5020836656,126.9045860784
118900055,37.5067128100,126.9142274730
118900056,37.5183513018,126.9008724859
118900058,37.5262167779,126.9089587972
118900059,37.5206586901,126.8927264952
118000625,37.5182440000,126.9160140000
118900062,37.5282975197,126.9081846411
118900157,37.5210328929,126.8900548852
118000523,37.5303964528,126.9220912543
118000353,37.5189624530,126.8893961124
118000271,37.4998586582,126.9137184414
118900065,37.5304101377,126.9073492710
118900066,37.5213724100,126.8879274737
118900067,37.5347400035,126.9023377955
118900068,37.5322315724,126.9066070161
118900069,37.5085202288,126.9002173300
118900071,37.5311163277,126.9047437209
118900072,37.5253329419,126.8862550017
118900073,37.5104673394,126.8989591367
118900075,37.5294473708,126.9025105710
118900076,37.5250867538,126.8888971780
118900077,37.5093467611,126.8973227342
118900078,37.5106535660,126.9172405721
118900080,37.5301733270,126.9009081058
118900081,37.5246388350,126.8917297019
118900082,37.5087971934,126.8964095201
118900083,37.5081430000,126.9174700000
118900084,37.5169493984,126.8963530010
118900085,37.5121237758,126.9165402359
118900086,37.5242285660,126.8944184537
118900087,37.5080318381,126.8948323653
118000407,37.5011675241,126.9027187793
118900088,37.5088334824,126.9199045396
118900089,37.5168991207,126.8986416285
118900091,37.5254900000,126.8967210000
118900092,37.5090406202,126.9202843938
118900093,37.5176016840,126.8993511220
118900168,37.5100192088,126.9224212475
118900096,37.5187718947,126.8979309029
118900152,37.5083375721,126.9049106738
118900097,37.5084902631,126.8961493649
118900099,37.5092269217,126.8973308164
118000623,37.4948666991,126.8948001273
118900146,37.5057686993,126.9018101899
118900145,37.5332901567,126.8945867229
118900144,37.5101175984,126.8988261304
118900141,37.5327075965,126.8920914360
118900140,37.5084857554,126.8999436394
118900139,37.5204494891,126.8858415635
118900137,37.5343029295,126.8925202511
118900136,37.5070907884,126.9009386259
118900135,37.5025321694,126.8999334882
118900133,37.5370485077,126.8934442009
118900132,37.4993863615,126.8977582395
118900163,37.5386977962,126.8947635611
118900131,37.5025280000,126.9040470000
118900130,37.5253724672,126.8909004588
118000624,37.5044660000,126.8963970000
118900129,37.4980793659,126.8983424791
118900164,37.5406592181,126.8924692571
118900207,37.5122034905,126.8910896456
118900208,37.5137354671,126.8885413891
118900209,37.5137855121,126.8904512019
118000626,37.5139800000,126.8930880000
118900126,37.4955536164,126.8994440527
118900159,37.5417610376,126.8902700202
118900189,37.4942013800,126.8987627859
118000594,37.5187933887,126.9273528457
118000592,37.5189481008,126.9264910134
118000591,37.5217142570,126.9184613228
118000593,37.5210420207,126.9192874432
118900123,37.4980404548,126.9080395961
118900121,37.5438918495,126.8880522051
118000457,37.5169596562,126.8986940319
118900120,37.4961223744,126.9073565889
118900205,37.5103913564,126.9159401511
118900206,37.5090172393,126.9158201061
118000463,37.5167275450,126.9081071702
118000464,37.5216821884,126.9051912830
118000465,37.5173270000,126.9059800000
118000466,37.5290753891,126.9059275537
118000575,37.5288723804,126.9055996881
118000468,37.5214106275,126.9047809511
118000470,37.5326565825,126.9039757313
118000492,37.5048823685,126.9049222030
118900119,37.4950914919,126.9061884700
118900118,37.4933580173,126.9042511202
118900117,37.4924371503,126.9032197838
118900116,37.4908109691,126.9014158733
118900186,37.4888933803,126.8992324664
118000474,37.4937954158,126.8951274236
118900114,37.5311111140,126.8995389009
118000564,37.5282753148,126.9181628332
118900113,37.5319345944,126.8973008278
118000489,37.5398200000,126.9011820000
118000480,37.5017864827,126.9015122861
118000490,37.5399380000,126.9007550000
118000515,37.5194239626,126.8914974004
118000514,37.5196470000,126.8915080000
118000511,37.5182738730,126.9036355463
118000517,37.5243137974,126.8952226639
118000614,37.5043390000,126.9160460000
118000615,37.5206127494,126.8955641344
118900112,37.5326083000,126.8969389534
118900111,37.5223558864,126.8855026473
118000518,37.5235034611,126.9269644423
118900110,37.5330028905,126.9010480642
118900177,37.5074069381,126.9130481182
118900165,37.5086934741,126.9199176151
118900169,37.5071313862,126.9200285195
118900108,37.5063656176,126.9216230712
118900182,37.5051599656,126.9216560023
118900107,37.5041513635,126.9199106731
118900178,37.5054257948,126.9126669015
118900174,37.5056353604,126.9069364632
118900105,37.5055906938,126.9114530403
118900179,37.5049340573,126.9135627503
118900104,37.5042586234,126.9160026751
118900103,37.5050446711,126.9217262504
118900102,37.5063629983,126.9217497583
118900170,37.5074906089,126.9198821423
118900171,37.5086678983,126.9215731559
118900101,37.5045438605,126.9159749818
118900210,37.5146790000,126.9079970000
118000560,37.5145839767,126.9078196924
118900198,37.5062985565,126.9171066208
118900199,37.5061002907,126.9157992808
118900200,37.5081805356,126.9115551770
118900203,37.5061310478,126.9172436700
119000318,37.5212987463,126.9401640180
118000604,37.5272703449,126.9321280850
118900204,37.5087156723,126.9176242751
118000529,37.5100455483,126.9241281500
119000292,37.5102017522,126.9246177878
118900193,37.5117732064,126.9034753573
118900192,37.5123000589,126.9009464467
118900191,37.5109906474,126.8988576208
118000562,37.5114597361,126.8995214906
118900190,37.5118103168,126.9004176959
118900195,37.5132670000,126.9048860000
115000575,37.5458862811,126.8123006952
118000504,37.5264706671,126.9328494288
118000501,37.5350221600,126.8998731174
119000001,37.4864490000,126.9044480000
119000002,37.4902521491,126.9075951828
119000003,37.4952827397,126.9114761949
119000004,37.4968990034,126.9162238534
119000005,37.4981412047,126.9201964462
119000006,37.5037895503,126.9218983526
119000007,37.5131740000,126.9314370000
119000008,37.5132368488,126.9323737344
119000009,37.5134230000,126.9384560000
119000010,37.5134800797,126.9388655754
119000011,37.5137330000,126.9438110000
119000012,37.5138325876,126.9447114504
119000013,37.5128250000,126.9492560000
119000014,37.5127342030,126.9509621786
119000289,37.4975550541,126.9833117490
119000288,37.4942338943,126.9826144422
119000287,37.4915912163,126.9826229009
119000286,37.4883650000,126.9822850000
119000285,37.4832273743,126.9819451238
119000284,37.4806790282,126.9818145731
119000020,37.5069350000,126.9232750000
119000021,37.5100106698,126.9245410607
119000022,37.5125881335,126.9263634330
119000023,37.5130395413,126.9356600816
119000024,37.5134951577,126.9418756112
119000025,37.5139058884,126.9434701519
119000026,37.5133666069,126.9463011308
119000027,37.5133150000,126.9479770000
119000028,37.5128653113,126.9510505061
119000029,37.5125650000,126.9510070000
119000030,37.5115545148,126.9607461983
119000031,37.5115728985,126.9612375315
119000032,37.5083049350,126.9632135267
119000033,37.5074984059,126.9650447528
119000034,37.5075850724,126.9655921789
119000035,37.5073485306,126.9662733700
119000036,37.5065100000,126.9676750000
119000037,37.5064370015,126.9685844969
119000038,37.5058670000,126.9717480000
119000039,37.5056090000,126.9719710000
119000040,37.5025860000,126.9768650000
119000041,37.5031885970,126.9766525988
119000048,37.4768318930,126.9778214942
119000049,37.4760492272,126.9728450880
119000050,37.4997751387,126.9223387688
119000051,37.5000120000,126.9216430000
119000052,37.4996077724,126.9264810316
119000053,37.4998553553,126.9261279130
119000054,37.5000700000,126.9308720000
119000055,37.5002832355,126.9317049239
119000056,37.5033778878,126.9367360642
119000057,37.5029598810,126.9357682657
119000058,37.5046761432,126.9385221188
119000059,37.5049930000,126.9407600000
119000060,37.5053297317,126.9417292605
119000061,37.5047947107,126.9459415102
119000062,37.5043269596,126.9468675132
119000063,37.5120566862,126.9541121628
119000064,37.5120063166,126.9536978866
119000065,37.5045988081,126.9495037012
119000066,37.5038586483,126.9495190801
119000067,37.5016271328,126.9486225374
119000068,37.5012490566,126.9495197061
119000069,37.4988131751,126.9511850423
119000070,37.4986899661,126.9517743709
119000071,37.4969260383,126.9528039826
119000072,37.4961666089,126.9533491547
119000073,37.4964614208,126.9537334982
119000074,37.4916784048,126.9562148589
119000075,37.4917326146,126.9565953054
119000076,37.4951500000,126.9570550000
119000077,37.4953183557,126.9572808442
119000078,37.4946390733,126.9602929082
119000079,37.4949847404,126.9599067570
119000080,37.4890277761,126.9656493194
119000081,37.4887422791,126.9661798164
119000082,37.4878598183,126.9664743548
119000083,37.4863556315,126.9682728248
119000084,37.4866369532,126.9681789127
119000085,37.4849291221,126.9707465249
119000086,37.4845875371,126.9710943103
119000087,37.4838042897,126.9730147719
119000088,37.4836762564,126.9727824251
119000089,37.4840745961,126.9785857201
119000090,37.4842992298,126.9784299949
119000091,37.4844435384,126.9798968352
119000092,37.4848328619,126.9801874958
119000093,37.4977748671,126.9278411369
119000094,37.4983305124,126.9282547192
119000095,37.4947570000,126.9271910000
119000097,37.5105502162,126.9400540684
119000098,37.5104530000,126.9403370000
119000099,37.5082110072,126.9399682084
119000100,37.5072450833,126.9400798321
119000101,37.5081669276,126.9613219646
119000102,37.5085092430,126.9615071968
119000103,37.5083452201,126.9614382814
119000104,37.5041718438,126.9391355764
119000105,37.5039340000,126.9394960000
119000106,37.5014793109,126.9408309246
119000107,37.5015136806,126.9411384938
119000108,37.4993163958,126.9435348692
119000109,37.5048082949,126.9536355983
119000110,37.5045504993,126.9534310317
119000111,37.5068098850,126.9582944153
119000112,37.5066428313,126.9572653015
119000113,37.5072313914,126.9591141596
119000114,37.4872960000,126.9119210000
119000115,37.4874171465,126.9117427128
119000116,37.4882537390,126.9071028224
119000117,37.4884286507,126.9072269982
119000320,37.4922980000,126.9635780000
119000123,37.4927554341,126.9244803976
119000124,37.4993739229,126.9436736712
119000125,37.4979423686,126.9435500396
119000126,37.4959295429,126.9429139957
119000127,37.4959853248,126.9427352625
119000131,37.4979590401,126.9433569275
119000317,37.4998750017,126.9538679944
119000316,37.4995065114,126.9535019420
119000134,37.5123768448,126.9400621552
119000135,37.5026546449,126.9539708958
119000136,37.5031415122,126.9542926452
119000137,37.5010547638,126.9538226802
119000138,37.5009407383,126.9535689972
119000139,37.4984061610,126.9533571784
119000140,37.4982214146,126.9532555151
119000290,37.5135210000,126.9522110000
119000295,37.5130975089,126.9274742701
119000291,37.5147570000,126.9273300000
119000294,37.5124572784,126.9533594381
119000293,37.5131208822,126.9566106430
119000296,37.4833774271,126.9762903614
119000302,37.4773926300,126.9813958895
119000319,37.4924365852,126.9630718231
119900312,37.4840171336,126.9670560347
119900311,37.5027900000,126.9266940000
119900310,37.4837563501,126.9769232473
119900306,37.4937773108,126.9813618064
119900307,37.4940582217,126.9797524810
119900083,37.4786874149,126.9815810731
119900313,37.5107012975,126.9320347501
119900256,37.4916872860,126.9740958456
119900082,37.4896270276,126.9711491739
119900081,37.4891368419,126.9627803005
119900080,37.5003320000,126.9605690000
119900078,37.4937689308,126.9363189798
119900156,37.5124510000,126.9546190000
119900077,37.4861568443,126.9724840951
119900076,37.4961628916,126.9408148527
119900075,37.4850014413,126.9806261973
119900074,37.4946211032,126.9185784927
119900073,37.4999673048,126.9281819736
119900314,37.5110780000,126.9321110000
119900257,37.4903636891,126.9746719153
119900258,37.4908474626,126.9741210149
119900071,37.4886519328,126.9721846371
119900070,37.4886828031,126.9631559660
119900069,37.4977180000,126.9592700000
119900068,37.4991560000,126.9401080000
119900067,37.4930452350,126.9353994727
119900065,37.4839260244,126.9738757634
119900315,37.4898234441,126.9712716065
119900063,37.4960060597,126.9180850756
119900264,37.5020677375,126.9278709369
119900062,37.4946119215,126.9355039920
119900061,37.5007063168,126.9604578422
119900318,37.4977604263,126.9317185301
119900260,37.4885987803,126.9763424207
119900060,37.4868510064,126.9738555209
119900320,37.4925240349,126.9696348409
119900059,37.4950952786,126.9610345638
119900058,37.4996265622,126.9406672593
119900057,37.4936940869,126.9345740345
119900055,37.4830900688,126.9751266748
119900054,37.4968433468,126.9430908619
119900263,37.4855998149,126.9683026096
119900053,37.5031230000,126.9254830000
119900052,37.4951429733,126.9344155696
119900051,37.5020900000,126.9604290000
119900319,37.4909223103,126.9714963842
119900050,37.4860104896,126.9748407440
119900049,37.4890283675,126.9645998909
119900047,37.5008885718,126.9416027519
119900046,37.4943957803,126.9340950389
119900044,37.4839100097,126.9818671422
119900043,37.4825754825,126.9667508946
119900042,37.5046760000,126.9252780000
119900041,37.4955668475,126.9334403220
119900040,37.5032630745,126.9609201815
119900321,37.4910956830,126.9712023203
119900039,37.4873936762,126.9747984396
119900038,37.4841645764,126.9770554226
119900037,37.4899710309,126.9649635841
119900034,37.4946581742,126.9328021506
119900033,37.5076898870,126.9607327929
119900031,37.5018651497,126.9460153285
119900261,37.4818218649,126.9664294375
119900030,37.5056747450,126.9248146272
119900029,37.4961096391,126.9324298965
119900028,37.5053724551,126.9610502124
119900027,37.4931806671,126.9437280828
119900026,37.5044810859,126.9377214725
119900025,37.4952795673,126.9321580870
119900023,37.5027474813,126.9472102115
119900022,37.4845151722,126.9799858332
119900021,37.4877057013,126.9080420892
119900020,37.5081772155,126.9261670483
119900019,37.4965518983,126.9321116975
119900018,37.5069840000,126.9617660000
119900017,37.4941682832,126.9437420438
119900016,37.5057740000,126.9363770000
119900015,37.4966448723,126.9308347550
119900014,37.5067385205,126.9572880400
119900013,37.5043455055,126.9501363221
119900012,37.4870409710,126.9095785564
119900265,37.5087023253,126.9289889124
119900248,37.4991727218,126.9312735142
119900266,37.5056368127,126.9345388097
119900011,37.4978176529,126.9300612128
119900010,37.5050450000,126.9534610000
119900009,37.5049512146,126.9505374560
119900008,37.5079144369,126.9299522538
119900007,37.5001592705,126.9325619694
119900006,37.4853423386,126.9695707031
119000322,37.4972460000,126.9385140000
119000323,37.4975990000,126.9368310000
119000324,37.4978610000,126.9346940000
119000325,37.4989890000,126.9335430000
119000326,37.4999180000,126.9325700000
119000327,37.5082230000,126.9633330000
119000328,37.5061170000,126.9664200000
119000329,37.5042950000,126.9652360000
119000330,37.5035420000,126.9649810000
119000331,37.5019000000,126.9642600000
119000332,37.5008556752,126.9636185783
119000333,37.5000020000,126.9620060000
119000334,37.4965330000,126.9388640000
119000335,37.4916550000,126.9228750000
119000199,37.5114312617,126.9607410136
119000200,37.5103036908,126.9626136909
119900005,37.5060671890,126.9330780951
119900004,37.4989658209,126.9284180890
119900003,37.4838072598,126.9743794236
119900002,37.5065716922,126.9512512508
119900249,37.5015543584,126.9344857415
119900001,37.4841806903,126.9722197399
119900206,37.5071048664,126.9323905778
119900205,37.5078829377,126.9515987872
119900204,37.4962336425,126.9825370124
119900203,37.5120526150,126.9320467559
119900202,37.4901811137,126.9824479616
119900201,37.4842177829,126.9772691231
119900309,37.5021520208,126.9455943644
119900200,37.5089709879,126.9322870912
119900199,37.4943392794,126.9825628967
119900198,37.4815722629,126.9664442487
119900197,37.5121801399,126.9344730609
119900246,37.5039320639,126.9389672411
119900196,37.4873473830,126.9820415707
119900195,37.4861375742,126.9749763981
119900194,37.5034539195,126.9451749249
119900193,37.5101499659,126.9512523172
119900192,37.4834269187,126.9670879553
119900191,37.4910939039,126.9246607439
119900190,37.5126188873,126.9359545560
119900189,37.5050526535,126.9417827452
119900188,37.5063885967,126.9505398317
119900187,37.4869726909,126.9740160547
119900247,37.5043671116,126.9459908973
119900186,37.5130699136,126.9274282269
119900185,37.5110727392,126.9513637040
119900184,37.4865725229,126.9820869839
119900183,37.4855349747,126.9684496405
119900272,37.4923592428,126.9249580304
119900182,37.4884618946,126.9725906795
119900181,37.5052861170,126.9438049608
119000279,37.5076760417,126.9654484836
119000280,37.5074560685,126.9650934110
119900254,37.5122904513,126.9521592788
119900180,37.5051800181,126.9466710231
119900244,37.5038198475,126.9473327434
119900179,37.4921183007,126.9566324017
119900178,37.4871765076,126.9747872044
119900177,37.4852068927,126.9675296545
119900175,37.5069702375,126.9480050422
119900174,37.4881461014,126.9759330153
119900173,37.4865452277,126.9656301015
119900172,37.5054913714,126.9415426118
119900171,37.5091952385,126.9320719695
119900170,37.5050531550,126.9447020905
119000312,37.5012957380,126.9334329321
119000313,37.5016110077,126.9335301509
119900169,37.4998232995,126.9267443461
119900168,37.5084540000,126.9470830000
119900253,37.4961965212,126.9535564495
119900167,37.4894721027,126.9771578380
119900262,37.4879028591,126.9645031705
119900166,37.5063972057,126.9420033988
119900165,37.5075190000,126.9322390000
119900164,37.5107266973,126.9535550176
119900163,37.4991700746,126.9240090902
119900162,37.5102778468,126.9449289949
119900161,37.4919019936,126.9562362162
119900160,37.4900072452,126.9765786726
119900159,37.4886009282,126.9635608480
119900158,37.5074809233,126.9432253093
119900157,37.5057160000,126.9335680000
119900259,37.4906189658,126.9759361455
119900154,37.4893053683,126.9628435447
119900153,37.5083076038,126.9440017764
119900152,37.5055356102,126.9348170675
119900151,37.5127789562,126.9275880089
119900150,37.5127937149,126.9359804244
119900149,37.5137237868,126.9414536120
119900148,37.5079978025,126.9463253599
119900147,37.5055040763,126.9364798085
119900146,37.5039638554,126.9224942472
119900145,37.5123694199,126.9345611292
119900144,37.5130148375,126.9400887940
119900143,37.4950484626,126.9611601225
119900142,37.5073665272,126.9476598101
119900141,37.5044197304,126.9375688275
119900140,37.4981116101,126.9593670537
119900139,37.5073826349,126.9296959851
119900138,37.5050962917,126.9389753420
119900136,37.5044966590,126.9365066770
119900135,37.4997752435,126.9406660106
119900134,37.5122399144,126.9519737943
119900133,37.5088217740,126.9254188970
119900132,37.4991450337,126.9399946942
119900131,37.5111105220,126.9512098387
119900267,37.5083866972,126.9261640144
119900130,37.5015039566,126.9329860300
119900129,37.5103454356,126.9510847768
119900128,37.5058658913,126.9249920186
119900127,37.5000808511,126.9322988293
119900126,37.5135038929,126.9432478962
119900125,37.5030004211,126.9345122587
119900124,37.5087397453,126.9512588900
119900123,37.5039714206,126.9230394173
119900122,37.4989754823,126.9333826454
119900121,37.5078063047,126.9515026905
119900268,37.5039451009,126.9241422416
119900120,37.5102462423,126.9447876219
119900245,37.5065409316,126.9509537880
119900119,37.5029750000,126.9241530000
119900118,37.4960363620,126.9367943174
119900117,37.5085370000,126.9467660000
119900116,37.5000612710,126.9240183662
119900115,37.4954606322,126.9371965528
119900114,37.5066765081,126.9477107912
119900113,37.4977616565,126.9345557830
119900112,37.5029069167,126.9470766344
119900298,37.4995357728,126.9606900215
119900111,37.4950179926,126.9365045428
119900110,37.5053838502,126.9466416761
119900109,37.5019552075,126.9459219623
119900108,37.5035799614,126.9489458159
119900107,37.4982526063,126.9435185194
119900106,37.4972109542,126.9430023671
119900105,37.5051240000,126.9540260000
119900104,37.5074478171,126.9476344677
119900255,37.5064893501,126.9573559193
119900103,37.5081301500,126.9460741526
119900101,37.5067437707,126.9582233410
119900102,37.5084979923,126.9445445828
119900100,37.5075405164,126.9613764833
119900099,37.5075024276,126.9429719204
119900098,37.4977191463,126.9231862171
119900097,37.5064627639,126.9612695829
119900096,37.5062095609,126.9415658051
119900095,37.4977295307,126.9245070504
119900094,37.5049212013,126.9607856633
119900093,37.4982254734,126.9279311823
119900092,37.5032573835,126.9607814881
118900115,37.4899319540,126.9075610052
119900091,37.5022199637,126.9603298144
119900090,37.5045473263,126.9459783256
119900089,37.5009247014,126.9601325904
119900088,37.5032059252,126.9447645304
119900087,37.4929880000,126.9238330000
119900086,37.4995634362,126.9598585367
119900085,37.5019654526,126.9455074093
119900242,37.4874991805,126.9130146621
119900241,37.4953540701,126.9436054409
119900271,37.4872123087,126.9097457115
119900240,37.4944263836,126.9435828924
119900327,37.4951584458,126.9116914272
119900238,37.4933842425,126.9435729947
119900237,37.4933430025,126.9103818246
119900236,37.4962963830,126.9134228360
119900235,37.4960713855,126.9177800417
119900234,37.4947672843,126.9182419159
119900233,37.4881057301,126.9756632895
119900232,37.5028527874,126.9360217143
119900231,37.5087596306,126.9514070573
119900230,37.5123455625,126.9319173232
119900297,37.4998489184,126.9620217296
120000435,37.4866047302,126.9130382377
120000427,37.4867686820,126.9129713295
119900229,37.5074394200,126.9399010423
119900228,37.5079992556,126.9301467298
119900269,37.5090527881,126.9288799898
119900227,37.5121553851,126.9441708438
119900226,37.5123537030,126.9443313266
119900225,37.4988284774,126.9285171719
119900224,37.4977131036,126.9300251189
119900223,37.4965907359,126.9307149228
119900222,37.4952993071,126.9320110465
119900221,37.4945545203,126.9327547444
119900220,37.4943795030,126.9339921386
119900219,37.4936012213,126.9344802493
119900218,37.4929175466,126.9355630875
119900217,37.4937620000,126.9364140000
119900216,37.4949180583,126.9367296655
119900215,37.4953374290,126.9374010926
119900214,37.4961202394,126.9386456220
119900213,37.4964310253,126.9401630759
119900212,37.4957521106,126.9412493715
119900209,37.4840873970,126.9787425623
119900208,37.5125403512,126.9525311749
119900296,37.5007517363,126.9637881997
119900295,37.5015927889,126.9643336036
119900294,37.5034197881,126.9650367495
119900293,37.5042938575,126.9653558384
119900292,37.5058669213,126.9664605238
119900299,37.4954921867,126.9144839499
119900291,37.5054948614,126.9413118652
119900300,37.4935547507,126.9152513015
119900301,37.4942400994,126.9172420906
119900302,37.4944139686,126.9171796976
119900303,37.4938774194,126.9148815723
119900304,37.4955312850,126.9145761544
119900305,37.4939326631,126.9811660051
119900290,37.5094841427,126.9537175431
119900289,37.5091142107,126.9548036777
119900288,37.5080479239,126.9518056786
119900286,37.5092011475,126.9623026038
119900285,37.5074356533,126.9603641787
119900284,37.5025855614,126.9478369293
119900281,37.4913451421,126.9566011840
119900282,37.4995035166,126.9298933823
119900283,37.4966794533,126.9361665660
119900280,37.4848777910,126.9708754546
119900278,37.4992308508,126.9201906523
119000321,37.5157500000,126.9408090000
119900279,37.4979925451,126.9202294030
119900275,37.4877091329,126.9645405795
119900276,37.4866037163,126.9653451099
119900277,37.4850737353,126.9674932038
120000001,37.4839345974,126.9024471276
120000674,37.4839770128,126.9024669147
120000672,37.4714270000,126.9832170000
121001314,37.4748233089,126.9817223705
120000002,37.4764663412,126.9655544411
120000003,37.4779096847,126.9618756708
120000004,37.4798444396,126.9568690307
120000005,37.4816281486,126.9510141760
120000006,37.4820390166,126.9471913134
120000007,37.4824403435,126.9431518504
120000008,37.4844754738,126.9373129096
120000009,37.4841492836,126.9278542438
120000010,37.4834020208,126.9220447540
120000011,37.4827231582,126.9183765847
120000012,37.4822370031,126.9157229640
120000013,37.4813616660,126.9112396639
120000014,37.4807554146,126.9079578883
120000015,37.4802646679,126.9049986272
120000016,37.4819399662,126.9161388018
120000017,37.4828195546,126.9210108639
120000018,37.4838178040,126.9280626243
120000019,37.4845330000,126.9361250000
120000020,37.4820551447,126.9431153969
120000021,37.4814828857,126.9484610699
120000022,37.4803684653,126.9545837877
120000023,37.4792747849,126.9573911237
120000024,37.4778444821,126.9608874889
120000025,37.4756534429,126.9666239506
120000026,37.4759368363,126.9738846758
120000027,37.4763709610,126.9773008972
120000028,37.4667414611,126.9479522861
120000029,37.4668539107,126.9488427043
120000030,37.4731604796,126.9533001437
120000031,37.4779819797,126.9524977507
120000032,37.4828873794,126.9542258337
120000033,37.4849010896,126.9559128703
120000034,37.4877034434,126.9581660971
120000035,37.4884016450,126.9577325960
120000036,37.4848580279,126.9553357910
120000037,37.4831545464,126.9538387042
120000038,37.4793471271,126.9521875661
120000039,37.4752530000,126.9525720000
120000040,37.4730020000,126.9528450000
120000041,37.4703520000,126.9444120000
120000042,37.4710142867,126.9411248060
120000043,37.4710779706,126.9374233711
120000044,37.4732069690,126.9336862780
120000045,37.4761917072,126.9374950813
120000046,37.4786498144,126.9323856945
120000047,37.4819257882,126.9300715056
120000048,37.4858478867,126.9296319572
120000049,37.4904418111,126.9276205633
120000050,37.4900092446,126.9274852912
120000051,37.4864151799,126.9290604260
120000052,37.4827670980,126.9296377666
120000053,37.4779185578,126.9327230039
120000054,37.4755291616,126.9363417324
120000055,37.4727127526,126.9329597367
120000056,37.4705380000,126.9383810000
120000057,37.4705738160,126.9420276971
120000058,37.4677578665,126.9468707158
119000303,37.4910041432,126.9270746638
120000059,37.4755408508,126.9813590372
120000060,37.4723730000,126.9825300000
120000061,37.4655700000,126.9877840000
120000062,37.4782931407,126.9579938257
120000063,37.4700056074,126.9330211856
120000064,37.4681128919,126.9319828921
120000065,37.4656410000,126.9313330000
120000066,37.4624870000,126.9316900000
120000067,37.4588250000,126.9298650000
120000068,37.4599550000,126.9277250000
120000069,37.4613450000,126.9251090000
120000070,37.4586970000,126.9220150000
120000071,37.4590812203,126.9225758449
120000072,37.4611062672,126.9250910137
120000073,37.4597961436,126.9275003475
120000074,37.4586127523,126.9298863649
120000075,37.4624107186,126.9319560545
120000076,37.4651129483,126.9316212418
120000077,37.4677922169,126.9320992763
120000078,37.4706929498,126.9335914518
120000079,37.4785353890,126.9403975075
120000080,37.4795321814,126.9428290096
120000081,37.4792126295,126.9456223075
120000082,37.4790501710,126.9477587070
120000083,37.4787271125,126.9507973533
120000084,37.4792461009,126.9476681239
120000085,37.4793964639,126.9456413962
120000086,37.4797304539,126.9429334382
120000087,37.4786269166,126.9401212400
120000088,37.4862741791,126.9358192432
120000089,37.4861847891,126.9387053001
120000090,37.4860843360,126.9424344854
120000091,37.4867862492,126.9452560880
120000092,37.4867350000,126.9479320000
120000093,37.4862395065,126.9519972290
120000094,37.4858038301,126.9546624721
120000095,37.4859234164,126.9551938213
120000096,37.4864744102,126.9513016300
120000098,37.4869646301,126.9451745389
120000099,37.4863200172,126.9424483180
120000100,37.4862623399,126.9389872733
120000101,37.4864887267,126.9355505303
120000102,37.4809220000,126.9147970000
120000103,37.4771890136,126.9156014460
120000104,37.4754531432,126.9167650134
120000105,37.4738570300,126.9180370000
120000106,37.4722574159,126.9195218742
120000107,37.4705471261,126.9200007204
120000108,37.4666919669,126.9205407800
120000109,37.4652824875,126.9196773902
120000110,37.4653570000,126.9194950000
120000111,37.4673920000,126.9203480000
120000112,37.4706671120,126.9197417798
120000113,37.4725557947,126.9191422392
120000114,37.4739579362,126.9174336686
120000115,37.4753990000,126.9165740000
120000116,37.4769808612,126.9154305767
120000117,37.4803153010,126.9146624536
120000118,37.4812745555,126.9053998600
120000119,37.4815094057,126.9053800168
120000120,37.4834358832,126.9074141948
120000121,37.4831844220,126.9070563124
120000122,37.4865794735,126.9130032118
120000123,37.4866700184,126.9126962022
120000124,37.4891229048,126.9174897386
120000125,37.4894352690,126.9178010867
120000126,37.4896486343,126.9220386039
120000127,37.4897262326,126.9251647188
120000128,37.4901297758,126.9257070748
120000129,37.4892995107,126.9270622168
120000130,37.4880849860,126.9305421031
120000131,37.4879485740,126.9319168564
120000134,37.4907157496,126.9554672808
120000135,37.4905276500,126.9554143950
120000137,37.4905221270,126.9527938777
120000138,37.4901445270,126.9530108571
120000139,37.4916007820,126.9512768150
120000140,37.4915440732,126.9510801201
120000141,37.4924641868,126.9483401995
120000142,37.4922862923,126.9484647078
120000143,37.4929530000,126.9465320000
120000144,37.4930533731,126.9461601934
120000145,37.4919397992,126.9443687150
120000146,37.4838240234,126.9026875907
120000149,37.4868811315,126.9478365430
120000150,37.4801109505,126.9527297656
120000151,37.4841900104,126.9468251624
120000152,37.4891880904,126.9461216984
120000153,37.4893681933,126.9458637343
120000154,37.4843588270,126.9465536842
120000155,37.4850728694,126.9372434322
120000156,37.4832362109,126.9421196740
120000157,37.4876789537,126.9465909455
120000158,37.4874402599,126.9465203946
120000159,37.4848480554,126.9331569590
120000160,37.4844524654,126.9331482652
120000161,37.4945144044,126.9273975559
120000162,37.4835747238,126.9061605387
120000163,37.4603811430,126.9195226970
120000164,37.4609276261,126.9219633037
120000165,37.4609929949,126.9216300665
120000166,37.4610010000,126.9191670000
120000167,37.4657347092,126.9483888926
120000168,37.4627980000,126.9489920000
120000169,37.4602745925,126.9488328413
120000170,37.4571629782,126.9491669695
120000171,37.4549310083,126.9498437849
120000172,37.4534963067,126.9502261839
120000173,37.4487952024,126.9520772668
120000174,37.4512830000,126.9525950000
120000175,37.4540103657,126.9539020813
120000176,37.4560708573,126.9553487986
120000177,37.4607880575,126.9567262582
120000178,37.4641800000,126.9552630000
120000179,37.4661190000,126.9546320000
120000180,37.4661350000,126.9520530000
120000181,37.4658630000,126.9510120000
120000182,37.4657730000,126.9546720000
120000183,37.4637100000,126.9549270000
120000184,37.4605280000,126.9566600000
120000186,37.4551189492,126.9544665701
120000187,37.4537476916,126.9535516289
120000188,37.4535952522,126.9522141729
120000190,37.4553640041,126.9498964480
120000191,37.4571128404,126.9493877458
120000192,37.4599898135,126.9489559518
120000195,37.4614868493,126.9494503629
120000196,37.4632600000,126.9490750000
120000197,37.4653754725,126.9486357857
120000198,37.4892330000,126.9192470000
120000199,37.4883272437,126.9214262581
120000200,37.4867197461,126.9226406129
120000201,37.4847770708,126.9245166934
120000202,37.4849717829,126.9246318378
120000203,37.4864491785,126.9222366697
120000207,37.4716612193,126.9399508583
120000208,37.4722845735,126.9393706575
120000209,37.4733194431,126.9388609090
120000210,37.4742815521,126.9383561960
120000211,37.4748334585,126.9404392562
120000212,37.4751039806,126.9420665874
120000213,37.4750292676,126.9428077880
120000214,37.4749343135,126.9421136493
120000215,37.4746577628,126.9404789678
120000216,37.4749391205,126.9380334582
120000217,37.4705489387,126.9376643153
120000218,37.4690418042,126.9376455022
120000219,37.4673500000,126.9375700000
120000220,37.4657396064,126.9376595486
120000225,37.4657104128,126.9378291297
120000226,37.4671591135,126.9376868773
120000227,37.4689379452,126.9377735833
120000228,37.4807005941,126.9524440164
120000230,37.4913340000,126.9575610000
120000231,37.4919480000,126.9593840000
120000233,37.4641267565,126.9190213265
120000235,37.4639380000,126.9189630000
120000238,37.4480848677,126.9521425546
110000654,37.4472002497,126.9496963827
120000420,37.4855325313,126.9372877479
120000419,37.4887044852,126.9342323482
120000417,37.4911229426,126.9340425015
120000415,37.4925826472,126.9338080186
120000413,37.4928281646,126.9353672862
120000414,37.4925289803,126.9337389141
120000416,37.4911375856,126.9339322377
120000418,37.4887260569,126.9341339458
120000421,37.4841991011,126.9282759755
120000424,37.4855340000,126.9172820000
120000423,37.4850495896,126.9145919609
120000422,37.4864484117,126.9136841115
120900115,37.4830370000,126.9144620000
120900204,37.4827675299,126.9142384082
120000438,37.4863653637,126.9134840538
120000437,37.4844679227,126.9138803062
120000436,37.4845275146,126.9140379945
120000439,37.4804433853,126.9148713746
120000446,37.4876940621,126.9146115645
120000445,37.4823672056,126.9186188710
120000447,37.4646708176,126.9192632133
120000451,37.4840880000,126.9078200000
120000450,37.4902310566,126.9344142103
120000449,37.4902039601,126.9343000164
120000455,37.4849790000,126.9084000000
120000456,37.4827934095,126.9535723145
120000457,37.4815862804,126.9299073023
120000458,37.4627367836,126.9188888522
120000459,37.4866475818,126.9336112524
120000664,37.4651382749,126.9383464994
120000665,37.4692744185,126.9520815656
120000668,37.4700340000,126.9519370000
120000669,37.4775260000,126.9367800000
120000670,37.4676609636,126.9496319032
119000314,37.4833220413,126.9298971620
119000315,37.4921050000,126.9446360000
120000673,37.4910748741,126.9574134450
120900083,37.4720765376,126.9110629666
120900082,37.4634784081,126.9189072689
120900081,37.4855867055,126.9606640782
120900066,37.4760734942,126.9248318555
120900080,37.4752551368,126.9304689235
120900079,37.4693187251,126.9686576958
120900078,37.4910650000,126.9417440000
120900077,37.4835902775,126.9409009883
120900076,37.4714170168,126.9111256421
120900074,37.4860981959,126.9596641783
120900065,37.4757279844,126.9242273045
120900073,37.4762191632,126.9302023262
120900072,37.4701674287,126.9681361509
120900071,37.4907882284,126.9418503621
120900175,37.4831950485,126.9465737839
120900068,37.4726771928,126.9117541837
120900067,37.4864265271,126.9580220655
120900064,37.4753175115,126.9234984545
120900069,37.4770770731,126.9302987658
120900063,37.4710782857,126.9675399492
120900062,37.4903837611,126.9421119066
120900061,37.4847729966,126.9468248253
120900060,37.4929053524,126.9465804386
120900059,37.4732481844,126.9125494627
120900058,37.4749187609,126.9227888212
120900057,37.4776960894,126.9303876606
120900056,37.4719720293,126.9669821806
120900055,37.4898025437,126.9421010465
120900054,37.4870735721,126.9469475848
120900053,37.4922931588,126.9438938598
120900052,37.4742988740,126.9137749689
120900051,37.4804430000,126.9148730000
120900050,37.4824664116,126.9538359816
120900049,37.4745263191,126.9220871034
120900048,37.4785696861,126.9307709276
120900047,37.4737417629,126.9668389441
120900046,37.4890752374,126.9418663911
120900045,37.4881663803,126.9464345431
120900044,37.4793400000,126.9633670000
120900043,37.4755708036,126.9131844409
120900042,37.4617159167,126.9273354547
120900041,37.4835760192,126.9547331280
120900040,37.4741455935,126.9213944256
120900039,37.4790806784,126.9298664772
120900038,37.4750663629,126.9667445158
120900037,37.4886722866,126.9415478054
120900035,37.4899711367,126.9460928644
120900034,37.4777900122,126.9624207194
120900033,37.4771733447,126.9136959114
120900032,37.4635774095,126.9263183097
120900031,37.4742691695,126.9202354038
120900030,37.4794709098,126.9281244578
120900029,37.4754283300,126.9657720013
120900028,37.4880274638,126.9404796696
120900027,37.4623361202,126.9573923129
120900026,37.4898610000,126.9472850000
120900025,37.4796244089,126.9564304426
120900024,37.4776805895,126.9160901041
120900023,37.4644446975,126.9264976658
120900022,37.4862759617,126.9577948573
120900021,37.4741762919,126.9188188290
120900020,37.4813012413,126.9284313945
120900189,37.4761438371,126.9643767910
120900019,37.4865995241,126.9393194579
120900196,37.4637506192,126.9580724931
120900018,37.4909558362,126.9476358057
120900017,37.4778756928,126.9626592502
120900016,37.4779795626,126.9183861861
120900015,37.4660286495,126.9271071730
120900014,37.4860917446,126.9592457839
120900013,37.4759471140,126.9177303570
120900012,37.4825250000,126.9283990000
120900011,37.4769842505,126.9621920550
120900010,37.4864003668,126.9358819578
120900009,37.4654239013,126.9578693178
120900008,37.4917149515,126.9470590155
120900007,37.4791296644,126.9634796509
120900194,37.4897535048,126.9220551526
120900006,37.4790908751,126.9270325662
120900197,37.4668169248,126.9300505356
120900005,37.4852903366,126.9612178671
120900199,37.4778966436,126.9160754865
120900200,37.4778081338,126.9599795717
120900004,37.4870744065,126.9326664612
120900003,37.4669767456,126.9577737723
120900002,37.4904278745,126.9244827354
120900001,37.4676943096,126.9310841510
120900084,37.4804996928,126.9148759246
120900085,37.4787543427,126.9575345056
120900086,37.4851431932,126.9341383461
120900207,37.4779810811,126.9168167167
120000241,37.4837092050,126.9273005902
120900087,37.4692039821,126.9316310820
120900088,37.4823011931,126.9144634448
120900089,37.4854883196,126.9296506944
120900090,37.4680207480,126.9612871638
120900091,37.4718550422,126.9332126245
120900092,37.4813200328,126.9282142759
120900093,37.4763210574,126.9648557613
120900094,37.4887310522,126.9287658216
120900095,37.4687224889,126.9579991818
120900205,37.4868362979,126.9342753266
120900206,37.4869017998,126.9341378486
120900096,37.4945772872,126.9273819286
120900195,37.4835391709,126.9082699572
120900097,37.4794735167,126.9279661565
120900098,37.4748483171,126.9668226263
120900181,37.4722000954,126.9587714960
120900099,37.4841960000,126.9109710000
120900100,37.4788823374,126.9299348441
120900101,37.4736845489,126.9666847747
120900179,37.4861888116,126.9386238431
120000430,37.4787451506,126.9595878517
120900102,37.4748729470,126.9591501194
120900103,37.4786931419,126.9310069620
120900104,37.4835748049,126.9123577828
120900105,37.4719152228,126.9668510570
120900106,37.4865355980,126.9394212827
120900182,37.4765877555,126.9591593620
120900107,37.4825153663,126.9140640456
120900108,37.4711205873,126.9673567770
120900109,37.4879473031,126.9405543681
120900110,37.4775168997,126.9594607468
120900201,37.4810130771,126.9145993820
120900111,37.4748531074,126.9349782707
120900112,37.4704430749,126.9677946019
120900113,37.4885912136,126.9416010182
120900114,37.4792256381,126.9262096749
120900116,37.4748734803,126.9333136025
120900117,37.4699868514,126.9668428641
120900118,37.4890410488,126.9419749791
120900119,37.4770791769,126.9619751956
120000431,37.4677295812,126.9583174158
120900120,37.4791096883,126.9245139173
120900121,37.4764738791,126.9171836708
120900122,37.4750977377,126.9325313553
120900123,37.4696315700,126.9659804060
120900124,37.4895637750,126.9421498576
120900183,37.4775942987,126.9591814277
120000440,37.4837225722,126.9029063887
120000441,37.4843694138,126.9058131587
120900125,37.4783629038,126.9192914361
120000444,37.4641111686,126.9192841509
120900126,37.4742473112,126.9185745369
120000454,37.4835908978,126.9414273800
120900127,37.4693042320,126.9651699485
120900186,37.4901513787,126.9423212961
120900184,37.4765250104,126.9589641387
120900128,37.4716882063,126.9329810024
120900129,37.4741556134,126.9202106507
120900180,37.4682591544,126.9616844863
120000390,37.4897440967,126.9249187647
120000391,37.4900916551,126.9259813186
120000392,37.4844981452,126.9329881668
120000393,37.4845810000,126.9307560000
120000394,37.4819948162,126.9441414845
120000395,37.4827120941,126.9415037433
120000396,37.4815931763,126.9514280486
120900130,37.4910691188,126.9418590704
120900131,37.4744250546,126.9590657284
120000676,37.4750015212,126.9814839831
120000677,37.4748085963,126.9815172875
120000412,37.4833341181,126.9417119782
120900132,37.4918380000,126.9468720000
120900133,37.4771669403,126.9135636303
120900134,37.4691600126,126.9314562928
120900135,37.4740843566,126.9214521515
120900188,37.4691834753,126.9651417407
120900136,37.4724830000,126.9585980000
120900137,37.4910852873,126.9475270007
120900202,37.4756040638,126.9130747297
120900138,37.4679073930,126.9310872264
120900139,37.4744767955,126.9221436863
120900190,37.4695162280,126.9659793277
120900140,37.4695643624,126.9579844634
120900141,37.4900204503,126.9479869626
120900142,37.4743494227,126.9136488581
120900198,37.4669079232,126.9300278405
120900143,37.4748593293,126.9228521980
120900191,37.4698796222,126.9668519560
120900185,37.4684563846,126.9583384812
120900187,37.4872239236,126.9466523339
120900144,37.4733130222,126.9124928566
120900145,37.4655416947,126.9268060717
120900146,37.4752553681,126.9235493967
120900147,37.4694700428,126.9684009967
120900148,37.4847359856,126.9466789803
120900149,37.4727366024,126.9116693186
120900150,37.4642155732,126.9258566348
120900151,37.4756424004,126.9242601797
120900152,37.4689672354,126.9686942163
120900153,37.4682578356,126.9578128060
120900176,37.4832139179,126.9464550405
120900154,37.4715124546,126.9110760714
120900155,37.4632446739,126.9266500465
120900156,37.4759816008,126.9248624752
120900157,37.4663611632,126.9576895289
120900177,37.4832131411,126.9435328569
120900173,37.4720991366,126.9111579098
120900158,37.4618249334,126.9273070883
120900159,37.4651042841,126.9577778409
120900178,37.4835860833,126.9415256749
120900160,37.4612183906,126.9257024646
120900161,37.4631418278,126.9577174280
120900162,37.4619727520,126.9567820806
120900163,37.4604637077,126.9567660056
120900164,37.4493380000,126.9496950000
120900165,37.4471691607,126.9497986982
120900166,37.4926779210,126.9258907075
120900169,37.4923224192,126.9437182326
120900174,37.4930089788,126.9463609225
120900170,37.4836879715,126.9269360965
120900171,37.4819928275,126.9291589334
120900172,37.4587949022,126.9553279623
120900192,37.4840250000,126.9288600000
120000678,37.4615910000,126.9502200000
120900203,37.4778363867,126.9344657489
120000443,37.4653036588,126.9197650564
121000001,37.4785900000,127.0384820000
121000002,37.4776570000,127.0387480000
121000003,37.4826100000,127.0359020000
121000004,37.4819270000,127.0368270000
121000005,37.4876670000,127.0324320000
121000006,37.4866530000,127.0330970000
121000007,37.4918950000,127.0304050000
121000008,37.4910870000,127.0309870000
121000009,37.4958485587,127.0285365859
121000010,37.4949930000,127.0291120000
121000011,37.5017958420,127.0257426414
121000012,37.5007850000,127.0263700000
121000013,37.5072264964,127.0230319441
121000014,37.5063670000,127.0237280000
121000015,37.5141125248,127.0200569534
121000016,37.5129720000,127.0206070000
121000017,37.5084114275,127.0118927078
121000018,37.5079992900,127.0111518264
121000019,37.5062900480,127.0051290446
121000020,37.5058463491,127.0039245159
121000021,37.5034181272,126.9957193627
121000022,37.5030509257,126.9946930536
121000023,37.5019451598,126.9900264523
121000024,37.5017350708,126.9890696352
121900303,37.4788364163,127.0090806179
120000671,37.4656951829,126.9880882012
121000533,37.4823316953,126.9820742447
121001315,37.4742354600,126.9821181910
121000532,37.4875478991,126.9823185463
121000531,37.4904372318,126.9827417832
121000530,37.4933031442,126.9827186219
121001333,37.4611251895,127.0508102806
121001332,37.4615627473,127.0494739769
121001335,37.4577585114,127.0586887384
121001334,37.4575715332,127.0587253256
121001337,37.4557491207,127.0633098065
121001336,37.4557109244,127.0631289377
121001339,37.4571774154,127.0709091220
121001338,37.4568017217,127.0701062932
121001341,37.4721480000,127.0387690000
121001342,37.4728540000,127.0385480000
121001343,37.4692860000,127.0395340000
121001344,37.4703640000,127.0387500000
121900317,37.4517781902,127.0583817453
121900331,37.4585103498,127.0421755314
121900299,37.4541558204,127.0426979933
121900302,37.4601257610,127.0367769870
121900301,37.4602008530,127.0370766521
121900300,37.4542683928,127.0428811700
121000025,37.4917820873,127.0141904192
121000026,37.4873287224,127.0150603111
121000027,37.4940242125,127.0153817900
121000028,37.4954569360,127.0202160430
121000029,37.4904680158,127.0212301612
121000030,37.4902998844,127.0212807141
121000031,37.4889343385,127.0162095750
121000032,37.4887980000,127.0163730000
121000033,37.4833491071,127.0174997004
121000034,37.4831074135,127.0222227596
121000035,37.4826524930,127.0217449318
121000036,37.4865068533,127.0213146638
121000037,37.4861410460,127.0210850063
121000038,37.4966572734,127.0240035889
121000039,37.4950773860,127.0252199753
121000986,37.4554880000,127.0630370000
121000041,37.4925355869,127.0264688183
121000042,37.4931191063,127.0259403788
121000043,37.4926733807,127.0285677747
121000044,37.4926228702,127.0288802480
121000045,37.4917496945,127.0253914808
121000046,37.4915942391,127.0255384282
121000047,37.4902175540,127.0275566247
121900330,37.4583208005,127.0389123105
121000049,37.4890232180,127.0293961714
121000050,37.4888154264,127.0298927879
121000051,37.4880013621,127.0260375466
121000052,37.4876295809,127.0260531533
121000053,37.4842745610,127.0307482750
121000054,37.4838578864,127.0305869863
121000055,37.4935170000,127.0293850000
121000056,37.4880209971,127.0320161779
121000057,37.4963832763,127.0129974680
121000058,37.4935537463,127.0127808558
121000059,37.4930992018,127.0073275332
121000060,37.4920156317,127.0089105135
121000061,37.4947680000,127.0065430000
121000062,37.4943830000,127.0061150000
121000063,37.4858593343,127.0108432502
121000064,37.4889206373,127.0093426497
121000065,37.4854801487,127.0105005709
121000066,37.4885115912,127.0089653123
121000067,37.4831290593,127.0116355253
121000068,37.4832218285,127.0120799291
121000069,37.4816857308,127.0128860369
121000070,37.4836051072,127.0085384266
121000071,37.4833879213,127.0088052622
121000072,37.4829303821,127.0050002096
121000073,37.4827474318,127.0055791438
121000074,37.4819049356,127.0047242402
121000075,37.4794328531,127.0112295473
121000076,37.4796986297,127.0108027917
121000077,37.4819578926,127.0168661600
121000078,37.4817361133,127.0176022215
121000080,37.4847318427,127.0142184860
121000081,37.4847528138,127.0156031956
121000082,37.4873846428,127.0146475713
121000083,37.4880507136,127.0133427182
121000084,37.4878368141,127.0131388831
121000085,37.4911760000,127.0139520000
121000086,37.5030340451,127.0202806592
121000087,37.5013680000,127.0219520000
121000088,37.5014758287,127.0221683272
121000089,37.4977233390,127.0237030894
121000090,37.4980762637,127.0238285804
121000091,37.4977839964,127.0266040758
121000092,37.4965791206,127.0227753379
121000093,37.4957579984,127.0197669475
121000094,37.4944725735,127.0158386954
121000095,37.4962850117,127.0132446587
121000096,37.5026203992,127.0251067731
121000097,37.5001000000,127.0263070000
121000098,37.5165006388,127.0100874797
121000099,37.5196270000,127.0139050000
121000100,37.5201580118,127.0141965647
121000101,37.5196720000,127.0154850000
121000102,37.5200770000,127.0153930000
121000103,37.5166870000,127.0143800000
121000104,37.5176760000,127.0145700000
121000105,37.5156330000,127.0132530000
121000106,37.5154999599,127.0130193070
121000107,37.5106629516,127.0193580416
121000109,37.5150810000,127.0195650000
121000110,37.5169785253,127.0189942083
121000114,37.5102908187,127.0192130073
121000115,37.5091091024,127.0219545344
121000116,37.5059620000,127.0234980000
121000117,37.5042270000,127.0230230000
121000118,37.5033871860,127.0202524387
121000119,37.5049175628,127.0138854889
121000120,37.5038158427,127.0158022515
121000121,37.4996628214,127.0124491630
121000123,37.5027974539,127.0116012521
121001326,37.5028527245,126.9951595801
121000127,37.4983902105,126.9905148116
121000128,37.5167954603,127.0098410017
121000129,37.5136830000,127.0066450000
121000130,37.5134704636,127.0069649098
121000131,37.5092010000,127.0077990000
121000132,37.5094758176,127.0080006792
121001346,37.5110970000,127.0067580000
121000135,37.5061556046,127.0094829161
121000136,37.4992622494,127.0039326529
121000137,37.5035554381,127.0063361465
121000138,37.5006745712,127.0040910539
121000139,37.5027590000,127.0054820000
121000141,37.4979605693,126.9910968933
121000142,37.5017017153,127.0115829859
121000144,37.5053517067,127.0030788422
121000145,37.4966340000,126.9878060000
121000146,37.4933287858,126.9902779847
121000147,37.4965316814,126.9882533589
121000148,37.4933918770,126.9898749163
121000149,37.4969770000,126.9834120000
121900003,37.4972742389,126.9852046016
121000152,37.4823078119,127.0016995144
121000153,37.4835892379,126.9964723757
121000154,37.4867753694,126.9943843705
121000155,37.4866230686,126.9940948938
121000156,37.4834494617,126.9961463518
121000157,37.4813502380,126.9967155632
121000158,37.4767111473,126.9861651981
121000159,37.4786416232,126.9890955981
121000160,37.4802035565,126.9933660869
121000161,37.4809100052,126.9930505516
121000162,37.4842550000,126.9908950000
121000165,37.4790017977,126.9820916177
121000166,37.4750794918,126.9820179252
121000168,37.4772016189,127.0006312978
121000169,37.4772529436,127.0002798120
121000170,37.4800397349,126.9987550840
121000171,37.4798144548,126.9984452730
121000172,37.4822690000,127.0026890000
121000173,37.4810371386,126.9967608013
121000174,37.4801667639,126.9940942526
121000175,37.4780946163,126.9887157676
121000176,37.4763264038,126.9864140138
121000177,37.4775028061,127.0063000295
121000178,37.4748187293,127.0008920712
121000179,37.4737471951,126.9946329510
121900001,37.4746741807,126.9905863490
121000181,37.4756416406,126.9871072248
121000182,37.4753865896,126.9867646835
121000183,37.4742876115,126.9906564963
121000184,37.4733920819,126.9971426734
121000185,37.4747736656,127.0016642941
121000186,37.4772752708,127.0068455026
121000187,37.4902465128,126.9871369068
121000188,37.4867535988,126.9893092646
121900008,37.4804147333,127.0133439181
121000192,37.4905049074,126.9920624118
121000193,37.4906184149,126.9916055270
121000194,37.4847691250,127.0374188123
121000195,37.4833239776,127.0421051056
121000196,37.4801407005,127.0411738713
121000197,37.4761397871,127.0356382501
121000198,37.4763036239,127.0360924585
121000199,37.4745861729,127.0318295981
121000200,37.4746647587,127.0327538269
121000201,37.4723552457,127.0281898414
121000202,37.4720372808,127.0280952447
121000203,37.4707123000,127.0256888887
121000204,37.4707830522,127.0261417924
121000205,37.4670266951,127.0276019229
121000206,37.4669159933,127.0278540505
121000207,37.4653477001,127.0261568554
121000208,37.4653569682,127.0249643139
121000209,37.4590299690,127.0179066267
121000210,37.4585028300,127.0178420688
121000211,37.4575011395,127.0127195120
121000212,37.4572390563,127.0142946658
121000213,37.4836855552,127.0347109627
121000214,37.4834352902,127.0355022994
121000215,37.4790880000,127.0382050000
121000216,37.4795644870,127.0385954530
121000217,37.4695857229,127.0394643327
121000218,37.4731350000,127.0383530000
121000219,37.4732795382,127.0389281035
121000220,37.4708670000,127.0383600000
121000221,37.4712550000,127.0390430000
121000222,37.4687070000,127.0396550000
121000223,37.4603469913,127.0351946776
121000224,37.4600226101,127.0352510403
121000225,37.4638411943,127.0444478156
121000226,37.4648670188,127.0442708153
121000227,37.4703510000,127.0490750000
121000228,37.4740220000,127.0481320000
121000229,37.4721030000,127.0502370000
121000230,37.4766473684,127.0453961106
121000231,37.4720326359,127.0458263366
121000232,37.4694948049,127.0412468009
121000233,37.4700464462,127.0418942836
121000234,37.4606337119,127.0463678573
121000235,37.4604305782,127.0465822876
121000236,37.4573020000,127.0475780000
121000237,37.4572270000,127.0481310000
121000238,37.4542914263,127.0507075609
121000239,37.4544761173,127.0507924603
121000240,37.4532630544,127.0511849880
121000241,37.4534550903,127.0513419343
121000242,37.4444526002,127.0577012426
121000243,37.4448950615,127.0576688071
121000244,37.4373210738,127.0632387636
121000245,37.4371542291,127.0637037462
121000246,37.4345128931,127.0661788352
121000247,37.4347964213,127.0660515509
121000248,37.4309469125,127.0704380789
121000249,37.4615900526,127.0488127592
121000250,37.4620019700,127.0491561488
121000251,37.4583767151,127.0566180036
121000252,37.4594722710,127.0548668871
121000254,37.4562835966,127.0623888747
121000255,37.4566462350,127.0702106955
121000256,37.4575866482,127.0718263325
121000257,37.4597440000,127.0795440000
121000258,37.4611155017,127.0826829531
121000259,37.4614213099,127.0847576347
121000260,37.4636950000,127.0914430000
121000261,37.4633434186,127.0895910466
121900004,37.4983505745,126.9925519940
121000262,37.4975009943,127.0268505284
121000263,37.4747183321,126.9905512938
121001330,37.4305199435,127.0708456635
121900006,37.4881286966,126.9946948569
121900007,37.4937995917,127.0147370359
121000985,37.4577874974,127.0168336010
121000271,37.4969583114,127.0277969551
121900009,37.4761745327,126.9827009681
121900010,37.4950765232,126.9858168740
121900255,37.4908097066,126.9834174392
121000289,37.4684750000,127.0472110000
121000290,37.4851590000,127.0177230000
121900333,37.4683281101,127.0471332159
121000294,37.4636885353,127.0214455478
121000297,37.4854351267,127.0177580083
121000299,37.4662950000,127.0443450000
121000300,37.4911256302,127.0077359676
121900011,37.4983811835,126.9903056015
121000302,37.5078106042,126.9994684234
121000303,37.5069439929,127.0003902363
121900013,37.4620911714,127.0367880249
121000304,37.4854893630,126.9842072627
121000305,37.4857360000,126.9869880000
121000306,37.4864946348,126.9901827615
121000307,37.4814459842,126.9984233379
121900014,37.4867762516,126.9939998932
121000308,37.4859520772,126.9949486673
121000309,37.4875332320,126.9927493333
121000310,37.4863886439,126.9888061591
121000311,37.4858655917,126.9846453233
121000312,37.4814448790,126.9984199634
121000313,37.4823233410,126.9972384369
121000314,37.5057628053,126.9802792405
121000315,37.5058583711,126.9808128467
121900015,37.4949659925,127.0184931133
121000962,37.4484508233,127.0544463432
121000961,37.4494760752,127.0536842450
121000981,37.4475718103,127.0555729873
121000939,37.5126669883,126.9972655964
121000938,37.5122480317,126.9977548042
121000944,37.5010587850,127.0257863714
121000945,37.5012831839,127.0256744762
121000947,37.5015319154,127.0255490162
121000946,37.5017311633,127.0255227411
121000943,37.5019951314,127.0253195719
121000942,37.5021717639,127.0252427203
121000940,37.5027683529,127.0249635502
121001327,37.4879838668,126.9953442808
121900016,37.4730822004,127.0389144339
121900017,37.4741688000,126.9924723000
121900018,37.4936654408,126.9862027844
121900226,37.4846839172,127.0155437556
121900019,37.4980323894,126.9880579276
121900020,37.4633816966,127.0896108732
121900021,37.4635271111,127.0352320779
121900022,37.4852218926,126.9950041608
121000956,37.4633118929,127.0238954595
121001328,37.4916688995,127.0065302002
121900273,37.4794700000,127.0386770000
121900266,37.4746336482,126.9908068274
121900025,37.4921140295,126.9889556704
121900026,37.4850828150,127.0176222301
121900027,37.4979488983,126.9916917922
121900288,37.4615030000,127.0836200000
121900028,37.4653349981,127.0343341849
121900259,37.4834901203,126.9962575574
121900029,37.4922064267,127.0208164268
121900030,37.4835340000,127.0424160000
121900031,37.4838200000,127.0350910000
121900267,37.4762777410,126.9863880175
121900032,37.4857550000,126.9869850000
121900033,37.4930288433,126.9912671152
121900223,37.4861131293,127.0209866183
121900034,37.4980301028,126.9933543313
121900286,37.4555434660,127.0807710572
121900284,37.4683015080,127.0341150869
121900035,37.4814094121,126.9984655932
121900036,37.4904459771,127.0208116389
121900037,37.5009627535,127.0121585657
121900038,37.4860540000,126.9890740000
121900039,37.4922655561,126.9905852724
121900040,37.4952967316,126.9889993086
121900041,37.4936363379,126.9936238794
121900224,37.4868903084,127.0235051656
121900042,37.4987042254,126.9954070281
121900287,37.4586102133,127.0816843202
121900043,37.4699888265,127.0325353274
121900044,37.4771120126,126.9826432124
121900046,37.5026207465,127.0124970198
121900047,37.4867142254,127.0291942381
121900048,37.4853120000,126.9902430000
121900050,37.4976529669,126.9874958912
121900051,37.4939491206,126.9958664743
121900052,37.4877448571,127.0263472092
121900053,37.5026950589,126.9954197057
121000984,37.4717085715,127.0309238538
121900054,37.4821455353,127.0046089193
121900058,37.4791373946,126.9910358078
121900260,37.4841900000,126.9909320000
121900059,37.4893578225,126.9923780416
121900060,37.4953873390,126.9981113214
121900062,37.5045840073,127.0003970105
121900063,37.4746627796,127.0328539307
121900064,37.4800296953,127.0056275624
121900066,37.5020978707,127.0145622236
121900067,37.5017030173,127.0158854643
121900069,37.4880629230,127.0321660498
121900070,37.4668240829,127.0277462709
121900071,37.4799386393,126.9935074494
121900072,37.4831560000,126.9916010000
121900073,37.4966719096,126.9983320021
121900310,37.4554282126,127.0593384984
121900074,37.5054364064,127.0032236261
121900311,37.4553262810,127.0595497917
121900075,37.4762932882,127.0360835343
121900076,37.4782806055,127.0064743162
121900078,37.5012857723,127.0161409896
121900079,37.5025241354,127.0142060247
121900308,37.4543079703,127.0614219350
121900080,37.4917135401,127.0253409803
121900274,37.4692693783,127.0268099021
121900269,37.4809786482,126.9967265422
121900082,37.4818561289,126.9924466481
121900250,37.4978969161,126.9984381123
121900312,37.4545735009,127.0616322756
121900251,37.5065337938,127.0068477606
121900309,37.4544989777,127.0643010736
121900086,37.5009216068,127.0169971000
121900313,37.4547100295,127.0636983185
121001345,37.4589240000,127.0387480000
121900324,37.4691694309,127.0375190241
121900270,37.4801576456,126.9942333499
121900087,37.4991809877,126.9984335615
121900088,37.4977272396,127.0265475067
121000979,37.5062258928,127.0094604316
121900089,37.4758189221,127.0030267509
121900090,37.4758333144,126.9887116384
121900091,37.4822080000,126.9878080000
121900092,37.5005700292,127.0179934519
121000976,37.5056333558,127.0101482277
121900093,37.4895945167,127.0184669100
121900094,37.4729579873,127.0383858588
121900252,37.4999036726,126.9984708699
121900095,37.5005416631,127.0000689924
121900096,37.5018431861,127.0116067597
121900321,37.4525340361,127.0557998691
121900097,37.4765668747,127.0010130728
121900098,37.4833370000,126.9871070000
121900099,37.5002851660,127.0187319391
121900100,37.5093091088,127.0080753177
121900101,37.4889577449,127.0163712913
121900298,37.4773511613,127.0376175038
121900102,37.4997374512,127.0229572589
121900103,37.5003518259,127.0120274955
121900104,37.4719570000,127.0458100000
121900105,37.4784490339,126.9998162822
121900106,37.4845840000,126.9863340000
121900107,37.4974383029,127.0204175134
121900108,37.5118733237,127.0095535400
121900109,37.4879588324,127.0130611243
121900110,37.4799007004,126.9921362400
121900111,37.4995235403,127.0039609388
121900112,37.4980458485,127.0124973884
121900113,37.4809786782,126.9980947232
121900114,37.5128516004,127.0115251789
121900265,37.4786803776,126.9891702182
121900117,37.4979220747,127.0044198835
121900245,37.5041168276,127.0207027838
121900322,37.4522824107,127.0558843017
121900118,37.4822348038,126.9973009069
121900119,37.4745355740,126.9929346869
121900120,37.4855775952,126.9828785969
121900121,37.5153413780,127.0195854760
121900122,37.4955095778,127.0178666711
121900123,37.4912987658,127.0081468857
121900296,37.4781705270,127.0087096724
121900295,37.4781116779,126.9881108486
121900294,37.5019661186,127.0216821231
121900292,37.4813090000,127.0422060000
121900290,37.4771882391,127.0370543480
121900261,37.4858436536,126.9949735878
121900246,37.5102896713,127.0214930177
121900319,37.4489572460,127.0553027816
121900281,37.4805832330,127.0135449202
121900263,37.4774465285,126.9868536435
121900241,37.5114970568,127.0068991175
121900221,37.4916070459,127.0064912987
121900220,37.5004310000,127.0224350000
121900320,37.4491308269,127.0550119009
121900262,37.4868492575,126.9943312166
121000937,37.4948298181,127.0288627840
121000957,37.4721870000,127.0302100000
121000958,37.4704352425,127.0300162908
121000959,37.4623284779,127.0221930408
121000983,37.4576416633,127.0146667957
121000982,37.4600431105,127.0256209436
121001329,37.4910022065,127.0054983231
121900318,37.4517646373,127.0584580212
121900327,37.4563449238,127.0151305788
121900316,37.4538040000,127.0595880000
121900328,37.4564627414,127.0195785878
121900329,37.4579545688,127.0229572647
121900218,37.5060535500,127.0235528150
121000541,37.4964688083,127.0280084862
121000974,37.4956209364,127.0283766361
121000973,37.4946974423,127.0288669116
121900307,37.4595010532,127.0240810088
121900306,37.4579865593,127.0227161524
121900305,37.4561419958,127.0173599771
121000960,37.4642970776,127.0246982574
121900217,37.4940798561,127.0145663212
121000975,37.4940321203,127.0143808403
121900216,37.4956827639,127.0059940336
121900291,37.4834141055,127.0420565333
121900215,37.4818370058,127.0178114323
121000472,37.4969374974,126.9833037257
121000473,37.4788660436,126.9820773340
121000475,37.4766214216,126.9861169217
121000476,37.4767398875,127.0009712406
121000479,37.4757117127,126.9852744312
121001309,37.4658469816,127.0233096227
121900214,37.4770820069,126.9831179759
121001308,37.4706310900,127.0304939858
121001313,37.4604668951,127.0241545233
121900304,37.4564279225,127.0153740036
121000977,37.5060680574,127.0039283325
121001318,37.4880244110,126.9953160104
121000511,37.4801666043,126.9932439729
121900213,37.5121623419,127.0052284159
121000516,37.4811876954,126.9964065362
121000517,37.4827140991,127.0054038744
121000518,37.4830035294,127.0049917756
121000520,37.4851556879,127.0111869156
121000521,37.4878950000,127.0145090000
121000524,37.4847444476,127.0143055588
122000631,37.5177929823,127.0186555368
121000924,37.5018296070,127.0116569971
121000930,37.4963310070,127.0128918075
121000929,37.4940833120,127.0157243897
121000928,37.4954313463,127.0199873728
121000927,37.4957073930,127.0197746625
121000926,37.4971397190,127.0130952786
121000925,37.5014574649,127.0120987010
121900212,37.4891146384,127.0044805259
121900277,37.4745387859,127.0318141580
121900211,37.4877923700,126.9945810620
121900335,37.4883307454,126.9951096348
121900210,37.5032766200,127.0248806477
121900243,37.5130042435,127.0114648241
121900293,37.4765950873,127.0454401748
121900225,37.4826059016,127.0216889654
121900209,37.5086507521,127.0030848753
121900208,37.4862032326,127.0040324571
121900207,37.4954027722,127.0248050278
121900206,37.4717050380,127.0306513806
121900205,37.4884884833,126.9969385684
121900204,37.4765962586,126.9827574040
121900203,37.4998269766,127.0264996641
121001325,37.4766633346,126.9829132259
121900244,37.5119708712,127.0092995579
121900202,37.4837943042,127.0305443725
121900201,37.5058391969,127.0032971651
121900200,37.4830538656,127.0041758943
121900199,37.4701430308,127.0321148241
121900198,37.4970515618,127.0278698411
121900332,37.5005101566,126.9965026797
121900253,37.4994762451,126.9962737230
121900197,37.4720380000,127.0457550000
121900196,37.4840614372,127.0324034746
121900195,37.5046903379,126.9998269439
121900228,37.4823285360,127.0017933670
121900239,37.4965521036,127.0226916384
121900194,37.4677292302,127.0343725873
121900193,37.4892746444,126.9986374649
121900192,37.4937061909,127.0294488928
121900191,37.4913844544,127.0068260214
121900190,37.4704687607,127.0422086895
121900189,37.5038531775,126.9970535549
121900188,37.4807240664,126.9980581848
121900187,37.4897827638,127.0275420519
121900240,37.4956521854,127.0194333246
121900186,37.4659938367,127.0341879129
121900178,37.4888150950,126.9968000410
121900139,37.4910005915,127.0307255899
121900125,37.4910843274,127.0077861115
121900124,37.4724090919,127.0415088094
121900127,37.4788854220,126.9991553697
121900128,37.4880036150,127.0260375470
121900129,37.4992095778,127.0264405862
121900130,37.4892316317,127.0303045840
121900131,37.4736370000,127.0432640000
121900230,37.4819795068,127.0169521013
121900271,37.4771921250,127.0004098253
121900132,37.4872479803,127.0238377395
121900133,37.4623679984,127.0361833710
121900134,37.4861722268,127.0101625566
121900231,37.4811103218,127.0140414058
121900135,37.4941718680,127.0137373697
121900232,37.4797710000,127.0108260000
121900136,37.4740399700,126.9929415000
121900137,37.4854513228,127.0179151927
121000970,37.4826638191,127.0355508885
121900138,37.4779435387,127.0073810943
121000920,37.4924820000,127.0299340000
121900140,37.4974274120,126.9873076156
121900141,37.4738661248,126.9924125075
121900233,37.4847552499,127.0143960237
121000969,37.4825610693,127.0356299924
121900222,37.4903557536,127.0196816512
121900323,37.4692956181,127.0373749569
121900234,37.4782799010,127.0067664544
121900142,37.4957364100,126.9883726975
121900143,37.4916789581,127.0165818930
121900235,37.4800107592,127.0058932787
121000971,37.4828368944,127.0353406498
121900144,37.4782102141,127.0394643451
121900145,37.4893768961,127.0047484587
121900236,37.4818562644,127.0050035302
121900146,37.4922933558,126.9890268906
121900147,37.4797190114,127.0410922289
121900326,37.4544244544,127.0529606938
121900325,37.4545394332,127.0530384779
121900148,37.4891551044,126.9928643282
121900149,37.4916137524,126.9873182177
121900150,37.4812980000,127.0425460000
121900151,37.4903940750,126.9921144436
121900152,37.4893925216,126.9872326483
121900153,37.5072825331,127.0080547391
121900154,37.4915969962,126.9913600147
121900237,37.4877164521,127.0129084201
121900278,37.4723103108,127.0281179589
121900258,37.4872077842,126.9824232165
121900155,37.4822972976,127.0120492501
121900315,37.4538837398,127.0595220597
121900156,37.4887252807,127.0162208382
121900157,37.4936339225,126.9863780826
121900158,37.4896367481,127.0192223339
121900279,37.4691973046,127.0267443044
121900159,37.4953901154,126.9858858024
121900280,37.4669560736,127.0275611985
121900160,37.4973301255,126.9853504863
121900161,37.4992172530,126.9983460816
121900254,37.4979248474,126.9982345347
121900162,37.4866818374,127.0289838941
121900163,37.4589669003,127.0178478310
121900164,37.4962866403,126.9981271322
121900165,37.4949403792,126.9974474717
121900166,37.4940689638,126.9957646844
121900334,37.4889221759,127.0046620261
121900167,37.4937462678,126.9935356582
121900168,37.4931243510,126.9911415729
121900169,37.4720524503,127.0502298295
121900170,37.4874536668,126.9850209583
121900171,37.4914704762,126.9873114566
121001302,37.5002173346,126.9966723282
121900172,37.4774762857,126.9873538613
121900173,37.4841889736,127.0306010720
121900264,37.4812111266,126.9964879477
121900174,37.4961373550,127.0196986198
121900238,37.4945136356,127.0062446594
121900175,37.4745006419,127.0002023829
121900176,37.4739943247,127.0481441804
121900177,37.4911635361,127.0268380817
121900179,37.4832169599,127.0043330792
121900180,37.4778342637,126.9819882566
121900248,37.5038011160,127.0019508950
121900182,37.4855580371,127.0041602025
121900183,37.5003496563,127.0041236994
121900184,37.4980214836,127.0128253700
121900023,37.4931966225,127.0212843629
121000921,37.4958145900,127.0283310385
121000972,37.4829090136,127.0352377849
122000001,37.5229277357,127.0204991277
122000002,37.5237330000,127.0213020000
122000003,37.5253868122,127.0252663803
122000004,37.5252779533,127.0244392928
122000005,37.5257349597,127.0281887833
122000006,37.5230982773,127.0281189070
122000007,37.5188969053,127.0257541709
122000008,37.5174397364,127.0221753116
122000009,37.5174220000,127.0194350000
122000010,37.5152289207,127.0200787646
122000011,37.5168574262,127.0217344165
122000012,37.5185545148,127.0260152561
122000013,37.5182204908,127.0286299410
122000014,37.5147842255,127.0301678528
122000015,37.5137805482,127.0296320997
122000016,37.5118508617,127.0234688746
122000017,37.5113367768,127.0224536332
122000018,37.5135731512,127.0301492658
122000019,37.5102565309,127.0323028097
122000020,37.5067856544,127.0316905107
122000021,37.5050754793,127.0258483824
122000022,37.5057773025,127.0241456343
122000023,37.5093462126,127.0223963092
122000024,37.5202978876,127.0308205822
122000025,37.5215790063,127.0349369258
122000026,37.5225557208,127.0381006504
122000027,37.5185178636,127.0406416326
122000028,37.5169580553,127.0399409789
122000029,37.5157593644,127.0360665964
122000030,37.5170273453,127.0356282732
122000031,37.5173244793,127.0351676893
122000032,37.5151581290,127.0303750209
122000033,37.5185664886,127.0287812765
122000034,37.5156009306,127.0364196087
122000035,37.5167710194,127.0401699369
122000036,37.5131909081,127.0426620828
122000037,37.5102354545,127.0431015104
122000038,37.5092228723,127.0396748981
122000039,37.5112220456,127.0364372746
122000040,37.5143285583,127.0356009719
122000041,37.5135465374,127.0351526376
122000042,37.5111433662,127.0359197745
122000043,37.5085727966,127.0373832207
122000044,37.5078369128,127.0351434453
122000045,37.5084783232,127.0335055792
122000046,37.5114460374,127.0321076269
122000047,37.5153154070,127.0346068386
122000048,37.5284384777,127.0305806710
122000049,37.5282986659,127.0311225746
122000718,37.4847973786,127.1041791055
122000050,37.5206998289,127.0306250280
122000051,37.5221138227,127.0333295289
122000052,37.5267319814,127.0332342816
122000053,37.5297587463,127.0336829789
122000651,37.5220301368,127.0345957994
122000054,37.5291115096,127.0362762745
122000055,37.5287890000,127.0362670000
122000056,37.5282700029,127.0395789565
122000057,37.5279294950,127.0392574486
122000058,37.5249118060,127.0395011945
122000059,37.5228970378,127.0375996828
122000060,37.5228130189,127.0335300905
122000061,37.5256460711,127.0335404098
122000062,37.5299198087,127.0341408692
122000063,37.5268028293,127.0451221360
122000064,37.5246152832,127.0493317535
122000065,37.5245198173,127.0513510007
122000066,37.5225980000,127.0560490000
122000067,37.5228010000,127.0551900000
122000068,37.5209811900,127.0561675414
122000069,37.5210776985,127.0568972469
122000070,37.5200284066,127.0561102673
122000071,37.5192911033,127.0520898501
122000072,37.5204992022,127.0495735347
122000073,37.5230254757,127.0482136037
122000074,37.5184307316,127.0472972241
122000075,37.5176597984,127.0429049989
122000076,37.5185119430,127.0409428973
122000697,37.5249270000,127.0513440000
122000077,37.5240778005,127.0443867144
122000078,37.5243159636,127.0396345679
122000079,37.5264613268,127.0450857250
122000080,37.5229351646,127.0477909496
122000081,37.5202583193,127.0492045241
122000082,37.5236666735,127.0441711120
122000083,37.5190458844,127.0521305938
122000084,37.5198187578,127.0564579528
122000085,37.5193090138,127.0578574132
122000086,37.5149677625,127.0594353837
122000087,37.5141705618,127.0588290285
122000088,37.5135467163,127.0576390120
122000089,37.5151079658,127.0601628839
122000090,37.5144571560,127.0621999736
122000091,37.5148306999,127.0647588832
122000092,37.5125680000,127.0656040000
122000093,37.5098983164,127.0659088469
122000094,37.5123100000,127.0617180000
122000095,37.5120279380,127.0610582829
122000096,37.5105781837,127.0619023166
122000665,37.5154775223,127.0417754477
122000098,37.5084480000,127.0608990000
122000099,37.5078226593,127.0563179719
122000100,37.5104103876,127.0549014268
122000101,37.5157795361,127.0520466841
122000102,37.5173233382,127.0424517989
122000103,37.5182413732,127.0476647353
122000104,37.5176356522,127.0506188246
122000105,37.5153174045,127.0518696115
122000106,37.5102276026,127.0546026643
122000107,37.5126637580,127.0515286905
122000108,37.5123779785,127.0518271312
122000109,37.5110917636,127.0461375271
122000110,37.5108104729,127.0465129050
122000111,37.5062014334,127.0483328457
122000112,37.5097642558,127.0441954871
122000113,37.5126364282,127.0432054996
122000114,37.5066831874,127.0554269279
122000115,37.5051430000,127.0502050000
122000116,37.4915855937,127.0565229085
122000117,37.4918872375,127.0550936879
122000118,37.4946749575,127.0537770662
122000119,37.4964463596,127.0541425059
122000120,37.4981982000,127.0595600700
122000121,37.4979369667,127.0611545494
122000122,37.4962613463,127.0620556876
122000123,37.4938592964,127.0614984174
122000124,37.4925595861,127.0585796232
122000125,37.4911818874,127.0565474837
122000126,37.4925770923,127.0596110202
122000127,37.4938624098,127.0622309495
122000128,37.4924580000,127.0640800000
122000129,37.4902578609,127.0557033053
122000130,37.4955959062,127.0628615031
122000131,37.4980989737,127.0615233829
122000132,37.4994819598,127.0631318417
122000133,37.4989023513,127.0684549688
122000134,37.4957666584,127.0669737834
122000135,37.4956049426,127.0677076244
122000136,37.4927850000,127.0642780000
122000137,37.4980841758,127.0693334711
122000645,37.5054470000,127.0512170000
122000139,37.5072530000,127.0644100000
122000140,37.5097985758,127.0670284926
122000141,37.5071289459,127.0636868176
122000142,37.5043940000,127.0652140000
122000143,37.4999449909,127.0638660962
122000144,37.5008238066,127.0600625549
122000145,37.5039658555,127.0618980584
122000146,37.5040741974,127.0614966158
122000147,37.5036604676,127.0585776263
122000148,37.5078401374,127.0605488571
122000149,37.4981160997,127.0521475206
122000150,37.5001223629,127.0512135652
122000151,37.5008208922,127.0519567662
122000152,37.5021979661,127.0563510713
122000153,37.5026183817,127.0568832362
122000154,37.5008818613,127.0516118811
122000155,37.5027442041,127.0499655390
122000156,37.5047611955,127.0504622650
122000157,37.5060493833,127.0548888307
122000158,37.5034050000,127.0582920000
122000159,37.5016460120,127.0591748622
122000160,37.4987273789,127.0600675492
122000161,37.4976896078,127.0566485239
122000162,37.4967735576,127.0539289896
122000163,37.5046820000,127.0258130000
122000164,37.5062420273,127.0311108359
122000165,37.5055323400,127.0344860558
122000166,37.5063571874,127.0345489808
122000167,37.5075577236,127.0353224874
122000168,37.5078627567,127.0389267017
122000169,37.5077449631,127.0396488905
122000170,37.5091077534,127.0406479555
122000171,37.5098413413,127.0428920405
122000172,37.5092335728,127.0440935191
122000173,37.5058843866,127.0481759639
122000174,37.5032320000,127.0440570000
122000175,37.5047549674,127.0419791463
122000176,37.5047578524,127.0414645036
122000177,37.5016408218,127.0387713026
122000178,37.5015046036,127.0367661730
122000179,37.5015407612,127.0363873327
122000180,37.5004285160,127.0347356752
122000181,37.4988103664,127.0295583305
122000182,37.4993380000,127.0272570000
122000183,37.5023599760,127.0257902121
122000184,37.4982974547,127.0290968277
122000185,37.4994895468,127.0335958701
122000186,37.4981539451,127.0379751499
122000666,37.5153332280,127.0421514670
122000187,37.4918387710,127.0387194718
122000188,37.4942184896,127.0341843565
122000189,37.4943308436,127.0341054359
122000190,37.4902625053,127.0335980880
122000191,37.4921952730,127.0306529668
122000192,37.4962452630,127.0459926766
122000193,37.4960436368,127.0457084122
122000194,37.4998103730,127.0443197090
122000195,37.4998793449,127.0437950854
122000196,37.4993788675,127.0475961987
122000197,37.4995830000,127.0475670000
122000198,37.4963226138,127.0404501731
122000199,37.4966904984,127.0408425358
122000200,37.4977185179,127.0385754800
122000201,37.5011370000,127.0388180000
122000202,37.5027830000,127.0442470000
122000203,37.5022648571,127.0498724735
122000204,37.4992545645,127.0512977977
122000205,37.4972023372,127.0522475418
122000206,37.4960052231,127.0514784788
122000207,37.4947118100,127.0476983171
122000208,37.4928082151,127.0417858592
122000209,37.4949426926,127.0398633221
122000210,37.4915800523,127.0390292015
122000211,37.4926349836,127.0424021052
122000212,37.4881449495,127.0489606775
122000213,37.4861642605,127.0445616798
122000214,37.4852510407,127.0379686178
122000215,37.4877243166,127.0328076320
122000717,37.4845010698,127.1037382748
122000217,37.4897472768,127.0328763684
122000218,37.4835581756,127.0423551365
122000219,37.4859166406,127.0448542288
122000220,37.4879100000,127.0492390000
122000221,37.4870851555,127.0503729530
122000222,37.4870096821,127.0508009097
122000223,37.4892113897,127.0520250488
122000657,37.5106420000,127.0456470000
122000225,37.4897270653,127.0523674556
122000226,37.4944367753,127.0481867043
122000227,37.4957220000,127.0519400000
122000228,37.4947508051,127.0534355780
122000229,37.4925380000,127.0545250000
122000230,37.4858030000,127.0572430000
122000231,37.4830660000,127.0599510000
122000232,37.4813190000,127.0620720000
122000234,37.4773280000,127.0577720000
122000235,37.4809034856,127.0542007012
122000236,37.4828745638,127.0531173735
122000237,37.4829730000,127.0565490000
122000238,37.4861731624,127.0572119951
122000239,37.4842130000,127.0589440000
122000240,37.4825013593,127.0609693505
122000241,37.4806510000,127.0632170000
122000242,37.4836959018,127.0638958786
122000243,37.4847820570,127.0656239958
122000244,37.4852730000,127.0659840000
122000245,37.4837300000,127.0686970000
122000246,37.4837660000,127.0692560000
122000247,37.4865300000,127.0672440000
122000248,37.4886501992,127.0661615480
122000249,37.4867075784,127.0674711689
122000250,37.4885440958,127.0665798221
122000251,37.4895230906,127.0680732652
122000252,37.4894110000,127.0686310000
122000253,37.4902430000,127.0705930000
122000254,37.4899620000,127.0704200000
122000255,37.4923003831,127.0755690336
122000256,37.4922620000,127.0721560000
122000257,37.4891592437,127.0738085758
122000258,37.4883387730,127.0746897303
122000259,37.4822653767,127.0528285196
122000260,37.4799411421,127.0546102524
122000261,37.4725527152,127.0523679256
122000262,37.4772998668,127.0617734705
122000263,37.4720609789,127.0523276925
122000264,37.4719206884,127.0507511248
122000265,37.4745269190,127.0480450265
122000266,37.4772430549,127.0452517449
122000267,37.4808280000,127.0531100000
122000268,37.4790607546,127.0493324033
122000269,37.4787698164,127.0468254619
122000270,37.4784510000,127.0451450000
122000271,37.4782960000,127.0451910000
122000272,37.4785641982,127.0472425588
122000273,37.4789049887,127.0493780029
122000274,37.4794240061,127.0512016967
122000275,37.4804670000,127.0529030000
122000276,37.4843993977,127.0909893034
122000277,37.4834885153,127.0847497652
122000278,37.4829129209,127.0805834065
122000279,37.4828046299,127.0821222482
122000280,37.4833831017,127.0859753943
122000281,37.4842412879,127.0938503097
122000282,37.4865445092,127.0829902821
122000283,37.4870251768,127.0824491516
122000284,37.4849114330,127.0833076652
122000285,37.4901997236,127.0875200547
122000716,37.4837300000,127.0686970000
122000739,37.5201296971,127.0288547701
122000288,37.4891174907,127.0824473261
122000696,37.4781574286,127.1133506298
122000695,37.4778180000,127.1134780000
122000291,37.4924140029,127.0724873208
122000742,37.4984123659,127.0297942021
122000293,37.4932399657,127.0786043309
122000640,37.4948202584,127.0833130163
122000641,37.4938706170,127.0865721019
122000642,37.4919969862,127.0876266147
122000294,37.4876807848,127.1021201028
122000295,37.4883076816,127.1007452609
122000296,37.4885476793,127.0998654903
122000297,37.4871885183,127.1007358421
122000719,37.4696395193,127.1080981819
122000299,37.4854278045,127.0973286229
122000300,37.4852808034,127.0976066393
122000301,37.4867911067,127.1020425697
122000302,37.4868602717,127.1025969044
122000303,37.4873984409,127.1028677279
122000304,37.4694619570,127.1076740129
122000305,37.4653476974,127.1025352444
122000306,37.4654339318,127.0999208093
122000307,37.4646708281,127.1068384861
122000308,37.4635777855,127.1078294794
122000309,37.4646105826,127.1095067201
122000310,37.4656909003,127.1163609853
122000311,37.4679153957,127.1211804938
122000312,37.4679987199,127.1207679842
122000313,37.4670229687,127.1188445352
122000314,37.4649373007,127.1093969858
122000315,37.4657962840,127.1085617560
122000316,37.4723837769,127.1073503650
122000317,37.4745489674,127.1067825531
122000318,37.4818869624,127.1050772751
122000319,37.4826545844,127.1043990475
122000320,37.4751350942,127.1062605211
122000321,37.4722247345,127.1069204650
122000322,37.5260014748,127.0287139855
122000323,37.5232728930,127.0285130905
122000324,37.5079530218,127.0333616903
122000325,37.5215035461,127.0398932882
122000326,37.4757363339,127.0578803329
122000664,37.4657576277,127.0987019628
122000327,37.5013580000,127.0681230000
122000328,37.5011436270,127.0684146056
122000674,37.4649702658,127.0946994252
122000330,37.5071627199,127.0637122939
122000673,37.4650620000,127.0964780000
122000743,37.4790780000,127.1057080000
122000744,37.4786070506,127.1053468464
122000720,37.4769291284,127.1100617023
122000747,37.4863615780,127.1025265370
122000748,37.4965480000,127.0323410000
122000333,37.4765644257,127.0578638641
122000692,37.4723483229,127.0973806587
122000691,37.4702479734,127.0917980067
122000690,37.4704122141,127.0920469065
122000337,37.4825445295,127.0793139035
122000338,37.4838630000,127.0891070000
122000756,37.5272730000,127.0195640000
122000757,37.5262560000,127.0175630000
122000340,37.5080791101,127.0557365760
122000699,37.4650705422,127.1065571269
122000342,37.4899733606,127.0556100386
122000343,37.4800190000,127.0636310000
122000344,37.4789750000,127.0640410000
122000345,37.4783810000,127.0567410000
122000758,37.4910910000,127.0361270000
122000346,37.4911914327,127.0804871277
122000686,37.4732649886,127.1017217712
122000687,37.4731023528,127.1018882443
122000348,37.4845282141,127.0933527923
122000349,37.4835530000,127.0635640000
122000746,37.4655650000,127.1128620000
122000351,37.4744335616,127.0554585033
122000352,37.4933489347,127.0474623305
122000353,37.4742753543,127.0559940835
122000693,37.4722905356,127.0952484632
122000355,37.4936020408,127.0467216289
122000356,37.5095036021,127.0660087348
122000357,37.4872340000,127.0619260000
122000358,37.4863650000,127.0683090000
122000359,37.4868514825,127.0720735110
122000360,37.4879182510,127.0735755585
122000749,37.4948500000,127.0828180000
122000362,37.4889678040,127.0654139271
122000688,37.4675388365,127.0938350780
122000364,37.4889759836,127.0413200765
122000689,37.4676884285,127.0939126611
122000365,37.4861062927,127.0591999287
122000366,37.4861696665,127.0589613690
122000368,37.4916371451,127.0411232813
122000724,37.4893028717,127.0814750981
122000370,37.4875500000,127.0623510000
122000371,37.4869928876,127.0719670062
122000372,37.4864970000,127.0682370000
122000745,37.4987376489,127.0294748515
122000643,37.4971440000,127.0714510000
122000644,37.4966786872,127.0713978002
122000381,37.4868758329,127.0411576487
122000382,37.4822870000,127.0552500000
122000384,37.5213549869,127.0395300499
122000385,37.4876526608,127.0729326014
122000386,37.5041560000,127.0660980000
122000387,37.4982223580,127.0442961535
122000388,37.5020166731,127.0673747926
122000389,37.4947101031,127.0395898829
122000390,37.4981459957,127.0436967482
122000391,37.5073192617,127.0575278976
122000392,37.4838187251,127.0571827363
122000393,37.4775486459,127.0551994825
122000394,37.4752206839,127.0526851839
122000395,37.4756518082,127.0506448815
122000396,37.4773892734,127.0488173808
122000397,37.4980697598,127.0760972384
122000398,37.4984896319,127.0761621310
122000400,37.5070321739,127.0579066873
122000401,37.4787861872,127.0479647043
122000402,37.4898912383,127.0417074840
122000403,37.4756585108,127.1072950785
122000404,37.4760978962,127.1076846516
122000698,37.4766680000,127.1103930000
122000703,37.4865461779,127.0414335753
122000702,37.4752274507,127.1048166174
122000408,37.5245524646,127.0156821849
122900035,37.5128542210,127.0670297734
122900052,37.4772886040,127.0617734610
122900036,37.5153752342,127.0299918634
122000675,37.4650260000,127.1024570000
122000701,37.4750109081,127.1049627778
122900070,37.4647336817,127.1060868044
122900002,37.4867890817,127.1026711271
122900003,37.4765501377,127.0496563833
122900004,37.4842740914,127.0837487838
122000754,37.4875110000,127.1028060000
122000755,37.4884690000,127.1005880000
122900005,37.4862209160,127.0831278825
122900057,37.4783965969,127.0477270355
122900006,37.4880871291,127.0843625606
122900007,37.4882883158,127.1043695699
122900100,37.4899061660,127.0877033472
122900008,37.4887280795,127.0877105812
122900101,37.4945395934,127.0295651284
122900047,37.4824106082,127.0436209282
122900010,37.5114525879,127.0474431396
122900061,37.4895038011,127.0816026028
122000654,37.5019598458,127.0259766968
122900062,37.4913516516,127.0807474030
122900053,37.4886720000,127.0649610000
122900065,37.4933320000,127.0782700000
122900012,37.5004642646,127.0503202915
122900066,37.4923887632,127.0753812691
122900103,37.4674060713,127.1018353507
122000616,37.5007572469,127.0265819837
122900040,37.4980171807,127.0448218851
122000503,37.4842540701,127.0454044309
122000524,37.4844861080,127.0453310783
122900067,37.4932933255,127.0796503721
122900051,37.4827748285,127.0436397429
122900041,37.4941024226,127.0460354686
122900038,37.5072530000,127.0644100000
122000544,37.4850550000,127.0464520000
122900042,37.4931043457,127.0427156329
122000559,37.5240522735,127.0440702137
122000676,37.5122920000,127.0616740000
122000723,37.5092735748,127.0588873921
122000597,37.5084785929,127.0610024043
122000599,37.5066283272,127.0551984022
122000605,37.5003770293,127.0348444801
122000606,37.4985037086,127.0300921798
122000607,37.4987123716,127.0293968328
122900014,37.4917702392,127.0826658438
122000741,37.5136126215,127.0574429913
122900015,37.5123828691,127.0608484979
122900063,37.4925024781,127.0844466897
122900109,37.4933069756,127.0862704324
122900016,37.4931669875,127.0863914747
121000923,37.4849998548,127.0384964886
122000630,37.4879492434,127.0491445012
122000629,37.4892113897,127.0520250488
122000628,37.4935766706,127.0616002918
122000627,37.4956366787,127.0676293089
122000626,37.4888592582,127.0737651349
122000620,37.4958593062,127.0672656518
122000619,37.4938876386,127.0613687324
122000618,37.4898250000,127.0524470000
121000922,37.4854142010,127.0388556909
122000617,37.5176547419,127.0193598476
122000638,37.5235221474,127.0215333659
122000637,37.5237692203,127.0546317101
122000633,37.5286017159,127.0309163621
122000753,37.5220730000,127.0563390000
122900037,37.5151343457,127.0648043953
122900044,37.4856455590,127.0407892731
122900017,37.5017320000,127.0666770000
122900018,37.5147161467,127.0622906780
122000750,37.4799500000,127.0582960000
122000751,37.4810310000,127.0602670000
122900087,37.4759900000,127.0538780000
122900045,37.4907560000,127.0358440000
122900021,37.4887031579,127.0998006806
122900022,37.4922790000,127.0876540000
122900023,37.4925603569,127.0841549821
122900043,37.4982163309,127.0450698684
122900024,37.4918172767,127.0824080525
122900025,37.4864455837,127.0827108625
122900026,37.4840282480,127.0835865217
122900039,37.5010137322,127.0507990860
122900027,37.4652025630,127.1077413737
122000722,37.5063406555,127.0311436057
122900102,37.4646017803,127.1017128590
122900104,37.4689755358,127.1039561716
122900069,37.4928867094,127.0800445003
122000721,37.5032714481,127.0426789882
122900028,37.4915200321,127.0804796035
122900034,37.4850648693,127.0368399956
122900029,37.4847100069,127.0361954353
122900030,37.4846702550,127.0366159066
122900031,37.5120510000,127.0618020000
122900032,37.5121720000,127.0617360000
122900046,37.4933430000,127.0443940000
122900033,37.4948269156,127.0466349415
122000660,37.5055610000,127.0287640000
122900105,37.4712200208,127.1064669403
122900106,37.4712840000,127.1063770000
122900107,37.4690510000,127.1038920000
122900108,37.4675210280,127.1017450741
122900081,37.4669861388,127.0976381775
122900082,37.4669833895,127.1009106768
122900083,37.4654986324,127.1013099646
122900080,37.4878639673,127.1029015023
122900078,37.4668377495,127.0945265693
122900077,37.4667838109,127.0943738980
122900076,37.4671769696,127.0999592175
122900075,37.4672323203,127.0967995753
122900086,37.4885775772,127.1050565277
122000694,37.5062370429,127.0310907911
122900084,37.4630389394,127.1038273014
122900088,37.5086692856,127.0555079747
122900089,37.4607011121,127.1034878036
122900090,37.4666325065,127.1018278599
122900096,37.4814068182,127.0890614341
122900091,37.4813620057,127.0918528925
122900095,37.4821279592,127.0944327655
122900099,37.4633952819,127.1013912358
122900094,37.4820890986,127.0942667912
122900093,37.4814270894,127.0927451217
122900092,37.4818476385,127.0895874825
122900098,37.4834861241,127.0945644992
122900097,37.4834702749,127.0946662374
122000286,37.4888402553,127.0826986083
122900073,37.4634710379,127.1022596955
122000287,37.4906537597,127.0876822994
122900074,37.4612273528,127.1018750091
123000001,37.5155383911,127.0985638839
123000002,37.5137872849,127.0996446129
123000003,37.5068001738,127.1058262006
123000004,37.5071052590,127.1052520216
123000005,37.5032420000,127.1090620000
123000006,37.5038570000,127.1083180000
123000007,37.5000930000,127.1119340000
123000008,37.5008360000,127.1110840000
123000009,37.4942710000,127.1172620000
123000010,37.4950240000,127.1163890000
123000011,37.4882120780,127.1214160323
123000012,37.4893170000,127.1207560000
123000013,37.4819550000,127.1245830000
123000014,37.4832190000,127.1238210000
123000015,37.4788560000,127.1261260000
123000016,37.4800760000,127.1254300000
123000579,37.5127165509,127.1005791644
123000611,37.5123429607,127.1007210704
123000017,37.5370408432,127.1225733630
123000018,37.5342780446,127.1215873404
123000566,37.4979450637,127.1584215427
123000565,37.4981356955,127.1584260863
123000019,37.5370174691,127.1144409964
123000020,37.5381462770,127.1158760068
123000021,37.5392876113,127.1171232654
123000022,37.5389358276,127.1219626352
123000023,37.5312540389,127.1205104608
123000024,37.5265632485,127.1180236157
123000025,37.5246379417,127.1149375554
123000026,37.5248109306,127.1135650154
123000027,37.5248334207,127.1099764895
123000028,37.5268880703,127.1071794656
123000029,37.5270255668,127.1075881058
123000030,37.5314550714,127.1107357443
123000648,37.5001266228,127.1416513795
123000649,37.5000316637,127.1418761558
123000031,37.5300706557,127.1145435170
123000032,37.5311067795,127.1122258030
123000033,37.5267610000,127.1154190000
123000654,37.4943493151,127.1513211166
123000034,37.5210239150,127.1146491783
123000035,37.5196076645,127.1099150878
123000036,37.5190210000,127.1060580000
123000037,37.5196000000,127.1112500000
123000038,37.5185150000,127.1131090000
123000039,37.5166650000,127.1093970000
123000040,37.5182360000,127.1042430000
123000041,37.5171500000,127.1006600000
123000042,37.5167850000,127.1004450000
123000043,37.5140131770,127.1015366899
123000044,37.5146065479,127.0994434840
123000045,37.5140635066,127.1032419033
123000046,37.5149140996,127.1042158389
123000047,37.5139968944,127.1072176522
123000048,37.5143926246,127.0988017918
123000049,37.5129509238,127.0977630619
123000050,37.5122132454,127.0939144028
123000051,37.5119152103,127.0913235945
123000052,37.5117722886,127.0872805398
123000053,37.5118706155,127.0833904794
123000054,37.5120589943,127.0796844479
123000055,37.5111175337,127.0720732937
123000056,37.5115214003,127.0911020250
123000057,37.5124116100,127.0981962498
123000058,37.5113174340,127.0929234933
123000059,37.5109779513,127.0926278344
123000060,37.5088084767,127.0921466781
123000061,37.5090370000,127.0917320000
123000670,37.4851730000,127.1436180000
123000063,37.5076826578,127.0902574376
123000064,37.5070078199,127.0947494345
123000065,37.5106650000,127.0731720000
123000066,37.5104100042,127.0784474662
123000067,37.5047809208,127.0765948239
123000068,37.5116128425,127.0795554593
123000069,37.5114453148,127.0843635917
123000070,37.5065350000,127.0896230000
123000071,37.5052624454,127.0852075828
123000072,37.5049573596,127.0853685093
123000073,37.5062740000,127.0818730000
123000074,37.5061948176,127.0809929896
123000075,37.5098569453,127.0790366540
123000076,37.5053703912,127.0779320598
123000077,37.5039320658,127.0889637793
123000078,37.5039542558,127.0897903395
123000079,37.5027059543,127.0947575704
123000080,37.5024275447,127.0945601098
123000081,37.5046915991,127.0969945434
123000082,37.5070038465,127.0929452929
123000083,37.5062807775,127.0898346017
123000084,37.5034263635,127.0874731559
123000085,37.5004306288,127.0874664895
123000086,37.4992253627,127.0908500813
123000087,37.4980930070,127.0942398906
123000088,37.5001551941,127.0966612411
123000089,37.5026705428,127.0983927355
123000090,37.5024287111,127.0986427773
123000091,37.5045154646,127.1052845803
123000092,37.5043936070,127.1056431899
123000671,37.4850400000,127.1433580000
123000094,37.5040381549,127.0972566454
123000095,37.4997098452,127.0969106203
123000096,37.4990200400,127.1006951845
123000097,37.4988052989,127.1002693019
123000098,37.5002341376,127.1044857249
123000099,37.4999173582,127.1040226991
123000100,37.5015446024,127.1091779641
123000101,37.5016111846,127.1087521268
123000102,37.5005814149,127.1110144742
123000677,37.4831525877,127.1362423559
123000104,37.5069356421,127.1094493659
123000105,37.5067280867,127.1096247621
123000106,37.5091624679,127.1112975510
123000107,37.5087366131,127.1113793110
123000108,37.5106676569,127.1107862085
123000680,37.4845880000,127.1469380000
123000632,37.5095628649,127.1132143042
123000111,37.5038731127,127.1138832242
123000112,37.5059567152,127.1154171073
123000113,37.5084245055,127.1151707999
123000114,37.4992928463,127.1129081285
123000115,37.4997831426,127.1174306486
123000116,37.5029232975,127.1219127896
123000117,37.5060869823,127.1203825294
123000118,37.5059979239,127.1157233661
123000119,37.5037070000,127.1137970000
123000120,37.5025722156,127.1120106120
123000121,37.5141640145,127.1143671870
123000122,37.5149915860,127.1153631525
123000123,37.5110032307,127.1124463657
123000124,37.5110903245,127.1129451561
123000125,37.5106794362,127.1116741986
123000126,37.5133521526,127.1077935895
123000127,37.5161753691,127.1096189729
123000128,37.5148280531,127.1191035641
123000129,37.5118704957,127.1191093326
123000130,37.5101122511,127.1180475372
123000131,37.5095130652,127.1139245961
123000132,37.5140240154,127.1214072807
123000133,37.5126512950,127.1249201549
123000134,37.5084180897,127.1256144074
123000135,37.5059143549,127.1217137999
123000136,37.5098959398,127.1181178868
123000137,37.5120164557,127.1194587268
123000138,37.5114130601,127.1214991808
123000139,37.5116175390,127.1218814103
123000140,37.5091863822,127.1242379509
123000141,37.5095587750,127.1240112053
123000142,37.5209125924,127.1151501871
123000143,37.5268432202,127.1186989404
123000584,37.5155282741,127.1193031384
123000144,37.5222031515,127.1313779815
123000145,37.5184657678,127.1397435665
123000146,37.5171037198,127.1428138440
123000147,37.5130620000,127.1420620000
123000672,37.4871132362,127.1481048785
123000149,37.5128834629,127.1261589886
123000150,37.5146224597,127.1218099465
123000151,37.5171997563,127.1146313009
123000152,37.5200225221,127.1335690395
123000153,37.5197348402,127.1330029301
123000154,37.5167177922,127.1308988886
123000155,37.5163242690,127.1314785378
123000156,37.5132952952,127.1285971938
123000157,37.5133215257,127.1293296238
123000158,37.5088511089,127.1264971658
123000159,37.5032944565,127.1264326302
123000160,37.4992235146,127.1329750231
123000161,37.4976538160,127.1359380431
123000162,37.4964468948,127.1382256870
123000163,37.4980789633,127.1407036537
123000164,37.5025481080,127.1402155083
123000165,37.5024100000,127.1400120000
123000166,37.5036199871,127.1375165211
123000167,37.5038625052,127.1374117762
123000168,37.5043505304,127.1353925625
123000169,37.5050336659,127.1341530556
123000170,37.5061531582,127.1354499522
123000171,37.5061950000,127.1353170000
123000172,37.5060341680,127.1310600773
123000173,37.5063791494,127.1310586523
123000174,37.5079159405,127.1279923625
123000175,37.5076510292,127.1281153138
123000176,37.5005560000,127.1364810000
123000177,37.4997505359,127.1360639933
123000178,37.5027436793,127.1378915552
123000179,37.5027750000,127.1381620000
123000180,37.4940540879,127.1426661724
123000181,37.4938176621,127.1424783113
123000182,37.4908038511,127.1433758342
123000183,37.4943119554,127.1447634037
123000184,37.4981180000,127.1409530000
123000185,37.4904638928,127.1435753484
123000186,37.4929037450,127.1456767060
123000187,37.4931392222,127.1456917976
123000188,37.4929410000,127.1489240000
123000189,37.4927680000,127.1527630000
123000190,37.4920054572,127.1541840407
123000640,37.5053200000,127.1350000000
123000192,37.4957685389,127.1496062555
123000193,37.4967388534,127.1482313861
123000194,37.4942807491,127.1450941869
123000195,37.4957103910,127.1498825172
123000196,37.4934555292,127.1522337071
123000197,37.4921780000,127.1540900000
123000198,37.4909720000,127.1571550000
123000199,37.4916000000,127.1567410000
123000200,37.4918330886,127.1567901158
123000201,37.4939681019,127.1558084636
123000202,37.4939920000,127.1555670000
123000203,37.4971997434,127.1541947193
123000204,37.4979780000,127.1540750000
123000205,37.4999370000,127.1515100000
123000206,37.4999186245,127.1519312753
123000207,37.5013520000,127.1485530000
123000208,37.5010794011,127.1500522520
123000209,37.4985293494,127.1466290856
123000210,37.4987200000,127.1471000000
123000211,37.4996357865,127.1440592408
123000212,37.4996759516,127.1442444466
123000213,37.4970139451,127.1480088453
123000685,37.5007200000,127.1476320000
123000215,37.4727570000,127.1271230000
123000684,37.4963456501,127.1456268495
123000217,37.4816750000,127.1266770000
123000218,37.4799870000,127.1267500000
123000219,37.4800743082,127.1269147543
123000220,37.4836810760,127.1264052250
123000221,37.4864650000,127.1283400000
123000222,37.4889239330,127.1319278009
123000223,37.4912230266,127.1345693493
123000224,37.4923868410,127.1359635544
123000225,37.4853687826,127.1314174837
123000226,37.4854030000,127.1317450000
123000227,37.4829850000,127.1286780000
123000228,37.4833837494,127.1289699022
123000229,37.4903961143,127.1245252779
123000652,37.4892413416,127.1526631771
123000653,37.4890091099,127.1517962070
123000232,37.4833950000,127.1262950000
123000233,37.4871576085,127.1271777790
123000234,37.4868450000,127.1268330000
123000235,37.4920420280,127.1293381553
123000236,37.4916720000,127.1289780000
123000237,37.4906606253,127.1276179735
123000238,37.4903263190,127.1276151430
123000239,37.4927542422,127.1289549161
123000240,37.4862512301,127.1245154540
123000241,37.4861229899,127.1246073352
123000242,37.4892100622,127.1318745943
123000243,37.4904768050,127.1125408941
123000244,37.4911854953,127.1149100230
123000245,37.4910256051,127.1194204688
123000673,37.4870713137,127.1485868096
123000637,37.4783190000,127.1438370000
123000634,37.5018326648,127.1287989134
123000635,37.5012913132,127.1288940310
123000249,37.4691472156,127.1263366558
123000662,37.4869008429,127.1527658305
123000663,37.4869080000,127.1533840000
123000252,37.4927509283,127.1253325788
123000253,37.4926622084,127.1282354597
123000254,37.4943836148,127.1304312751
123000255,37.4963729647,127.1315012297
123000256,37.4995720000,127.1317030000
123000257,37.4976665567,127.1353725131
123000258,37.4965750000,127.1374650000
123000259,37.4944632840,127.1380346597
123000260,37.4924556056,127.1357194046
123000261,37.4907268695,127.1337168910
123000262,37.4931089642,127.1340582227
123000263,37.4930607661,127.1342992774
123000264,37.4948883584,127.1321418391
123000265,37.4952844366,127.1313314941
123000266,37.4962572557,127.1318312665
123000267,37.4939454088,127.1298582661
123000268,37.4971454197,127.1288572430
123000269,37.4975456670,127.1286578231
123000270,37.4988632917,127.1268492824
123000271,37.4987661196,127.1267122675
123000272,37.4944478594,127.1172843207
123000273,37.4904599734,127.1204716628
123000274,37.4906598520,127.1243321830
123000275,37.4927143163,127.1250181262
123000597,37.4975395069,127.1208958419
123000596,37.4975895389,127.1212535980
123000278,37.5026698156,127.1268712547
123000279,37.5025149139,127.1221012808
123000280,37.4996815135,127.1179869266
123000281,37.4988170000,127.1202150000
123000282,37.4984292292,127.1201688051
123000283,37.4998335741,127.1229196393
123000284,37.4998583625,127.1232034520
123000664,37.4847046250,127.1492506450
123000286,37.4959261628,127.1222432156
123000287,37.4962349940,127.1223707692
123000288,37.4946736667,127.1223372934
123000289,37.4932167146,127.1197227845
123000665,37.4843211540,127.1496482900
123000291,37.4944255943,127.1226224186
123000668,37.4889520000,127.1565220000
123000669,37.4886660152,127.1567449314
123000294,37.4937628733,127.1171509252
123000295,37.4918430000,127.1158740000
123000296,37.4907819227,127.1122487287
123000297,37.4943840396,127.1049619108
123000298,37.4951999021,127.1062542896
123000299,37.4962977643,127.1098466383
123000300,37.5082096607,127.1161984650
123000301,37.4866641411,127.1283056048
123000302,37.5320618822,127.1190833940
123000303,37.5297957798,127.1098762971
123000609,37.4951463191,127.1160111131
123000305,37.5170403874,127.1136027575
123000306,37.5336350409,127.1112169853
123000667,37.4780339719,127.1448746324
123000682,37.4773101292,127.1414973009
123000309,37.5002054217,127.1247919705
123000310,37.5004149760,127.1248261618
123000311,37.4926552279,127.1495066063
123000312,37.4923870000,127.1439270000
123000313,37.4919573794,127.1440917844
123000678,37.4855576081,127.1462249529
123000315,37.5295600000,127.1160590000
123000316,37.4701247674,127.1273151082
123000317,37.5053972109,127.1392233095
123000318,37.5045363345,127.1386561317
123000613,37.4748414391,127.1433042987
123000624,37.4757124112,127.1439249265
123000615,37.4771037831,127.1440806985
123000614,37.4776084685,127.1443892650
123000617,37.4795390683,127.1442346974
123000616,37.4803383177,127.1445584544
123000618,37.4813570555,127.1436820638
123000619,37.4815613884,127.1429793251
123000620,37.4794843685,127.1419922382
123000622,37.4794453423,127.1416454766
123000329,37.4692838154,127.1268694814
123000650,37.4865518064,127.1418426303
123000651,37.4872870000,127.1417870000
123000679,37.4854313904,127.1462868940
123000655,37.4838955381,127.1404158130
123000656,37.4834695741,127.1406157055
123000658,37.4829560499,127.1386672185
123000657,37.4831887542,127.1380740615
123000681,37.4841838117,127.1478419413
123000337,37.4909600000,127.1572780000
123000338,37.5246395810,127.1074534384
123000339,37.5352961895,127.1124809949
123000340,37.4942073370,127.1380635927
123000644,37.4734882637,127.1327885717
123000342,37.5247728207,127.1152307919
123000343,37.4697320643,127.1239612069
123000344,37.5088577164,127.0867330139
123000345,37.5075860124,127.0893716473
123000346,37.5037620000,127.0872680000
123000630,37.4748523857,127.1339747337
123000631,37.4746499280,127.1337369645
123000638,37.4794716366,127.1384657534
123000639,37.4782723708,127.1266731620
123000636,37.4806220000,127.1388700000
123000352,37.4926740479,127.1195353388
123000353,37.5251520000,127.1168100000
123000354,37.4805107902,127.1358870728
123000355,37.4805606249,127.1356440835
123000356,37.4809686394,127.1333949101
123000357,37.4791270000,127.1321140000
123000602,37.4790311720,127.1316532003
123000359,37.4775944779,127.1292369392
123000360,37.4780867697,127.1274733427
123000361,37.4779844895,127.1273092136
123000362,37.4866944660,127.1328864710
123000363,37.4865050000,127.1329930000
123000364,37.5025010936,127.1116190362
123000365,37.4818380000,127.1264890000
123000366,37.5104224501,127.0860380725
123000367,37.4992570000,127.1324130000
123000586,37.4806082049,127.1369279275
123000585,37.4803796141,127.1377801895
123000370,37.4851330000,127.1326470000
123000371,37.4848260000,127.1326450000
123000372,37.4816070000,127.1315550000
123000373,37.4815980000,127.1313370000
123000374,37.4806320000,127.1294750000
123000375,37.4806625366,127.1291235096
123000376,37.5287587812,127.1193610526
123000377,37.4866738525,127.1335864078
123000378,37.4864839486,127.1333836546
123000379,37.4809600000,127.1336400000
123000380,37.4782150000,127.1211950000
123000381,37.4782546079,127.1212593757
123000645,37.4725899491,127.1322789520
123000382,37.4790724082,127.1246144045
123000383,37.4790070000,127.1248880000
123000384,37.4791477338,127.1193612432
123000385,37.4789969804,127.1193072186
123000507,37.5201071463,127.0951336442
123000508,37.5199930000,127.0947900000
123000522,37.5063212494,127.0984075632
123000521,37.5065890171,127.0992351390
123000520,37.5076563193,127.1026500655
123000519,37.5081977473,127.1031124564
123000518,37.5106263397,127.1067263617
123000517,37.5113882396,127.1072025448
123000542,37.4783671481,127.1332433117
123000541,37.4784596838,127.1331775188
123000583,37.4886487088,127.1302736326
123000582,37.4888309722,127.1304463850
123000567,37.4975389586,127.1548937216
123000576,37.4758687793,127.1411478405
123000574,37.4785382811,127.1391565065
123000573,37.4782159275,127.1407082374
123000575,37.4749448409,127.1407699426
123000578,37.4810278722,127.1201781904
123000577,37.4808001550,127.1203869879
123000580,37.4977775358,127.1547623047
123000319,37.4700651629,127.1257548303
123000659,37.4698297575,127.1274120389
123000706,37.5188520000,127.1065190000
123000660,37.4699297672,127.1275897549
123900002,37.4998736805,127.1123582001
123000661,37.4698272579,127.1276409489
123900001,37.4996960000,127.1118500000
123000683,37.4776912721,127.1418222785
123000610,37.5201133052,127.1130749603
123900007,37.5068525741,127.1409196828
123900008,37.5076048967,127.1390323102
123900009,37.5077359773,127.1327808841
123900010,37.5063719498,127.1318934673
123900011,37.5030235760,127.1288453455
123900012,37.5046817564,127.1199757658
123900013,37.5029952401,127.1182081377
123900014,37.5016524892,127.1173726287
123900015,37.4992940827,127.1173972093
123900016,37.5020916893,127.1174128987
123900017,37.5030501232,127.1185509959
123900018,37.5053206649,127.1207656439
123900019,37.5026426706,127.1290567413
123900020,37.5053450242,127.1316965673
123900021,37.5069768763,127.1327851946
123900022,37.5066071049,127.1408739816
123900023,37.4859240011,127.1335563626
123900024,37.4831672798,127.1312223337
123900025,37.4812308340,127.1221457814
123900026,37.4835093905,127.1209227388
123900028,37.4857852983,127.1178396471
123900029,37.4863966370,127.1143350005
123900030,37.4861852124,127.1143068773
123900031,37.4854615630,127.1172087865
123900032,37.4839333746,127.1204231080
123900033,37.4801358940,127.1223531594
123900034,37.4834955431,127.1317656182
123900035,37.4856559756,127.1336281300
123900036,37.5044971537,127.1082077956
123900038,37.5117453632,127.1009963581
123900037,37.5043918616,127.1075771324
123900041,37.4853779376,127.1402122392
123900043,37.4847083381,127.1203282453
123900044,37.4856051778,127.1154762459
123900046,37.4856008742,127.1152698905
123900047,37.4855041652,127.1196511155
123900042,37.4851045404,127.1400480883
123900053,37.5108000421,127.1007138773
123900054,37.5101322868,127.0986613969
123900055,37.5089193339,127.0972742883
123900056,37.5035370000,127.0915360000
123900057,37.5039049824,127.0890344319
123900048,37.5083717341,127.0975648159
123900049,37.5098484849,127.0986440577
123900050,37.5105673984,127.1008816654
123900051,37.5165330000,127.1062240000
123000690,37.5120890000,127.1014580000
123000705,37.5181740000,127.1082700000
123000693,37.4791080000,127.1232450000
123000694,37.5205700000,127.1049510000
123000695,37.5204160000,127.1046770000
123000702,37.4792680000,127.1251190000
123000703,37.4842260000,127.1477330000
123000536,37.5173487678,127.1019710491
123000535,37.5195043439,127.1111728641
123000704,37.5124880000,127.1421350000
123000563,37.5107355359,127.1005887227
123000603,37.4773218515,127.1372888376
123000604,37.4766121113,127.1374571207
123000436,37.4707280000,127.1281440000
123000440,37.5119570000,127.0840600000
123000487,37.5111066459,127.0721954509
123000488,37.5106890000,127.0733530000
123000492,37.5126667117,127.0969963750
123000504,37.5114109026,127.0836048934
123000529,37.4912597976,127.1146566660
123000528,37.4941647715,127.1221696692
123000524,37.4944500949,127.1221914316
123000523,37.4916930000,127.1153360000
123000538,37.5161644017,127.1311811146
124000353,37.5164463191,127.1308620600
123000558,37.5011800665,127.1276490642
123000559,37.5006022549,127.1266415755
123000560,37.5060990899,127.1321672517
123000561,37.5066818144,127.1320893930
123000556,37.5115033761,127.1296714627
123000557,37.5110954671,127.1287692349
123000512,37.4775131709,127.1263689630
123000641,37.5125528466,127.1270390731
123000642,37.5154188520,127.1196010139
123000643,37.5170704843,127.1150080134
123000686,37.5339490000,127.1185500000
123000687,37.5350970000,127.1145290000
123000688,37.5042699797,127.1502360518
123000691,37.4970782334,127.1252211403
123000692,37.4971633542,127.1250226569
123000627,37.5078664119,127.1369121440
123000629,37.5082386325,127.1371835990
123000674,37.5307280713,127.1124924101
123000675,37.5298706007,127.1144039912
123000676,37.5289853588,127.1163442903
123000698,37.5165510000,127.0910660000
123000697,37.5164600000,127.0906550000
123000696,37.5157160000,127.0847680000
123000700,37.5156270000,127.0844030000
123000699,37.5164370000,127.0852410000
123000701,37.5113310000,127.0882130000
123000511,37.5150672672,127.0991375288
124000361,37.5461252651,127.1713598368
124000362,37.5457940987,127.1706308587
124000369,37.5421385963,127.1615969135
124000370,37.5418463392,127.1610838354
124000360,37.5367333585,127.1488398094
124000363,37.5362100889,127.1477890164
124000359,37.5342743542,127.1429328548
124000364,37.5338857280,127.1421047680
124000358,37.5345204402,127.1367996291
124000365,37.5347332654,127.1358552825
124000357,37.5359016775,127.1324489471
124000366,37.5361076979,127.1315158731
124000453,37.5376532944,127.1270521339
124000454,37.5379482005,127.1255385876
124000001,37.5640659626,127.1738851475
124000002,37.5641768855,127.1743327049
124000003,37.5611595214,127.1704714177
124000004,37.5613650000,127.1706960000
124000005,37.5591004280,127.1708038471
124000006,37.5597570000,127.1709890000
124000007,37.5563241348,127.1711473520
124000008,37.5560430000,127.1715610000
124000009,37.5534666908,127.1720516501
124000010,37.5533720000,127.1723730000
124000011,37.5516025716,127.1725023454
124000012,37.5518896600,127.1727253894
124000448,37.5499723005,127.1651954955
124000451,37.5499449340,127.1654359105
124000449,37.5473142929,127.1670055389
124000450,37.5473948164,127.1672436805
124000017,37.5370016433,127.1490315784
124000018,37.5361286235,127.1480886874
124000019,37.5350319702,127.1441944201
124000020,37.5346425877,127.1446715983
124000021,37.5341203242,127.1418251888
124000022,37.5336520000,127.1419270000
124000023,37.5344456779,127.1375233178
124000024,37.5341240126,127.1371820569
124000025,37.5362807584,127.1318584385
124000026,37.5360510195,127.1309700608
124000027,37.5377884776,127.1270212480
124000028,37.5372250644,127.1272890134
124000031,37.5572370526,127.1696338816
124000032,37.5568093436,127.1678730363
124000033,37.5565176079,127.1639451385
124000034,37.5563907851,127.1648526809
124000035,37.5561075345,127.1607018740
124000036,37.5557278909,127.1602719709
124000037,37.5556884118,127.1581417355
124000038,37.5555051376,127.1580919351
124000039,37.5553730790,127.1558492400
124000040,37.5550400000,127.1549970000
124000041,37.5548565699,127.1493253657
124000042,37.5545407237,127.1497180078
124000043,37.5547923189,127.1465848730
124000044,37.5546166466,127.1457517147
124000045,37.5548673708,127.1434373656
124000046,37.5546020000,127.1434680000
124000047,37.5548779586,127.1391936489
124000048,37.5545587211,127.1393191473
124000049,37.5548602212,127.1370263647
124000050,37.5546247899,127.1360922644
124000051,37.5548390685,127.1313639495
124000052,37.5546450000,127.1313450000
124000053,37.5533800000,127.1285570000
124000054,37.5532319019,127.1288157342
124000055,37.5506992115,127.1275580607
124000056,37.5496007079,127.1275282640
124000057,37.5459692284,127.1259116562
124000058,37.5460717587,127.1262318717
124000059,37.5429700000,127.1247890000
124000060,37.5420613974,127.1248560450
124000061,37.5403483565,127.1239224390
124000062,37.5399531076,127.1240057241
124000063,37.5359730760,127.1227694856
124000064,37.5321522885,127.1213543415
124000065,37.5573380664,127.1651251793
124000066,37.5571801903,127.1654238958
124000067,37.5601690000,127.1653910000
124000068,37.5600425618,127.1656449814
124000069,37.5603785827,127.1627959400
124000070,37.5602581374,127.1628838541
124000071,37.5605856361,127.1576291349
124000072,37.5604492511,127.1565150315
124000073,37.5597406341,127.1540688553
124000074,37.5593688285,127.1537814711
124000075,37.5582427163,127.1487291657
124000076,37.5584235613,127.1488761534
124000077,37.5545494691,127.1567607504
124000078,37.5523444556,127.1561087396
124000079,37.5510654125,127.1564472994
124000080,37.5480570000,127.1558720000
124000081,37.5480044986,127.1562768170
124000082,37.5390398810,127.1525922642
124000083,37.5391799069,127.1530135068
124000084,37.5319956052,127.1496220180
124000085,37.5309860000,127.1496360000
124000086,37.5176144108,127.1433323234
124000087,37.5189585979,127.1400431567
124000088,37.5224763077,127.1320753742
124000089,37.5289127518,127.1435151543
124000090,37.5298798550,127.1428079276
124000091,37.5323253058,127.1416379400
124000092,37.5325058105,127.1413837195
124000093,37.5484260207,127.1490720660
124000094,37.5483514975,127.1493031571
124000095,37.5444066925,127.1479777593
124000096,37.5443906590,127.1481898961
124000097,37.5413040547,127.1471322012
124000098,37.5413876109,127.1473292706
124000437,37.5600300000,127.1817850000
124000438,37.5619034578,127.1814005840
124000462,37.5674940000,127.1791900000
124000440,37.5642500000,127.1801300000
124000099,37.5264562493,127.1452995611
124000100,37.5262975611,127.1453852609
124000470,37.5565700000,127.1345870000
124000471,37.5565460000,127.1330340000
124000472,37.5573100000,127.1387160000
124000473,37.5571100000,127.1372120000
124000101,37.5303537171,127.1312576314
124000102,37.5302518225,127.1309512282
124000103,37.5312551320,127.1280340549
124000104,37.5310374848,127.1281257543
124000105,37.5319215281,127.1255463243
124000106,37.5315856264,127.1261519928
124000107,37.5329248061,127.1220776578
124000108,37.5327031853,127.1222823858
124000109,37.5409643096,127.1427532477
124000110,37.5407331310,127.1431647199
124000111,37.5411335464,127.1398826123
124000112,37.5409317609,127.1400389837
124000113,37.5404236471,127.1366640780
124000114,37.5404370000,127.1369480000
124000115,37.5374580000,127.1355000000
124000116,37.5373426452,127.1352326667
124000117,37.5341470568,127.1339143218
124000118,37.5344721128,127.1337616896
124000119,37.5247728157,127.1291706243
124000120,37.5249590467,127.1294413478
124000121,37.5518873966,127.1442239125
124000122,37.5521499237,127.1439708949
124000123,37.5500246088,127.1436702830
124000124,37.5503142792,127.1440658281
124000125,37.5479101562,127.1433278350
124000126,37.5472655932,127.1435586050
124000127,37.5434576822,127.1419714912
124000128,37.5429790193,127.1421222263
124000129,37.5379724338,127.1399400757
124000130,37.5373136521,127.1400078708
124000131,37.5355253414,127.1389352122
124000132,37.5354364620,127.1393639919
124000133,37.5313641488,127.1373320955
124000134,37.5297190000,127.1371860000
124000135,37.5282558591,127.1361248068
124000136,37.5275280000,127.1364440000
124000137,37.5247960000,127.1349100000
124000138,37.5244872348,127.1353304596
124000139,37.5509164233,127.1712887597
124000140,37.5508461790,127.1721418273
124000141,37.5504652771,127.1681684889
124000142,37.5502885957,127.1682562999
124000143,37.5506341451,127.1646290433
124000144,37.5504539450,127.1647425084
124000145,37.5502212128,127.1603416661
124000146,37.5502623446,127.1606808361
124000148,37.5492276384,127.1567382863
124000149,37.5492766686,127.1532127307
124000150,37.5490766847,127.1556548346
124000151,37.5492742341,127.1516086272
124000152,37.5491249477,127.1520920996
124000153,37.5494552042,127.1484178305
124000154,37.5491493481,127.1488528373
124000155,37.5504780577,127.1462720633
124000156,37.5501976117,127.1463681139
124000474,37.5584530000,127.1430430000
124000475,37.5586000000,127.1430340000
124000476,37.5618120000,127.1503880000
124000477,37.5620876642,127.1514603982
124000478,37.5622840097,127.1540143466
124000479,37.5624600000,127.1538990000
124000480,37.5623265330,127.1686082459
124000481,37.5624160000,127.1695490000
124000484,37.5249080000,127.1409550000
124000485,37.5241840000,127.1409000000
124000486,37.5204230000,127.1392610000
124000487,37.5200630000,127.1392670000
124000169,37.5302045345,127.1225423765
124000170,37.5299251982,127.1225673748
124000171,37.5288274095,127.1254928964
124000172,37.5285596644,127.1254230190
124000173,37.5273514477,127.1286297229
124000174,37.5272203296,127.1285588725
124000175,37.5552000891,127.1490836595
124000176,37.5550804924,127.1488864800
124000177,37.5549528287,127.1523212670
124000178,37.5545613021,127.1518429396
124000498,37.5639650000,127.1608450000
124000497,37.5637450000,127.1607360000
124000496,37.5657410000,127.1593770000
124000501,37.5660050000,127.1579050000
124000183,37.5457877308,127.1675513160
124000184,37.5455480066,127.1675745452
124000185,37.5459774785,127.1633225482
124000186,37.5457576125,127.1636849642
124000187,37.5454598980,127.1591117744
124000188,37.5456169539,127.1595703997
124000502,37.5656360000,127.1576650000
124000190,37.5279919512,127.1480518756
124000191,37.5272087335,127.1480767090
124000503,37.5639230000,127.1568080000
124000504,37.5637750000,127.1571250000
124000505,37.5612950000,127.1476480000
124000506,37.5605450000,127.1461610000
124000192,37.5486425295,127.1730829007
124000193,37.5494046152,127.1732465045
124000194,37.5399553721,127.1410120284
124000195,37.5399404705,127.1406623307
124000196,37.5291461005,127.1201139304
124000197,37.5326925318,127.1332543151
124000198,37.5322659606,127.1327670107
124000444,37.5219004141,127.1456203728
124000429,37.5638687832,127.1755232692
124000201,37.5660150000,127.1739290000
124000202,37.5657160096,127.1738750475
124000203,37.5684410000,127.1765560000
124000204,37.5686218353,127.1765456511
124000205,37.5650670000,127.1779180000
124000206,37.5647110133,127.1784008104
124000207,37.5628090509,127.1762366740
124000209,37.5650950000,127.1757520000
124000210,37.5658737494,127.1768636035
124000341,37.5595533554,127.1794626974
124000329,37.5595583711,127.1797196537
124000445,37.5295979733,127.1486791218
124000446,37.5293227470,127.1489407046
124000211,37.5622718862,127.1777180853
124000212,37.5626480000,127.1779670000
124000213,37.5665600000,127.1773740000
124000214,37.5671237160,127.1774839621
124000215,37.5670368114,127.1733008447
124000216,37.5682070000,127.1744080000
124000447,37.5555576760,127.1657708619
124000338,37.5616924212,127.1801379400
124000339,37.5617162120,127.1799002887
124000344,37.5642510000,127.1746270000
124000368,37.5572580000,127.1737810000
124000367,37.5570976195,127.1741238123
124000402,37.5568389632,127.1730237586
124000403,37.5540437436,127.1737828521
124000404,37.5538259097,127.1733353217
124000407,37.5568348591,127.1733644426
124000405,37.5456947510,127.1427891583
124000406,37.5456120000,127.1430630000
124000413,37.5499109397,127.1749558290
124000428,37.5498684022,127.1747803242
124000412,37.5512572809,127.1738483769
124000411,37.5510707551,127.1738479436
124000418,37.5415666821,127.1367999069
124000419,37.5419296212,127.1362376583
124000420,37.5440853630,127.1341268185
124000421,37.5438916969,127.1340840381
124000414,37.5446006791,127.1323090477
124000415,37.5445369862,127.1312462814
124000417,37.5451182045,127.1290082846
124000416,37.5449352859,127.1290018939
124000427,37.5513420000,127.1653860000
124000426,37.5516490000,127.1651460000
124000425,37.5529140000,127.1653310000
124000424,37.5539659708,127.1650716662
124000423,37.5253053335,127.1258610776
124000422,37.5270802060,127.1218418512
124000431,37.5562272083,127.1448067818
124000430,37.5577139082,127.1447615587
124000432,37.5569077643,127.1445591127
124000452,37.5392936965,127.1222319467
124000457,37.5706447521,127.1721319634
124000456,37.5704941000,127.1719505031
124000458,37.5720993671,127.1740030851
124000459,37.5724769381,127.1746743791
124000460,37.5729462716,127.1770529573
124000461,37.5576403005,127.1770155430
124000467,37.5560066980,127.1794170581
124000468,37.5562680000,127.1797260000
124000466,37.5534780000,127.1797480000
124000465,37.5535886810,127.1798392415
124000464,37.5512590584,127.1816669472
124000463,37.5513716529,127.1817343335
124000469,37.5579262075,127.1773710900
124900026,37.5765373836,127.1689220104
124900024,37.5400880474,127.1467529825
124900102,37.5390026354,127.1464238219
124900022,37.5680002929,127.1727484509
124900100,37.5363256639,127.1455450213
124900106,37.5343756009,127.1449229185
124900062,37.5650288184,127.1779895218
124900021,37.5316854362,127.1437301419
124900020,37.5300877341,127.1430346175
124900119,37.5581605018,127.1514653520
124900121,37.5553179348,127.1531515358
124900123,37.5527390000,127.1527170000
124900107,37.5274519170,127.1416277447
124900017,37.5570366996,127.1679754044
124900016,37.5281885341,127.1389985407
124900124,37.5527410000,127.1532330000
124900072,37.5612429559,127.1705201240
124900015,37.5285980000,127.1376310000
124900122,37.5557410000,127.1532870000
124900120,37.5582760602,127.1517169476
124900096,37.5290164166,127.1360979027
124900097,37.5295051666,127.1342126479
124900014,37.5607702765,127.1610298468
124900093,37.5303284009,127.1313345271
124900116,37.5290882264,127.1436965040
124900094,37.5311925076,127.1280943379
124900013,37.5605725168,127.1559730955
124900090,37.5318998345,127.1256096517
124900118,37.5277928417,127.1475093780
124900095,37.5328991827,127.1221432471
124900012,37.5593193510,127.1516273450
124900117,37.5290320000,127.1444600000
124900011,37.5574978845,127.1445857174
124900010,37.5561042049,127.1444776533
124900009,37.5537289168,127.1441672987
124900068,37.5520472158,127.1439571157
124900008,37.5507648497,127.1433061388
124900006,37.5505952077,127.1397441084
124900005,37.5327089263,127.1222640082
124900004,37.5500706967,127.1375044877
124900091,37.5316500000,127.1261830000
124900003,37.5480835452,127.1353709023
124900092,37.5310582873,127.1280545065
124900002,37.5301455577,127.1312629240
124900001,37.5426653669,127.1312860033
124900098,37.5294985648,127.1336774558
124900099,37.5288209974,127.1359945857
124900086,37.5405648810,127.1271982797
124900075,37.5476342620,127.1334687776
124900028,37.5285620000,127.1372310000
124000508,37.5277740000,127.1401280000
124900029,37.5490807055,127.1300715640
124900030,37.5271060000,127.1425880000
124900076,37.5498330000,127.1283790000
124900085,37.5377527162,127.1270531861
124900032,37.5506330065,127.1278571069
124900142,37.5305110000,127.1433540000
124900077,37.5535201618,127.1288699863
124900033,37.5317806918,127.1439441771
124900087,37.5408597005,127.1253621434
124900034,37.5553820000,127.1295690000
124900035,37.5343357062,127.1450862778
124900088,37.5404780000,127.1268330000
124900036,37.5576707890,127.1304452986
124900037,37.5364235286,127.1458326287
124900038,37.5406526302,127.1293711544
124900039,37.5593681789,127.1311704207
124900103,37.5387294931,127.1465126841
124900082,37.5429343454,127.1316893468
124900040,37.5637530540,127.1330896356
124900104,37.5403287195,127.1469372022
124900042,37.5593289013,127.1308364383
124900043,37.5484091555,127.1358971506
124900044,37.5572645099,127.1300088207
124000482,37.5604480000,127.1560370000
124900080,37.5499147893,127.1375200461
124900078,37.5550594945,127.1291908257
124000483,37.5605000000,127.1575540000
124900083,37.5503787701,127.1391291506
124000488,37.5636450000,127.1702160000
124900079,37.5509557782,127.1277593685
124000433,37.5490912160,127.1556458569
124000489,37.5635820000,127.1700170000
124000490,37.5659460000,127.1647560000
124000491,37.5656960000,127.1651330000
124000492,37.5671180000,127.1604610000
124000493,37.5671300000,127.1609060000
124000494,37.5666490000,127.1587360000
124900138,37.5653235039,127.1599406710
124900139,37.5578351260,127.1565213227
124900140,37.5563795973,127.1568206916
124900141,37.5597870000,127.1569660000
124000499,37.5620610000,127.1567540000
124000500,37.5622900000,127.1570980000
124000232,37.5408398008,127.1254334028
124000233,37.5314072721,127.1218466271
124000495,37.5669660000,127.1587780000
124000507,37.5598090000,127.1566720000
124000236,37.5430435328,127.1315503441
124000237,37.5429766501,127.1317312927
124000241,37.5500020014,127.1376865764
124000258,37.5506458538,127.1426910953
124000259,37.5507022382,127.1429223457
124000265,37.5480704660,127.1353378591
124000434,37.5484001176,127.1359045267
124000268,37.5501947428,127.1377661550
124000269,37.5464912979,127.1342128515
124000272,37.5405825715,127.1291639456
124000273,37.5458969151,127.1336463101
124000274,37.5408760000,127.1294160000
124900089,37.5496990461,127.1282504974
124900047,37.5533715950,127.1443598929
124900048,37.5488715672,127.1301481597
124900133,37.5463048142,127.1485399627
124900134,37.5461581277,127.1487789938
124900135,37.5269440000,127.1435810000
124900136,37.5266617041,127.1441698227
124900137,37.5279111948,127.1475394189
124000356,37.5457731057,127.1714624550
124000349,37.5361286235,127.1480886874
124000352,37.5318061667,127.1212543730
124000351,37.5372846491,127.1270546134
124000350,37.5342003662,127.1369885559
124000348,37.5464267780,127.1715811881
124000347,37.5370801291,127.1491230217
124000346,37.5346642621,127.1370912321
124000345,37.5377273648,127.1272955246
123000533,37.5311797152,127.1205586271
124000355,37.5275260000,127.1364610000
124000354,37.5273900660,127.1358928730
124900050,37.5475443585,127.1332864085
124900112,37.5592945402,127.1479430795
124900052,37.5587067757,127.1505497145
124900053,37.5606230267,127.1606412781
124900054,37.5568896432,127.1684277760
124900055,37.5670276893,127.1733772273
124900066,37.5639305134,127.1754976862
124900057,37.5680965321,127.1728698017
124900111,37.5765642585,127.1690128239
124900127,37.5737736537,127.1719948336
124900129,37.5730121616,127.1766738940
124900130,37.5725963295,127.1761086097
124900128,37.5741500000,127.1728000000
124000398,37.5454038956,127.1430234065
124000399,37.5455889387,127.1427436931
124000435,37.5541445883,127.1441906691
124000436,37.5533715950,127.1443598929
124900108,37.5535965380,127.1286195152
124000335,37.5405557883,127.1272740832
124000334,37.5503857320,127.1393385419
124000333,37.5506426076,127.1400463819
124000332,37.5336302630,127.1235961820
124000331,37.5361549340,127.1254968434
124000330,37.5403430618,127.1273370925
